id,bank_account_id,transaction_date,description,amount,balance_after,transaction_type,reference,source_module,source_id,is_reconciled
a2e117e4-9560-41e1-8369-84126bb920e8,81737c46-49c1-4d08-ab34-6aa27c1d423f,2023-07-06,Payroll - net wages,-25035.75,-25035.75,withdrawal,c742504b-e3df-4f07-9f8b-a6b5c1f2a57e,payroll,c742504b-e3df-4f07-9f8b-a6b5c1f2a57e,False
7d8988f9-2516-44a5-b62d-4eddb7a522c4,81737c46-49c1-4d08-ab34-6aa27c1d423f,2023-07-12,Customer payment received,970.35,-24065.40,deposit,0d7a9827-b0fc-4ff2-a846-ffe9c66d23a1,sales,0d7a9827-b0fc-4ff2-a846-ffe9c66d23a1,False
a0d1f436-5ec1-4159-9529-3502844fc364,81737c46-49c1-4d08-ab34-6aa27c1d423f,2023-07-13,Customer payment received,2698.14,-21367.26,deposit,76536733-73ca-47d3-a83e-0fc066332fd7,sales,76536733-73ca-47d3-a83e-0fc066332fd7,False
a3b8ae37-b104-453e-bf35-6a32da721b98,81737c46-49c1-4d08-ab34-6aa27c1d423f,2023-07-14,Customer payment received,506.51,-20860.75,deposit,7cc9a607-939d-43d5-8d01-e6e0e53248ff,sales,7cc9a607-939d-43d5-8d01-e6e0e53248ff,False
343a71d1-f02e-4a2e-81e9-d86cf57c31f7,81737c46-49c1-4d08-ab34-6aa27c1d423f,2023-07-14,Customer payment received,4821.02,-16039.73,deposit,3e99f505-70ba-4f09-bd35-c82014fe206a,sales,3e99f505-70ba-4f09-bd35-c82014fe206a,False
8677e5bb-8f3b-463c-841b-2183afb9f38e,81737c46-49c1-4d08-ab34-6aa27c1d423f,2023-07-18,Customer payment received,3793.91,-12245.82,deposit,bb311957-d846-4e9d-885a-cf1e61622bf8,sales,bb311957-d846-4e9d-885a-cf1e61622bf8,False
d9a55813-db73-4a21-b815-75d9a000b5b5,81737c46-49c1-4d08-ab34-6aa27c1d423f,2023-07-18,Supplier payment,-3611.04,-15856.86,withdrawal,5396ea8c-d796-403c-8af6-2e934713e7a9,purchasing,5396ea8c-d796-403c-8af6-2e934713e7a9,False
0473b8ba-6a74-4305-90c8-f9302aff1a0a,81737c46-49c1-4d08-ab34-6aa27c1d423f,2023-07-20,Payroll - net wages,-24819.39,-40676.25,withdrawal,46f0c1a7-6d76-409e-beaf-831824647c07,payroll,46f0c1a7-6d76-409e-beaf-831824647c07,False
044970a1-9105-497d-ba2e-f20f70465cc2,81737c46-49c1-4d08-ab34-6aa27c1d423f,2023-07-20,Customer payment received,2630.74,-38045.51,deposit,16165b15-26a1-4c53-8bb7-f08ce64d8acf,sales,16165b15-26a1-4c53-8bb7-f08ce64d8acf,False
aca73518-6ffd-415d-8a91-3cb85dc00134,81737c46-49c1-4d08-ab34-6aa27c1d423f,2023-07-20,Customer payment received,5463.78,-32581.73,deposit,8867db39-63f7-4340-aac3-79facfcbdd0d,sales,8867db39-63f7-4340-aac3-79facfcbdd0d,False
acfcc99d-b8d7-482c-a165-3e1d528e7a66,81737c46-49c1-4d08-ab34-6aa27c1d423f,2023-07-20,Customer payment received,1377.24,-31204.49,deposit,0ca9522c-70f8-4831-8b24-6973d5f39e94,sales,0ca9522c-70f8-4831-8b24-6973d5f39e94,False
67a9d2aa-2cb8-4266-8ce6-5c53a7295666,81737c46-49c1-4d08-ab34-6aa27c1d423f,2023-07-20,Supplier payment,-1047.22,-32251.71,withdrawal,3189f7b6-ce31-4c56-b61c-a947617c0e8f,purchasing,3189f7b6-ce31-4c56-b61c-a947617c0e8f,False
a35c2696-e0c7-4ec8-b760-c15a2c0b818a,81737c46-49c1-4d08-ab34-6aa27c1d423f,2023-07-21,Customer payment received,3791.96,-28459.75,deposit,50292e02-535e-4212-ae6f-eef841b95022,sales,50292e02-535e-4212-ae6f-eef841b95022,False
a3eb090e-4d42-492d-9f68-46a07ba65f7c,81737c46-49c1-4d08-ab34-6aa27c1d423f,2023-07-24,Customer payment received,110.53,-28349.22,deposit,0a7e1f48-0ec3-40cc-b014-f29228e9e1e8,sales,0a7e1f48-0ec3-40cc-b014-f29228e9e1e8,False
6d9b2064-3d3f-4af3-bf3c-6846a276e9c6,81737c46-49c1-4d08-ab34-6aa27c1d423f,2023-07-24,Customer payment received,2088.67,-26260.55,deposit,a647b740-33b8-4c21-bd8f-cc42cfced77c,sales,a647b740-33b8-4c21-bd8f-cc42cfced77c,False
b0b67fce-d972-48e3-8dcf-c61adb552d51,81737c46-49c1-4d08-ab34-6aa27c1d423f,2023-07-25,Supplier payment,-2233.17,-28493.72,withdrawal,d931c503-e556-4aed-897a-7b5e3d7c6507,purchasing,d931c503-e556-4aed-897a-7b5e3d7c6507,False
63e3e387-de62-4f97-9b41-173778947000,81737c46-49c1-4d08-ab34-6aa27c1d423f,2023-07-26,Customer payment received,627.63,-27866.09,deposit,1bb7351a-9cd0-48f1-b390-5e6d33bb9c99,sales,1bb7351a-9cd0-48f1-b390-5e6d33bb9c99,False
73025fea-b54f-4477-82e5-aa797c5fe33b,81737c46-49c1-4d08-ab34-6aa27c1d423f,2023-07-27,Customer payment received,2530.53,-25335.56,deposit,5c380b55-364c-49ff-81ab-49c5f7e9fb04,sales,5c380b55-364c-49ff-81ab-49c5f7e9fb04,False
b7f337ff-c336-41c3-9128-0046945646be,81737c46-49c1-4d08-ab34-6aa27c1d423f,2023-07-28,Customer payment received,1730.70,-23604.86,deposit,08199abc-fc46-4cfc-bd45-7da21626f4b0,sales,08199abc-fc46-4cfc-bd45-7da21626f4b0,False
7bc97d49-e2bb-4562-86fa-1ec40f5bbd95,81737c46-49c1-4d08-ab34-6aa27c1d423f,2023-07-31,Customer payment received,212.07,-23392.79,deposit,6de2c911-4a69-4b93-8dd9-b6df30fc6398,sales,6de2c911-4a69-4b93-8dd9-b6df30fc6398,False
7a04a844-1367-4a7b-ad30-3e3b75cc45b2,81737c46-49c1-4d08-ab34-6aa27c1d423f,2023-07-31,Customer payment received,1315.25,-22077.54,deposit,ec6762ba-e582-4fb7-8bbd-2f6169cddcf2,sales,ec6762ba-e582-4fb7-8bbd-2f6169cddcf2,False
8e8322df-76d8-4578-83e5-aa29fe45c1f6,81737c46-49c1-4d08-ab34-6aa27c1d423f,2023-07-31,Monthly account fee,-21.76,-22099.30,fee,,banking,,False
07b320e6-8fa1-4c22-96b7-58a1f25a8874,81737c46-49c1-4d08-ab34-6aa27c1d423f,2023-08-01,Customer payment received,1890.57,-20208.73,deposit,4baa6bc7-deee-46a7-874c-b6f10e730bb7,sales,4baa6bc7-deee-46a7-874c-b6f10e730bb7,False
d9802f26-4db4-4fb1-a459-1b862329dbd8,81737c46-49c1-4d08-ab34-6aa27c1d423f,2023-08-01,Customer payment received,4973.86,-15234.87,deposit,5e520973-ac4a-4985-990a-8f358edfb28e,sales,5e520973-ac4a-4985-990a-8f358edfb28e,False
50b29d7b-361a-47d2-8933-571f9d5e7230,81737c46-49c1-4d08-ab34-6aa27c1d423f,2023-08-02,Customer payment received,1267.56,-13967.31,deposit,24f88566-ad58-46b8-9550-6386adbf48fc,sales,24f88566-ad58-46b8-9550-6386adbf48fc,False
1efc4ca9-4cd4-4381-9233-35d7ea359199,81737c46-49c1-4d08-ab34-6aa27c1d423f,2023-08-03,Payroll - net wages,-24819.39,-38786.70,withdrawal,88a12e77-2b19-403f-ba9c-42342bf774ed,payroll,88a12e77-2b19-403f-ba9c-42342bf774ed,False
84fc663c-398e-4e66-a11a-ba15a0b2a6d9,81737c46-49c1-4d08-ab34-6aa27c1d423f,2023-08-03,Customer payment received,2645.94,-36140.76,deposit,737a3c61-dbbd-4b8d-9e19-9683fba34a3f,sales,737a3c61-dbbd-4b8d-9e19-9683fba34a3f,False
c4a9bfa2-4430-43bd-b6bc-ad7aa810a049,81737c46-49c1-4d08-ab34-6aa27c1d423f,2023-08-03,Customer payment received,459.64,-35681.12,deposit,9d093977-cbc4-4615-9286-af7d78d77c61,sales,9d093977-cbc4-4615-9286-af7d78d77c61,False
a54c3e26-7095-4fd4-85a9-3541fb5619ea,81737c46-49c1-4d08-ab34-6aa27c1d423f,2023-08-04,Customer payment received,2421.74,-33259.38,deposit,96204ffd-863e-444c-8a3b-ec64ca54d3d3,sales,96204ffd-863e-444c-8a3b-ec64ca54d3d3,False
70cb9f07-ad85-4c3f-90d1-09a218fbd93d,81737c46-49c1-4d08-ab34-6aa27c1d423f,2023-08-04,Customer payment received,2102.34,-31157.04,deposit,9a672150-588f-4e54-b2a4-1610a35abd45,sales,9a672150-588f-4e54-b2a4-1610a35abd45,False
db6bed3f-1f12-4d15-b559-cb30ed138b91,81737c46-49c1-4d08-ab34-6aa27c1d423f,2023-08-04,Supplier payment,-3611.04,-34768.08,withdrawal,d6a271e2-552b-4fe9-a1c8-0adfe3626143,purchasing,d6a271e2-552b-4fe9-a1c8-0adfe3626143,False
dbc5d15a-e87d-42ac-9ec8-8454a682cd9c,81737c46-49c1-4d08-ab34-6aa27c1d423f,2023-08-07,Customer payment received,541.28,-34226.80,deposit,93b848e2-6464-4ec4-b3b1-306e0b2692c7,sales,93b848e2-6464-4ec4-b3b1-306e0b2692c7,False
28147ee9-f2d3-4fe5-b93e-f876cd76f6e5,81737c46-49c1-4d08-ab34-6aa27c1d423f,2023-08-07,Customer payment received,405.02,-33821.78,deposit,b0ee74e2-e322-4748-b984-46917069a4ab,sales,b0ee74e2-e322-4748-b984-46917069a4ab,False
0e329aa4-0424-4fc3-96fd-ec96733f7b78,81737c46-49c1-4d08-ab34-6aa27c1d423f,2025-06-30,Monthly account fee,-13.00,2205016.26,fee,,banking,,False
c572e7fc-e5f2-4828-907e-8d2656c4193f,81737c46-49c1-4d08-ab34-6aa27c1d423f,2023-08-07,Supplier payment,-422.14,-34243.92,withdrawal,93956920-82df-4682-b686-601953d6e50a,purchasing,93956920-82df-4682-b686-601953d6e50a,False
afc6b412-2e19-4cfe-b551-c9e36ccb949b,81737c46-49c1-4d08-ab34-6aa27c1d423f,2023-08-08,Supplier payment,-2986.04,-37229.96,withdrawal,08b754c7-1123-49c4-adf5-ae7caa7d22e3,purchasing,08b754c7-1123-49c4-adf5-ae7caa7d22e3,False
2d7c81a1-3966-4437-888e-ea86e4ea1ad6,81737c46-49c1-4d08-ab34-6aa27c1d423f,2023-08-09,Customer payment received,1598.46,-35631.50,deposit,3bd9c654-54b7-4bc8-866a-d9b3839799eb,sales,3bd9c654-54b7-4bc8-866a-d9b3839799eb,False
22d2a8d2-9096-46ed-92df-9f7a94826e2a,81737c46-49c1-4d08-ab34-6aa27c1d423f,2023-08-09,Customer payment received,1230.24,-34401.26,deposit,3348ea26-d5f4-4619-9907-7682cd872219,sales,3348ea26-d5f4-4619-9907-7682cd872219,False
5df98be1-a1db-4aad-be5c-ce4a08ad77da,81737c46-49c1-4d08-ab34-6aa27c1d423f,2023-08-10,Customer payment received,1780.25,-32621.01,deposit,357298f5-d96f-48a2-bafc-1c281e790bed,sales,357298f5-d96f-48a2-bafc-1c281e790bed,False
3c43ce71-f734-42a6-9b52-3adf029d6a2b,81737c46-49c1-4d08-ab34-6aa27c1d423f,2023-08-10,Customer payment received,1584.62,-31036.39,deposit,0280b008-4e11-4f02-b408-09f03cddb856,sales,0280b008-4e11-4f02-b408-09f03cddb856,False
5c652d03-b8a5-4a52-8bf6-7bd4bad6d733,81737c46-49c1-4d08-ab34-6aa27c1d423f,2023-08-11,Customer payment received,483.56,-30552.83,deposit,4c545cb4-cd2f-43c8-8a96-e5c10aac53a6,sales,4c545cb4-cd2f-43c8-8a96-e5c10aac53a6,False
a65a02ea-de19-4e7b-a1e1-ff482796dc45,81737c46-49c1-4d08-ab34-6aa27c1d423f,2023-08-11,Supplier payment,-2562.47,-33115.30,withdrawal,6076974e-d387-416c-8b55-b58742e729de,purchasing,6076974e-d387-416c-8b55-b58742e729de,False
c8f3bca7-41f8-4585-a118-5e0ed4c345cb,81737c46-49c1-4d08-ab34-6aa27c1d423f,2023-08-14,Customer payment received,2348.32,-30766.98,deposit,42708f2c-8675-4383-a804-1a91a270354c,sales,42708f2c-8675-4383-a804-1a91a270354c,False
dddd1167-04c6-4375-89a3-e9aad2976224,81737c46-49c1-4d08-ab34-6aa27c1d423f,2023-08-14,Supplier payment,-1047.22,-31814.20,withdrawal,7c89eb00-09f7-4fac-8584-b6939459806c,purchasing,7c89eb00-09f7-4fac-8584-b6939459806c,False
fc48b095-2a0f-4d74-92c2-a7c1d10c2cb3,81737c46-49c1-4d08-ab34-6aa27c1d423f,2023-08-15,Customer payment received,1993.30,-29820.90,deposit,62a9cdda-9de9-4554-8919-c8934fe34adf,sales,62a9cdda-9de9-4554-8919-c8934fe34adf,False
c7326351-a1b1-4f02-8246-2fb8d2896fcf,81737c46-49c1-4d08-ab34-6aa27c1d423f,2023-08-15,Customer payment received,162.02,-29658.88,deposit,6b7f53ef-b407-4d29-b9a6-31bd69a84242,sales,6b7f53ef-b407-4d29-b9a6-31bd69a84242,False
21be93da-6410-486e-b185-88fba5a6eede,81737c46-49c1-4d08-ab34-6aa27c1d423f,2023-08-15,Supplier payment,-2004.29,-31663.17,withdrawal,885337d5-0b2d-4d37-907a-fce0927f4643,purchasing,885337d5-0b2d-4d37-907a-fce0927f4643,False
088e811d-6189-4041-b2d7-db3cca2fac04,81737c46-49c1-4d08-ab34-6aa27c1d423f,2023-08-16,Customer payment received,1959.69,-29703.48,deposit,b6add27e-26ba-4c3f-b862-72fe332e97f8,sales,b6add27e-26ba-4c3f-b862-72fe332e97f8,False
86a0c9dc-dd3d-4cb8-899b-500e33b6d5e2,81737c46-49c1-4d08-ab34-6aa27c1d423f,2023-08-16,Customer payment received,4627.41,-25076.07,deposit,a5d088a0-4827-4f05-9706-fa13d33052d1,sales,a5d088a0-4827-4f05-9706-fa13d33052d1,False
372f7227-2211-49af-81a8-c6f65f62e657,81737c46-49c1-4d08-ab34-6aa27c1d423f,2023-08-16,Supplier payment,-2986.04,-28062.11,withdrawal,50f18c82-0df7-4228-a8c0-2b20b054b25d,purchasing,50f18c82-0df7-4228-a8c0-2b20b054b25d,False
fce980f2-3c8e-4676-a60e-aed346ee154b,81737c46-49c1-4d08-ab34-6aa27c1d423f,2023-08-17,Payroll - net wages,-24819.39,-52881.50,withdrawal,dac1cbb3-47c9-45b7-baac-82f6f9cb28ed,payroll,dac1cbb3-47c9-45b7-baac-82f6f9cb28ed,False
98b180d3-cdc4-4d48-8baa-b025d2b48ae6,81737c46-49c1-4d08-ab34-6aa27c1d423f,2023-08-17,Customer payment received,5497.63,-47383.87,deposit,472810a8-5a77-48a3-895d-f69e2c5d5ff3,sales,472810a8-5a77-48a3-895d-f69e2c5d5ff3,False
2c77237e-35a8-408e-87cf-afc9fc54f8b8,81737c46-49c1-4d08-ab34-6aa27c1d423f,2023-08-18,Customer payment received,2583.25,-44800.62,deposit,ed591bfc-a3b2-43e3-8f3b-578d864e6dd7,sales,ed591bfc-a3b2-43e3-8f3b-578d864e6dd7,False
2967662c-cb86-4db6-9b93-bb5a03cd2f92,81737c46-49c1-4d08-ab34-6aa27c1d423f,2023-08-18,Customer payment received,2922.29,-41878.33,deposit,a5cb8b5e-7c1a-4f09-9ecc-ec90fc7e5839,sales,a5cb8b5e-7c1a-4f09-9ecc-ec90fc7e5839,False
3f8a858d-4d8f-4f5f-88a8-2bbc32977e00,81737c46-49c1-4d08-ab34-6aa27c1d423f,2023-08-21,Customer payment received,5954.60,-35923.73,deposit,73bb4a5c-1d0e-440c-8809-f24f9f58862e,sales,73bb4a5c-1d0e-440c-8809-f24f9f58862e,False
703cff27-be4d-46b0-8dd1-2e1f88c5d4af,81737c46-49c1-4d08-ab34-6aa27c1d423f,2023-08-21,Customer payment received,1800.96,-34122.77,deposit,415057bf-3798-4c4c-90ef-be1bbf2995e9,sales,415057bf-3798-4c4c-90ef-be1bbf2995e9,False
5daf31c0-140c-48ac-a409-e5c7a34884e1,81737c46-49c1-4d08-ab34-6aa27c1d423f,2023-08-21,Supplier payment,-1334.96,-35457.73,withdrawal,60308249-b301-4fae-845b-0ee9955c6904,purchasing,60308249-b301-4fae-845b-0ee9955c6904,False
623c7ed9-c0cc-4289-9524-17df8f764abd,81737c46-49c1-4d08-ab34-6aa27c1d423f,2023-08-23,Customer payment received,2142.78,-33314.95,deposit,8fb9538f-9c9c-4f1a-8495-58f7d545e9f7,sales,8fb9538f-9c9c-4f1a-8495-58f7d545e9f7,False
3940c6f7-4148-455f-91e4-df8794fdff57,81737c46-49c1-4d08-ab34-6aa27c1d423f,2023-08-23,Customer payment received,693.59,-32621.36,deposit,3dba5ce6-476f-4cd7-87e1-47de754e8643,sales,3dba5ce6-476f-4cd7-87e1-47de754e8643,False
171114e3-53cf-4b5e-bbd1-60f522e2b9a3,81737c46-49c1-4d08-ab34-6aa27c1d423f,2023-08-24,Customer payment received,1883.91,-30737.45,deposit,b6d826a5-0b0d-43b6-a1a6-377e29be91a1,sales,b6d826a5-0b0d-43b6-a1a6-377e29be91a1,False
f9baadbe-f518-4714-b404-57c941df8347,81737c46-49c1-4d08-ab34-6aa27c1d423f,2023-08-24,Customer payment received,385.61,-30351.84,deposit,352cd97f-70b2-421f-a3c9-83aa7ccc4667,sales,352cd97f-70b2-421f-a3c9-83aa7ccc4667,False
c4ea20f3-d070-4706-967a-e03570871d44,81737c46-49c1-4d08-ab34-6aa27c1d423f,2023-08-24,Customer payment received,515.98,-29835.86,deposit,9bbc31e3-8439-48cb-b11a-902bd0915608,sales,9bbc31e3-8439-48cb-b11a-902bd0915608,False
1d26f4d6-df5a-4e6e-8dfd-767943032702,81737c46-49c1-4d08-ab34-6aa27c1d423f,2023-08-24,Supplier payment,-2562.47,-32398.33,withdrawal,25b8e674-4351-4d18-9aba-6e87e25b2a7c,purchasing,25b8e674-4351-4d18-9aba-6e87e25b2a7c,False
b4a22e46-4cd8-465b-8a48-f94a71e77c27,81737c46-49c1-4d08-ab34-6aa27c1d423f,2023-08-25,Customer payment received,1920.85,-30477.48,deposit,22ce8e7b-864e-4af3-82a7-dc1a2c34a700,sales,22ce8e7b-864e-4af3-82a7-dc1a2c34a700,False
baa25cb7-85cb-4f71-b1a8-3027449410d7,81737c46-49c1-4d08-ab34-6aa27c1d423f,2023-08-28,Customer payment received,4716.40,-25761.08,deposit,c014abc3-5154-4f8c-a7db-26f35cd0c420,sales,c014abc3-5154-4f8c-a7db-26f35cd0c420,False
7de42eaf-02b1-46d9-8fe4-2b9ffca3d932,81737c46-49c1-4d08-ab34-6aa27c1d423f,2023-08-28,Customer payment received,3625.59,-22135.49,deposit,c1e83133-926b-4632-b044-627a2424d896,sales,c1e83133-926b-4632-b044-627a2424d896,False
46b75656-101a-4230-8cd3-9a7d17c33b6e,81737c46-49c1-4d08-ab34-6aa27c1d423f,2023-08-28,Customer payment received,1297.35,-20838.14,deposit,564e5be5-a65e-4619-8e26-67dd7c626241,sales,564e5be5-a65e-4619-8e26-67dd7c626241,False
e7f28a07-844d-403a-b6f9-86672caaca63,81737c46-49c1-4d08-ab34-6aa27c1d423f,2023-08-28,Customer payment received,1723.14,-19115.00,deposit,038d3dbc-d054-4c07-98cc-7a21d2d5d215,sales,038d3dbc-d054-4c07-98cc-7a21d2d5d215,False
3de38263-cfc2-49e2-bc30-e0e59758237e,81737c46-49c1-4d08-ab34-6aa27c1d423f,2023-08-29,Customer payment received,2909.82,-16205.18,deposit,bd8a7b51-54bd-4dd7-8924-2c426cb24079,sales,bd8a7b51-54bd-4dd7-8924-2c426cb24079,False
5afc218b-35af-40fb-b657-85834fa37687,81737c46-49c1-4d08-ab34-6aa27c1d423f,2023-08-30,Customer payment received,789.24,-15415.94,deposit,2562685c-990d-473b-aff4-2f789b116320,sales,2562685c-990d-473b-aff4-2f789b116320,False
323b8d2a-539d-4061-a070-10e6c014555a,81737c46-49c1-4d08-ab34-6aa27c1d423f,2023-08-30,Customer payment received,2279.41,-13136.53,deposit,23f762c1-42d1-496d-97d1-cf3dc2331d93,sales,23f762c1-42d1-496d-97d1-cf3dc2331d93,False
34391bc1-265f-49f1-a40d-5a533fb923d6,81737c46-49c1-4d08-ab34-6aa27c1d423f,2023-08-30,Supplier payment,-183.17,-13319.70,withdrawal,b7378598-6b57-41d3-8a9d-0f63ad6b82bd,purchasing,b7378598-6b57-41d3-8a9d-0f63ad6b82bd,False
b080f127-a1f8-434a-8fbb-88da8da65256,81737c46-49c1-4d08-ab34-6aa27c1d423f,2023-08-31,Payroll - net wages,-25039.36,-38359.06,withdrawal,7a60c77e-c8bc-4e1d-8d10-3452ecf07048,payroll,7a60c77e-c8bc-4e1d-8d10-3452ecf07048,False
11eafed9-8cad-4119-bc27-d797fd67e6a2,81737c46-49c1-4d08-ab34-6aa27c1d423f,2023-08-31,Customer payment received,2263.01,-36096.05,deposit,6f2f1aaa-f1e5-4d79-974c-e20b44764ac5,sales,6f2f1aaa-f1e5-4d79-974c-e20b44764ac5,False
c31dffb3-16cd-4a0d-8492-9bb330735546,81737c46-49c1-4d08-ab34-6aa27c1d423f,2023-08-31,Customer payment received,648.49,-35447.56,deposit,e56cdab3-c198-45a7-93ed-f90174e376bb,sales,e56cdab3-c198-45a7-93ed-f90174e376bb,False
74937af0-3309-42d3-b312-0dbd0c89bf4a,81737c46-49c1-4d08-ab34-6aa27c1d423f,2023-08-31,Monthly account fee,-14.00,-35461.56,fee,,banking,,False
63035633-da32-4ac9-bd4b-56a24f1d244b,81737c46-49c1-4d08-ab34-6aa27c1d423f,2023-09-01,Customer payment received,3439.27,-32022.29,deposit,ec6b3c8d-2792-4dc5-97a2-ccd60fc74ae5,sales,ec6b3c8d-2792-4dc5-97a2-ccd60fc74ae5,False
d19450b9-02eb-48a7-9015-3ca89812bd79,81737c46-49c1-4d08-ab34-6aa27c1d423f,2023-09-01,Customer payment received,2728.69,-29293.60,deposit,487ba107-062a-4d1a-bc33-ef92ab75cdf9,sales,487ba107-062a-4d1a-bc33-ef92ab75cdf9,False
09438bd7-9fdb-4618-891e-fb35d1d13c48,81737c46-49c1-4d08-ab34-6aa27c1d423f,2023-09-04,Customer payment received,1096.51,-28197.09,deposit,1e2ed0cc-f5ff-4e1d-93c6-ea1365b9ffed,sales,1e2ed0cc-f5ff-4e1d-93c6-ea1365b9ffed,False
475f14b4-aeea-4297-a0da-0d185f23c38a,81737c46-49c1-4d08-ab34-6aa27c1d423f,2023-09-04,Supplier payment,-882.98,-29080.07,withdrawal,b5668ace-f4db-4300-8e05-b2084e86f60d,purchasing,b5668ace-f4db-4300-8e05-b2084e86f60d,False
7011ac0a-a434-4098-be73-36d2abf16aa1,81737c46-49c1-4d08-ab34-6aa27c1d423f,2023-09-04,Supplier payment,-765.67,-29845.74,withdrawal,f2cff120-10a7-4fe3-b0b7-9013734131e6,purchasing,f2cff120-10a7-4fe3-b0b7-9013734131e6,False
160c9479-6949-409f-ae7b-555028867eec,81737c46-49c1-4d08-ab34-6aa27c1d423f,2023-09-04,Supplier payment,-1628.55,-31474.29,withdrawal,5c0ac7dc-0cb6-4a01-a454-4c6d78b9a72f,purchasing,5c0ac7dc-0cb6-4a01-a454-4c6d78b9a72f,False
93d6effa-1918-448d-8ce1-f0495a5f531f,81737c46-49c1-4d08-ab34-6aa27c1d423f,2023-09-05,Customer payment received,364.85,-31109.44,deposit,7e7c16e9-789d-47d4-ac82-54771929402b,sales,7e7c16e9-789d-47d4-ac82-54771929402b,False
33239ae3-efeb-43b3-a02c-2f6b616b0e9d,81737c46-49c1-4d08-ab34-6aa27c1d423f,2023-09-05,Customer payment received,3474.42,-27635.02,deposit,a5286365-189b-4841-b473-f30e77c77f61,sales,a5286365-189b-4841-b473-f30e77c77f61,False
4b16c68d-883d-488b-802d-2a44f8d813c2,81737c46-49c1-4d08-ab34-6aa27c1d423f,2023-09-05,Customer payment received,859.54,-26775.48,deposit,57c92f55-a1f6-4657-9f14-427e2ea080ef,sales,57c92f55-a1f6-4657-9f14-427e2ea080ef,False
883790ef-b099-4da4-9a0f-537abfa1cca1,81737c46-49c1-4d08-ab34-6aa27c1d423f,2023-09-05,Customer payment received,4123.37,-22652.11,deposit,d576189a-f92e-4a3a-b8b3-1da15fe95668,sales,d576189a-f92e-4a3a-b8b3-1da15fe95668,False
1c5672f5-ab31-4e80-9de2-105afa37f0ba,81737c46-49c1-4d08-ab34-6aa27c1d423f,2023-09-06,Customer payment received,1523.54,-21128.57,deposit,d28ddca4-38ef-4609-954c-df3210ac8075,sales,d28ddca4-38ef-4609-954c-df3210ac8075,False
1a7d8b8f-2aa1-428e-85c1-40990658d24d,81737c46-49c1-4d08-ab34-6aa27c1d423f,2023-09-06,Customer payment received,1762.22,-19366.35,deposit,2643e157-2258-4692-909c-73f54de7f820,sales,2643e157-2258-4692-909c-73f54de7f820,False
26827542-0e6c-4299-ad41-4e2cacd6eee7,81737c46-49c1-4d08-ab34-6aa27c1d423f,2023-09-06,Customer payment received,27.63,-19338.72,deposit,a84c482a-20a9-4c7f-8d31-c55886c676d8,sales,a84c482a-20a9-4c7f-8d31-c55886c676d8,False
fd13eae3-d0c9-4ebd-83b2-5fb0836a63a8,81737c46-49c1-4d08-ab34-6aa27c1d423f,2023-09-06,Supplier payment,-9553.80,-28892.52,withdrawal,fee5624c-e126-485d-81fa-ef22a1c664ad,purchasing,fee5624c-e126-485d-81fa-ef22a1c664ad,False
0d302dd4-cfa5-4592-a49d-e5b1341542e3,81737c46-49c1-4d08-ab34-6aa27c1d423f,2023-09-07,Customer payment received,76.35,-28816.17,deposit,f66c61d4-4ed2-45f2-81df-6b3643f3e3fa,sales,f66c61d4-4ed2-45f2-81df-6b3643f3e3fa,False
4cfee8c9-8080-4b4a-a34d-2f5130e647bf,81737c46-49c1-4d08-ab34-6aa27c1d423f,2023-09-07,Customer payment received,548.64,-28267.53,deposit,01d897cc-57a2-4a33-9f29-7180255f9359,sales,01d897cc-57a2-4a33-9f29-7180255f9359,False
a182567b-8f0a-469b-bf0a-93a29442a730,81737c46-49c1-4d08-ab34-6aa27c1d423f,2023-09-08,Customer payment received,684.53,-27583.00,deposit,f609be4f-0834-4d7d-b2d3-3b62107e364e,sales,f609be4f-0834-4d7d-b2d3-3b62107e364e,False
ac598c71-f593-4deb-b21e-6cc70d7f0d53,81737c46-49c1-4d08-ab34-6aa27c1d423f,2023-09-08,Customer payment received,1670.66,-25912.34,deposit,7e58b574-7107-4b63-9f38-4060c6652977,sales,7e58b574-7107-4b63-9f38-4060c6652977,False
6210f752-78d9-47e0-9d11-c202b92725fd,81737c46-49c1-4d08-ab34-6aa27c1d423f,2023-09-08,Customer payment received,294.01,-25618.33,deposit,dabdbc58-b809-4ede-b580-96aef4443696,sales,dabdbc58-b809-4ede-b580-96aef4443696,False
287114ac-f0ce-46e0-acd1-0b72759c618d,81737c46-49c1-4d08-ab34-6aa27c1d423f,2023-09-08,Customer payment received,1692.31,-23926.02,deposit,d825c9b7-ba3f-4a21-a9cc-2cfba40d60d6,sales,d825c9b7-ba3f-4a21-a9cc-2cfba40d60d6,False
68f0a5ff-d581-401e-922c-e954422b18a0,81737c46-49c1-4d08-ab34-6aa27c1d423f,2023-09-08,Supplier payment,-1047.22,-24973.24,withdrawal,07634a6c-3939-441d-bc1f-55258f5cfd3f,purchasing,07634a6c-3939-441d-bc1f-55258f5cfd3f,False
86f50706-c230-456e-a251-6eeeb4081404,81737c46-49c1-4d08-ab34-6aa27c1d423f,2023-09-11,Customer payment received,700.60,-24272.64,deposit,bc376bfb-2c37-4eb0-b97a-0a918d5dbc0f,sales,bc376bfb-2c37-4eb0-b97a-0a918d5dbc0f,False
df6e4141-ba1d-44b0-a5ca-4b48a21cca10,81737c46-49c1-4d08-ab34-6aa27c1d423f,2023-09-11,Customer payment received,294.01,-23978.63,deposit,d810fb2a-76bf-47ce-9be1-e9d52735a8a7,sales,d810fb2a-76bf-47ce-9be1-e9d52735a8a7,False
b8ab49a1-27e9-4f84-b2cc-3c312d234875,81737c46-49c1-4d08-ab34-6aa27c1d423f,2023-09-11,Customer payment received,2173.82,-21804.81,deposit,c7d3f511-dc77-414f-b5c3-caaa9d5631e0,sales,c7d3f511-dc77-414f-b5c3-caaa9d5631e0,False
631b7397-f9eb-47d7-85ab-63a047b2b830,81737c46-49c1-4d08-ab34-6aa27c1d423f,2023-09-11,Customer payment received,1665.59,-20139.22,deposit,ebdd7508-2a7b-4a0e-bfbb-7fb5a3ad6ab4,sales,ebdd7508-2a7b-4a0e-bfbb-7fb5a3ad6ab4,False
4bb3479b-e23b-4dc1-87bb-ba825a1dea11,81737c46-49c1-4d08-ab34-6aa27c1d423f,2023-09-11,Customer payment received,181.34,-19957.88,deposit,4c5b3ef6-af4e-469e-b291-eefd52996a1e,sales,4c5b3ef6-af4e-469e-b291-eefd52996a1e,False
8175e94f-2975-4639-9add-15351b61785e,81737c46-49c1-4d08-ab34-6aa27c1d423f,2023-09-11,Customer payment received,5960.58,-13997.30,deposit,72b55bd0-7c69-40d0-8b79-5b395154db21,sales,72b55bd0-7c69-40d0-8b79-5b395154db21,False
67b64484-ce1a-43a3-99f3-ba354f409de3,81737c46-49c1-4d08-ab34-6aa27c1d423f,2023-09-11,Customer payment received,658.01,-13339.29,deposit,54b570a6-aa68-47b8-9fe3-8a41e50b6d41,sales,54b570a6-aa68-47b8-9fe3-8a41e50b6d41,False
4c856857-adb6-4f61-b89e-8530b6bd6ae9,81737c46-49c1-4d08-ab34-6aa27c1d423f,2023-09-12,Customer payment received,1529.86,-11809.43,deposit,c75d0cf3-f5b0-49bf-ab11-e436ede606cf,sales,c75d0cf3-f5b0-49bf-ab11-e436ede606cf,False
c71476be-2c57-4dbd-ad26-8159ddc52ca2,81737c46-49c1-4d08-ab34-6aa27c1d423f,2023-09-12,Customer payment received,2819.49,-8989.94,deposit,ab70a500-f4ed-4972-972a-fdf347377e3f,sales,ab70a500-f4ed-4972-972a-fdf347377e3f,False
b71083c8-cdb5-4c4e-be17-db682abcf48a,81737c46-49c1-4d08-ab34-6aa27c1d423f,2023-09-12,Customer payment received,891.67,-8098.27,deposit,e098610a-2ca9-4690-9499-2e284f047dc4,sales,e098610a-2ca9-4690-9499-2e284f047dc4,False
c31b91a8-e2b9-4dc0-800d-e9acdd8c46a7,81737c46-49c1-4d08-ab34-6aa27c1d423f,2023-09-12,Customer payment received,452.37,-7645.90,deposit,98c7b6bd-74a5-49f8-b72a-9069d1709871,sales,98c7b6bd-74a5-49f8-b72a-9069d1709871,False
bfd75ce7-1d9c-43ac-93f9-0e2f2763df37,81737c46-49c1-4d08-ab34-6aa27c1d423f,2023-09-12,Customer payment received,2237.17,-5408.73,deposit,1eb89c8e-17fb-474d-a498-8bf6688032f8,sales,1eb89c8e-17fb-474d-a498-8bf6688032f8,False
9ba058a3-db0f-40f8-9038-10349369d94b,81737c46-49c1-4d08-ab34-6aa27c1d423f,2023-09-12,Supplier payment,-1186.81,-6595.54,withdrawal,ef5f1063-c6b4-43e1-8ff2-27c0d7b22d2c,purchasing,ef5f1063-c6b4-43e1-8ff2-27c0d7b22d2c,False
a98bc98a-dc39-4fff-848b-9b227a280bc1,81737c46-49c1-4d08-ab34-6aa27c1d423f,2023-09-12,Supplier payment,-2141.96,-8737.50,withdrawal,fe780aa9-8764-475b-8e5c-95f0e3d08c6d,purchasing,fe780aa9-8764-475b-8e5c-95f0e3d08c6d,False
08a501b2-947e-443f-b1db-eb0c18602785,81737c46-49c1-4d08-ab34-6aa27c1d423f,2023-09-13,Customer payment received,3208.86,-5528.64,deposit,993a72f8-b01c-4b06-a254-47a4b3de9d75,sales,993a72f8-b01c-4b06-a254-47a4b3de9d75,False
c5ab76bb-c203-4fed-b1a2-849beddbafda,81737c46-49c1-4d08-ab34-6aa27c1d423f,2023-09-13,Customer payment received,3264.79,-2263.85,deposit,d8feb3c2-affc-45b2-9093-156426e78765,sales,d8feb3c2-affc-45b2-9093-156426e78765,False
ab9c6bee-bdd4-4ae9-9510-2ae4a39e3ef6,81737c46-49c1-4d08-ab34-6aa27c1d423f,2023-09-13,Supplier payment,-1835.83,-4099.68,withdrawal,df01cb1d-a924-40fd-90b3-b018848e66c3,purchasing,df01cb1d-a924-40fd-90b3-b018848e66c3,False
627c2171-13a0-4d71-92d5-f7bc4ec43658,81737c46-49c1-4d08-ab34-6aa27c1d423f,2023-09-14,Payroll - net wages,-22109.35,-26209.03,withdrawal,b07f38bc-f048-4c15-b56b-6a55b407add9,payroll,b07f38bc-f048-4c15-b56b-6a55b407add9,False
13bc1131-7a41-4218-a1ea-a2a73d362ac3,81737c46-49c1-4d08-ab34-6aa27c1d423f,2023-09-14,Customer payment received,3944.60,-22264.43,deposit,4d446dd1-af2a-4b5a-9058-491dc5f1b15a,sales,4d446dd1-af2a-4b5a-9058-491dc5f1b15a,False
7571f762-29f4-44bb-8773-c7b7bf184b39,81737c46-49c1-4d08-ab34-6aa27c1d423f,2023-09-14,Customer payment received,2594.67,-19669.76,deposit,3e2da2f5-5251-4c5a-bf02-83e5dec221ed,sales,3e2da2f5-5251-4c5a-bf02-83e5dec221ed,False
ee6ee2a9-000d-4095-8e9c-6b811ce1088f,81737c46-49c1-4d08-ab34-6aa27c1d423f,2023-09-14,Customer payment received,2096.57,-17573.19,deposit,db70d222-28fa-42f5-b60f-889aca904664,sales,db70d222-28fa-42f5-b60f-889aca904664,False
a284c658-3022-44c6-a49c-b84cf220cc4d,81737c46-49c1-4d08-ab34-6aa27c1d423f,2023-09-14,Customer payment received,3194.15,-14379.04,deposit,a144e12a-6792-4477-99d7-754d7c84a246,sales,a144e12a-6792-4477-99d7-754d7c84a246,False
7a8c5d03-0194-4998-b415-c096b4752975,81737c46-49c1-4d08-ab34-6aa27c1d423f,2023-09-14,Supplier payment,-1807.54,-16186.58,withdrawal,b324cdeb-f394-4df4-b5c8-3a0df884ede2,purchasing,b324cdeb-f394-4df4-b5c8-3a0df884ede2,False
a0cc80e0-f617-433c-bb45-978901486c31,81737c46-49c1-4d08-ab34-6aa27c1d423f,2023-09-15,Customer payment received,2451.94,-13734.64,deposit,9c4900a9-4711-448c-a698-35fc4a5c09f8,sales,9c4900a9-4711-448c-a698-35fc4a5c09f8,False
b61e071d-41b7-4494-95ae-ccf602ddf0e5,81737c46-49c1-4d08-ab34-6aa27c1d423f,2023-09-18,Customer payment received,4736.82,-8997.82,deposit,7360954f-9451-4f7f-8333-18d85d14f5c3,sales,7360954f-9451-4f7f-8333-18d85d14f5c3,False
cfd2c621-7afe-45da-b714-16432fb79810,81737c46-49c1-4d08-ab34-6aa27c1d423f,2023-09-18,Customer payment received,1385.72,-7612.10,deposit,72655e6f-fea0-409f-b36a-6b1883675d70,sales,72655e6f-fea0-409f-b36a-6b1883675d70,False
8c0be086-0003-486b-940c-d4ce7f9979cf,81737c46-49c1-4d08-ab34-6aa27c1d423f,2023-09-18,Supplier payment,-882.98,-8495.08,withdrawal,58c58b89-3897-46bd-90b0-a50d3125ab2c,purchasing,58c58b89-3897-46bd-90b0-a50d3125ab2c,False
7f732f36-6f8a-4256-8b6b-d3c81e452284,81737c46-49c1-4d08-ab34-6aa27c1d423f,2023-09-20,Customer payment received,4354.78,-4140.30,deposit,935fb44f-f7d8-4d57-83d0-8fcc0cd3e0e9,sales,935fb44f-f7d8-4d57-83d0-8fcc0cd3e0e9,False
0b5d93c2-548e-48c7-a53c-a8c1a6db7c4f,81737c46-49c1-4d08-ab34-6aa27c1d423f,2023-09-20,Customer payment received,342.28,-3798.02,deposit,a0f66a44-66ce-4de2-a16d-320f0e09a1b1,sales,a0f66a44-66ce-4de2-a16d-320f0e09a1b1,False
862d64ec-c118-4f9e-a983-e4cdd4ec2af1,81737c46-49c1-4d08-ab34-6aa27c1d423f,2023-09-20,Customer payment received,2825.67,-972.35,deposit,13bc394d-f506-4d55-9dc4-e33db4fc13cf,sales,13bc394d-f506-4d55-9dc4-e33db4fc13cf,False
d4a42bd9-6bc3-4d87-83ba-f04bcc651846,81737c46-49c1-4d08-ab34-6aa27c1d423f,2023-09-21,Customer payment received,526.57,-445.78,deposit,0d8f8d17-d607-4092-92cc-28162c86a478,sales,0d8f8d17-d607-4092-92cc-28162c86a478,False
b7b57598-4af4-4991-86cb-afd2943ead5a,81737c46-49c1-4d08-ab34-6aa27c1d423f,2023-09-22,Customer payment received,2617.87,2172.09,deposit,e797b16a-ee21-45cf-8e14-0115e7875a45,sales,e797b16a-ee21-45cf-8e14-0115e7875a45,False
fe2a9089-e205-455d-90bc-45852c76acca,81737c46-49c1-4d08-ab34-6aa27c1d423f,2023-09-22,Customer payment received,2373.14,4545.23,deposit,6bffb3ae-f95d-4e61-bd78-fec206a7b6d1,sales,6bffb3ae-f95d-4e61-bd78-fec206a7b6d1,False
28f374aa-6881-4a9c-ad85-fcb9a244cfe0,81737c46-49c1-4d08-ab34-6aa27c1d423f,2023-09-22,Customer payment received,1061.65,5606.88,deposit,cf6c37ef-5c89-4760-a8aa-01b184d30d52,sales,cf6c37ef-5c89-4760-a8aa-01b184d30d52,False
c56004b4-c5e1-4620-b21b-a06bf3f2ecb0,81737c46-49c1-4d08-ab34-6aa27c1d423f,2023-09-25,Customer payment received,1852.70,7459.58,deposit,494ff488-4df6-4d7f-a53f-91f09c66bb63,sales,494ff488-4df6-4d7f-a53f-91f09c66bb63,False
c6c07118-3976-4a3c-8d01-563cf830e0a2,81737c46-49c1-4d08-ab34-6aa27c1d423f,2023-09-25,Supplier payment,-1047.22,6412.36,withdrawal,4a31430a-efb1-48a7-8c80-d9f17b37ded2,purchasing,4a31430a-efb1-48a7-8c80-d9f17b37ded2,False
f6ff8c01-75b1-49aa-b913-e8fbc17d32d6,81737c46-49c1-4d08-ab34-6aa27c1d423f,2023-09-26,Customer payment received,2374.70,8787.06,deposit,4d0c4e76-3784-40ba-a0b6-193fc769af2b,sales,4d0c4e76-3784-40ba-a0b6-193fc769af2b,False
fec3b193-67b9-4509-a231-bb796515475d,81737c46-49c1-4d08-ab34-6aa27c1d423f,2023-09-26,Customer payment received,3000.35,11787.41,deposit,61165e60-c490-44d5-a64b-f5ee2165bc4f,sales,61165e60-c490-44d5-a64b-f5ee2165bc4f,False
1b7b877e-5b36-4610-bf44-683e184e156e,81737c46-49c1-4d08-ab34-6aa27c1d423f,2023-09-26,Customer payment received,2539.10,14326.51,deposit,704e61cf-55cb-4fc6-bc13-bc582f39b0f0,sales,704e61cf-55cb-4fc6-bc13-bc582f39b0f0,False
33e67577-de07-458d-8961-186cf443cd5c,81737c46-49c1-4d08-ab34-6aa27c1d423f,2023-09-26,Customer payment received,202.91,14529.42,deposit,93157dcf-6bce-416f-ad56-396850f488b3,sales,93157dcf-6bce-416f-ad56-396850f488b3,False
bed03fd5-c546-4f79-846b-cc0b02f6a9cc,81737c46-49c1-4d08-ab34-6aa27c1d423f,2023-09-26,Supplier payment,-765.67,13763.75,withdrawal,62cfc091-e300-49c7-9166-544929d61aa8,purchasing,62cfc091-e300-49c7-9166-544929d61aa8,False
4f212171-933a-4ecf-9f10-de9953d46331,81737c46-49c1-4d08-ab34-6aa27c1d423f,2023-09-26,Supplier payment,-2562.47,11201.28,withdrawal,ad11c2e7-dd03-4c10-8955-bd5960e94795,purchasing,ad11c2e7-dd03-4c10-8955-bd5960e94795,False
e40fc1ea-c311-4a8f-be0c-63c3fa147090,81737c46-49c1-4d08-ab34-6aa27c1d423f,2023-09-27,Customer payment received,3596.70,14797.98,deposit,af91c9ad-d1c4-4c5c-8d27-b1c39dea12e5,sales,af91c9ad-d1c4-4c5c-8d27-b1c39dea12e5,False
4a24c7b7-e80b-4193-a315-ef5d0e3fdc23,81737c46-49c1-4d08-ab34-6aa27c1d423f,2023-09-27,Customer payment received,2970.01,17767.99,deposit,699f3aab-f38e-4806-94e4-70daa404b6d7,sales,699f3aab-f38e-4806-94e4-70daa404b6d7,False
86878342-497d-4289-9ead-fe3396e0251a,81737c46-49c1-4d08-ab34-6aa27c1d423f,2023-09-27,Supplier payment,-206.18,17561.81,withdrawal,7778d669-32c1-4f3e-ade8-2034684562db,purchasing,7778d669-32c1-4f3e-ade8-2034684562db,False
abed0d41-97ed-41e1-b1c9-123e2af5c501,81737c46-49c1-4d08-ab34-6aa27c1d423f,2023-09-28,Payroll - net wages,-21849.70,-4287.89,withdrawal,90e9cb29-c170-4745-ab51-6548f50b2a97,payroll,90e9cb29-c170-4745-ab51-6548f50b2a97,False
bdf8a79d-3b82-463d-a612-b6796973da40,81737c46-49c1-4d08-ab34-6aa27c1d423f,2023-09-28,Customer payment received,2255.99,-2031.90,deposit,eaeb7763-1849-474e-86fe-138b07abc7bc,sales,eaeb7763-1849-474e-86fe-138b07abc7bc,False
2a8af442-1dfb-47df-9253-06909fc96d38,81737c46-49c1-4d08-ab34-6aa27c1d423f,2023-09-29,Customer payment received,573.50,-1458.40,deposit,d6d984e0-02b9-45bb-8093-c31bb05f8107,sales,d6d984e0-02b9-45bb-8093-c31bb05f8107,False
be035128-dbd0-45c9-8411-49cb2997743e,81737c46-49c1-4d08-ab34-6aa27c1d423f,2023-09-29,Customer payment received,927.56,-530.84,deposit,a59b7ef3-a363-4ef4-ac1a-3f318a7ae412,sales,a59b7ef3-a363-4ef4-ac1a-3f318a7ae412,False
6a279471-5781-408c-8625-106363a80189,81737c46-49c1-4d08-ab34-6aa27c1d423f,2023-09-29,Supplier payment,-2986.04,-3516.88,withdrawal,fc516e45-fa94-4282-b8a2-974e0fa52ca6,purchasing,fc516e45-fa94-4282-b8a2-974e0fa52ca6,False
495c397a-1b58-4ea1-8cc1-ca8fb11b6d82,81737c46-49c1-4d08-ab34-6aa27c1d423f,2023-09-30,Monthly account fee,-11.48,-3528.36,fee,,banking,,False
8586f5b3-1bf8-4634-a0bc-7511a4f5a166,81737c46-49c1-4d08-ab34-6aa27c1d423f,2023-10-02,Customer payment received,2160.45,-1367.91,deposit,86a1289f-0cf9-48ae-b4ec-7c1cd94fd26f,sales,86a1289f-0cf9-48ae-b4ec-7c1cd94fd26f,False
021f1440-34e7-482d-b142-be8af2864490,81737c46-49c1-4d08-ab34-6aa27c1d423f,2023-10-02,Customer payment received,1723.39,355.48,deposit,afd9c276-3b0c-4140-86d8-1f0fcfb01a7b,sales,afd9c276-3b0c-4140-86d8-1f0fcfb01a7b,False
0f6b7d57-f4ac-46a0-86eb-7b7ae39ab3e5,81737c46-49c1-4d08-ab34-6aa27c1d423f,2023-10-02,Customer payment received,2216.06,2571.54,deposit,4416a80c-ea93-4138-bfe3-5005765c7d56,sales,4416a80c-ea93-4138-bfe3-5005765c7d56,False
b4f8e547-012e-4339-abd5-1fe16521c579,81737c46-49c1-4d08-ab34-6aa27c1d423f,2023-10-02,Customer payment received,1919.37,4490.91,deposit,66233e8f-8e31-4233-a43b-1029079cc6ce,sales,66233e8f-8e31-4233-a43b-1029079cc6ce,False
2f6fe65f-c2e6-4592-a3d8-7c43f8d31726,81737c46-49c1-4d08-ab34-6aa27c1d423f,2023-10-04,Customer payment received,3182.18,7673.09,deposit,0dae0010-ee41-42ed-8bb0-c5ef85adbe06,sales,0dae0010-ee41-42ed-8bb0-c5ef85adbe06,False
b3307d97-4f8d-49cc-a9c1-dfb5469bea93,81737c46-49c1-4d08-ab34-6aa27c1d423f,2023-10-04,Customer payment received,3817.13,11490.22,deposit,2283fe7f-a24f-41b8-a399-5df985f920d7,sales,2283fe7f-a24f-41b8-a399-5df985f920d7,False
4d5bed7e-c2c3-4092-8f2d-19c822e6eba7,81737c46-49c1-4d08-ab34-6aa27c1d423f,2023-10-04,Customer payment received,3916.50,15406.72,deposit,2a718c9b-b444-4e59-b1eb-fe4abce32134,sales,2a718c9b-b444-4e59-b1eb-fe4abce32134,False
f0955bf0-af57-4a9c-8f34-b066b710f900,81737c46-49c1-4d08-ab34-6aa27c1d423f,2023-10-04,Customer payment received,2744.38,18151.10,deposit,293647d9-ac0a-49ef-9988-00dfe3abcad2,sales,293647d9-ac0a-49ef-9988-00dfe3abcad2,False
6d062cfc-6d50-473c-b253-eb20af237d1b,81737c46-49c1-4d08-ab34-6aa27c1d423f,2023-10-04,Customer payment received,1720.41,19871.51,deposit,c42c25d1-caf6-4e91-8bae-b2692dc7cb1b,sales,c42c25d1-caf6-4e91-8bae-b2692dc7cb1b,False
a0d1a5b8-f206-4983-b75d-bdb9e4543f6a,81737c46-49c1-4d08-ab34-6aa27c1d423f,2023-10-04,Customer payment received,435.33,20306.84,deposit,73a859c6-b436-48d1-953b-999f1c6bca70,sales,73a859c6-b436-48d1-953b-999f1c6bca70,False
8bd66499-9983-4947-9e87-f67f9fab4278,81737c46-49c1-4d08-ab34-6aa27c1d423f,2023-10-04,Supplier payment,-563.20,19743.64,withdrawal,fc99d69f-06d0-4be9-9b8f-ebf4c84dc595,purchasing,fc99d69f-06d0-4be9-9b8f-ebf4c84dc595,False
2e36f75f-dcaf-41bb-9eee-6b035c360852,81737c46-49c1-4d08-ab34-6aa27c1d423f,2023-10-05,Customer payment received,764.76,20508.40,deposit,8947442b-caf8-4ce4-8955-b18577ce63f5,sales,8947442b-caf8-4ce4-8955-b18577ce63f5,False
8c047657-eddd-4966-b26a-7f0ea0b17e64,81737c46-49c1-4d08-ab34-6aa27c1d423f,2023-10-05,Supplier payment,-1186.81,19321.59,withdrawal,242c7b01-9b12-43f6-bf7d-8eb4888d6936,purchasing,242c7b01-9b12-43f6-bf7d-8eb4888d6936,False
a7c0ea8a-1d75-436c-b057-9a2028d7d035,81737c46-49c1-4d08-ab34-6aa27c1d423f,2023-10-05,Supplier payment,-2696.65,16624.94,withdrawal,60d63765-19d9-4868-bc10-b3a79222fbe3,purchasing,60d63765-19d9-4868-bc10-b3a79222fbe3,False
2dceb138-9b85-4c5b-81d7-2206e9cdf5ec,81737c46-49c1-4d08-ab34-6aa27c1d423f,2023-10-06,Customer payment received,1538.69,18163.63,deposit,67e4cc8f-3e22-49e3-b080-e2a627e52ad0,sales,67e4cc8f-3e22-49e3-b080-e2a627e52ad0,False
85668242-5d0e-4c4b-9bc6-ea08d9be0de5,81737c46-49c1-4d08-ab34-6aa27c1d423f,2023-10-06,Supplier payment,-7395.52,10768.11,withdrawal,e081e145-260e-4814-b55b-6d80dee3f0c3,purchasing,e081e145-260e-4814-b55b-6d80dee3f0c3,False
1d92a559-498d-49dd-9220-9c0e98049ad2,81737c46-49c1-4d08-ab34-6aa27c1d423f,2023-10-09,Customer payment received,518.48,11286.59,deposit,5155555c-c545-4637-b521-194a6f289569,sales,5155555c-c545-4637-b521-194a6f289569,False
c572b88c-2851-461f-ac52-a9156b2c59ac,81737c46-49c1-4d08-ab34-6aa27c1d423f,2023-10-09,Customer payment received,2517.57,13804.16,deposit,f3125e8c-b967-45de-9b7a-120dd310f0ea,sales,f3125e8c-b967-45de-9b7a-120dd310f0ea,False
5341eacf-0860-45fd-b497-e949f405546b,81737c46-49c1-4d08-ab34-6aa27c1d423f,2023-10-09,Customer payment received,1875.91,15680.07,deposit,e0ceb904-050e-4aff-bdd8-a97b9906b313,sales,e0ceb904-050e-4aff-bdd8-a97b9906b313,False
31e820c7-51be-47de-869c-1302d4521017,81737c46-49c1-4d08-ab34-6aa27c1d423f,2023-10-09,Supplier payment,-3611.04,12069.03,withdrawal,07ee4b8e-1017-42b8-b686-748193df65ff,purchasing,07ee4b8e-1017-42b8-b686-748193df65ff,False
3cc370ce-51d7-42cb-b71c-0db6805d0207,81737c46-49c1-4d08-ab34-6aa27c1d423f,2023-10-10,Supplier payment,-3611.04,8457.99,withdrawal,0a47272b-739c-435a-95d8-ba96cb5375f9,purchasing,0a47272b-739c-435a-95d8-ba96cb5375f9,False
d4a99812-0a12-4760-a8d7-f4fe0e08a168,81737c46-49c1-4d08-ab34-6aa27c1d423f,2023-10-10,Supplier payment,-1980.04,6477.95,withdrawal,2acb981f-45e5-4e6e-9cae-dfde16265088,purchasing,2acb981f-45e5-4e6e-9cae-dfde16265088,False
1eb681b0-d29e-48a7-a02a-c446874aab87,81737c46-49c1-4d08-ab34-6aa27c1d423f,2023-10-10,Supplier payment,-2141.96,4335.99,withdrawal,a14ba7d3-ab76-4dfe-afc7-db3d4448d91c,purchasing,a14ba7d3-ab76-4dfe-afc7-db3d4448d91c,False
863f77eb-8a82-453d-8228-b07e673a0970,81737c46-49c1-4d08-ab34-6aa27c1d423f,2023-10-11,Customer payment received,583.03,4919.02,deposit,b739f03b-a0e0-4014-9c0a-65f0221a41fc,sales,b739f03b-a0e0-4014-9c0a-65f0221a41fc,False
545ef024-53f8-4341-ae53-c760b3ef06ce,81737c46-49c1-4d08-ab34-6aa27c1d423f,2023-10-11,Customer payment received,165.79,5084.81,deposit,d4c9def0-f546-48db-93eb-3f885842bed8,sales,d4c9def0-f546-48db-93eb-3f885842bed8,False
4b6b1cbf-5db0-425b-b736-39c5a7fe0be3,81737c46-49c1-4d08-ab34-6aa27c1d423f,2023-10-12,Payroll - net wages,-23097.86,-18013.05,withdrawal,84a71974-54c3-46e4-9791-2e4ed1b5b919,payroll,84a71974-54c3-46e4-9791-2e4ed1b5b919,False
6d23943c-f3dd-47ee-b67e-486f6a0f1a97,81737c46-49c1-4d08-ab34-6aa27c1d423f,2023-10-12,Customer payment received,1674.53,-16338.52,deposit,debce622-7c26-4722-a7f6-e5255e41ffd2,sales,debce622-7c26-4722-a7f6-e5255e41ffd2,False
31a016a2-6f71-4b5e-a390-4e83fa6f3b24,81737c46-49c1-4d08-ab34-6aa27c1d423f,2023-10-12,Customer payment received,2712.81,-13625.71,deposit,b7ad00b8-572e-47f5-84fe-b931d11a63a9,sales,b7ad00b8-572e-47f5-84fe-b931d11a63a9,False
0a1f0335-9677-4b20-abe6-2ff4b9b0e783,81737c46-49c1-4d08-ab34-6aa27c1d423f,2023-10-12,Customer payment received,874.22,-12751.49,deposit,fd47080a-e674-487a-bdfc-6dea7ad12252,sales,fd47080a-e674-487a-bdfc-6dea7ad12252,False
37f76d88-3a9b-4cae-abe4-886f6066de83,81737c46-49c1-4d08-ab34-6aa27c1d423f,2023-10-13,Customer payment received,319.97,-12431.52,deposit,00100023-48a9-4a0f-bdb2-fa36deb4796e,sales,00100023-48a9-4a0f-bdb2-fa36deb4796e,False
c8185ece-d8a3-41a7-a0c0-da92b20a84b8,81737c46-49c1-4d08-ab34-6aa27c1d423f,2023-10-13,Customer payment received,3260.58,-9170.94,deposit,02e628cc-d87b-4efe-aec2-863fc201aa56,sales,02e628cc-d87b-4efe-aec2-863fc201aa56,False
d9c68b97-a696-4ddd-8daa-ce01d953d27e,81737c46-49c1-4d08-ab34-6aa27c1d423f,2023-10-16,Customer payment received,1701.51,-7469.43,deposit,944557c2-6b7c-49de-ae19-1c83b121fcf7,sales,944557c2-6b7c-49de-ae19-1c83b121fcf7,False
085fa68b-5f35-46c6-aa1b-ed92e90ae423,81737c46-49c1-4d08-ab34-6aa27c1d423f,2023-10-16,Supplier payment,-2562.47,-10031.90,withdrawal,1227663a-9006-419d-9be0-fa46562cd3a7,purchasing,1227663a-9006-419d-9be0-fa46562cd3a7,False
64b905fd-7e82-44fb-a734-390261e9f67a,81737c46-49c1-4d08-ab34-6aa27c1d423f,2023-10-17,Customer payment received,1154.42,-8877.48,deposit,45d4a634-384b-4fc3-ac9d-3f174ba9f559,sales,45d4a634-384b-4fc3-ac9d-3f174ba9f559,False
7d68b9e0-d270-45e5-ba1b-c349c913926f,81737c46-49c1-4d08-ab34-6aa27c1d423f,2023-10-17,Customer payment received,1012.43,-7865.05,deposit,b2d4a049-b042-41fb-8e91-c54323a8b0ea,sales,b2d4a049-b042-41fb-8e91-c54323a8b0ea,False
c1eb2f5a-dfb2-4e65-a2ab-388550417442,81737c46-49c1-4d08-ab34-6aa27c1d423f,2023-10-17,Customer payment received,3047.26,-4817.79,deposit,edd60625-20cd-42f0-9196-0a284706ec90,sales,edd60625-20cd-42f0-9196-0a284706ec90,False
18ff4ed4-cb1c-4128-a304-728636218865,81737c46-49c1-4d08-ab34-6aa27c1d423f,2023-10-17,Customer payment received,3854.32,-963.47,deposit,a73360f3-9861-4388-bf82-69e409a12aae,sales,a73360f3-9861-4388-bf82-69e409a12aae,False
e8500f9e-d24c-4130-8f63-031396605f20,81737c46-49c1-4d08-ab34-6aa27c1d423f,2023-10-17,Supplier payment,-1980.04,-2943.51,withdrawal,5a3178a8-9024-4842-9d0e-76b90802a18c,purchasing,5a3178a8-9024-4842-9d0e-76b90802a18c,False
3f550fd5-975e-4141-b23c-c3bf4af7255c,81737c46-49c1-4d08-ab34-6aa27c1d423f,2023-10-17,Supplier payment,-4924.38,-7867.89,withdrawal,e9277fa3-8d41-4203-bb3d-1f27dad7a7a2,purchasing,e9277fa3-8d41-4203-bb3d-1f27dad7a7a2,False
3d5c97de-b345-4771-9757-72c17b5fe250,81737c46-49c1-4d08-ab34-6aa27c1d423f,2023-10-17,Supplier payment,-1835.83,-9703.72,withdrawal,fa508b6b-a284-4b16-96e6-d7b9a5a416e0,purchasing,fa508b6b-a284-4b16-96e6-d7b9a5a416e0,False
b59aa658-cf7b-4a2d-aeaf-e7f8b63fcae5,81737c46-49c1-4d08-ab34-6aa27c1d423f,2023-10-18,Customer payment received,2016.22,-7687.50,deposit,32564be0-d4b4-4ddd-9c18-663500ba3b05,sales,32564be0-d4b4-4ddd-9c18-663500ba3b05,False
bb992656-e61e-46d4-9aa2-1cb28c4fc1d1,81737c46-49c1-4d08-ab34-6aa27c1d423f,2023-10-18,Customer payment received,2713.50,-4974.00,deposit,fef56bf0-4c87-485f-b146-c57667f6a5b9,sales,fef56bf0-4c87-485f-b146-c57667f6a5b9,False
d7a775ab-16e5-44aa-b467-49224fcdabd7,81737c46-49c1-4d08-ab34-6aa27c1d423f,2023-10-18,Customer payment received,450.68,-4523.32,deposit,23573653-5ea3-4da6-afa3-0da190a327d9,sales,23573653-5ea3-4da6-afa3-0da190a327d9,False
b455e9ae-9645-49d7-8fc0-1b57c8c7747e,81737c46-49c1-4d08-ab34-6aa27c1d423f,2023-10-18,Customer payment received,1926.09,-2597.23,deposit,ab465e2e-1d91-4802-8b06-2d6fdbe19387,sales,ab465e2e-1d91-4802-8b06-2d6fdbe19387,False
531ca3da-2938-4759-82e3-28dfab83efde,81737c46-49c1-4d08-ab34-6aa27c1d423f,2023-10-18,Supplier payment,-9553.80,-12151.03,withdrawal,60725c6b-5a74-4fe0-8092-08190418093c,purchasing,60725c6b-5a74-4fe0-8092-08190418093c,False
1ae7c394-3ca8-467d-8d8f-666fd800aa4c,81737c46-49c1-4d08-ab34-6aa27c1d423f,2023-10-19,Supplier payment,-2696.65,-14847.68,withdrawal,bbfbff96-1838-4c52-b8f3-8ed8dc48df35,purchasing,bbfbff96-1838-4c52-b8f3-8ed8dc48df35,False
870a99bf-38d2-4121-97fc-d17b617de528,81737c46-49c1-4d08-ab34-6aa27c1d423f,2023-10-20,Customer payment received,1793.57,-13054.11,deposit,38e815ca-945b-42db-bed8-844e6d7b4a41,sales,38e815ca-945b-42db-bed8-844e6d7b4a41,False
04737126-cfe4-464d-a3b8-15b157527ab9,81737c46-49c1-4d08-ab34-6aa27c1d423f,2023-10-20,Customer payment received,1955.45,-11098.66,deposit,56aec90f-aecf-43b7-b86f-e49551beafb2,sales,56aec90f-aecf-43b7-b86f-e49551beafb2,False
e6964c62-1e13-4d58-8bbb-4d8840a4dd27,81737c46-49c1-4d08-ab34-6aa27c1d423f,2023-10-20,Customer payment received,2371.60,-8727.06,deposit,0d52d007-a086-4a7d-882e-63959912f2b7,sales,0d52d007-a086-4a7d-882e-63959912f2b7,False
57015f7f-7d8f-4510-b4c4-04016613b983,81737c46-49c1-4d08-ab34-6aa27c1d423f,2023-10-20,Customer payment received,1265.20,-7461.86,deposit,f8741230-0c6f-4248-8552-02970fe7d80c,sales,f8741230-0c6f-4248-8552-02970fe7d80c,False
666ff405-27d6-44bc-ab46-e2f288c4fc9f,81737c46-49c1-4d08-ab34-6aa27c1d423f,2023-10-20,Customer payment received,2448.28,-5013.58,deposit,da63c6a2-1645-4da7-af78-350a18476201,sales,da63c6a2-1645-4da7-af78-350a18476201,False
682232d1-f6bb-4830-a513-40b8a02f88fd,81737c46-49c1-4d08-ab34-6aa27c1d423f,2023-10-20,Supplier payment,-1628.55,-6642.13,withdrawal,f6ac239a-419a-4d75-a37e-b2d8a48fcac8,purchasing,f6ac239a-419a-4d75-a37e-b2d8a48fcac8,False
