id,company_id,name,trading_name,abn,customer_type,status,payment_terms_days,credit_limit,created_date,churned_date,reliability,activity_level
d130d94d-db7c-403b-8cae-a9a282360b35,c3e61d8e-e415-4326-931a-cffe4ec7ba0f,Matthew Moore,,,individual,active,14,,2023-07-01,,0.9641469972152129,0.16988864049658592
75334d0a-3476-4011-a5c2-1066fb5d4ae4,c3e61d8e-e415-4326-931a-cffe4ec7ba0f,Samantha Harris,,,individual,active,30,,2023-07-01,,0.783888524895239,0.5821102507987107
134f338a-d32f-4b40-b93f-62574094c758,c3e61d8e-e415-4326-931a-cffe4ec7ba0f,Holmes LLC,,19501045393,business,active,7,11980.37,2023-07-01,,0.5191965078191949,0.44435817183791954
9e0d65ed-cb40-45c3-b3e1-89ab33537dce,c3e61d8e-e415-4326-931a-cffe4ec7ba0f,"Parsons, Hart and Gardner",,61663801289,business,active,7,1019.41,2023-07-01,,0.597975688945135,0.696880302786838
2816264c-276b-4269-8416-7cf22c1d0af8,c3e61d8e-e415-4326-931a-cffe4ec7ba0f,Oliver Inc,,14736840351,business,active,14,3365.53,2023-07-01,,0.8833124694790413,0.6660360800122185
67522178-f149-4163-a565-5df8bd4009af,c3e61d8e-e415-4326-931a-cffe4ec7ba0f,Brandon Carr DDS,,,individual,active,14,,2023-07-01,,0.7789983598176143,0.5119107945433924
274a35f9-2b44-429b-bf29-a6fea06d7c6b,c3e61d8e-e415-4326-931a-cffe4ec7ba0f,Gilbert-Singh,,44597300285,business,active,7,5039.06,2023-07-01,,0.5791282027120785,0.24315834652977403
84ce00aa-0ef7-496d-995a-614feed809c5,c3e61d8e-e415-4326-931a-cffe4ec7ba0f,Ramos and Sons,,19965654063,business,active,14,4770.29,2023-07-01,,0.816198335428338,0.27271873244464173
072c1eec-8ca2-46bd-adc8-0d8a7e3aa55c,c3e61d8e-e415-4326-931a-cffe4ec7ba0f,Richard Myers,,,individual,active,14,,2023-07-01,,0.5896190573871876,0.5067866365368732
493a70c8-08ba-4d83-b0aa-eb42ac86b3ee,c3e61d8e-e415-4326-931a-cffe4ec7ba0f,Michael Gray,,,individual,active,30,,2023-07-01,,0.6396891631276767,0.6239034259794066
aa7269fe-47d7-40f4-89f8-b4bc9127d7bd,c3e61d8e-e415-4326-931a-cffe4ec7ba0f,Reginald Odom,,,individual,active,30,,2023-07-01,,0.6873409650827635,0.5459895518666157
02673621-7c05-4666-b53f-e6658a0ddd69,c3e61d8e-e415-4326-931a-cffe4ec7ba0f,Jeremy Reynolds,,,individual,active,30,,2023-07-01,,0.6172768625906904,0.32891256284257364
beae18dc-8a3e-4088-9502-6e0d2d27fa54,c3e61d8e-e415-4326-931a-cffe4ec7ba0f,Turner-Jones,,03647775997,business,active,30,4173.88,2023-07-01,,0.9335209170742594,0.3828441591062495
759f00cf-7465-4347-8e62-5ae4db1e99eb,c3e61d8e-e415-4326-931a-cffe4ec7ba0f,Delacruz LLC,,54784279110,business,active,14,5522.44,2023-07-01,,0.9098176264740421,0.5739203349207921
8cdec6d1-9eb7-43d7-8d92-dafbc8eac609,c3e61d8e-e415-4326-931a-cffe4ec7ba0f,"King, James and Cook",,34843753705,business,active,14,35738.11,2023-07-01,,0.9108110646838705,0.7802371383658147
269a4c57-981d-472a-8875-65469b6a0d1f,c3e61d8e-e415-4326-931a-cffe4ec7ba0f,Stewart-Bailey,,43055450474,business,active,30,26008.54,2023-07-01,,0.9599160690426704,0.2974492950900979
d93ab6e0-ad60-4266-bae7-712fca6b1652,c3e61d8e-e415-4326-931a-cffe4ec7ba0f,Johnson Inc,,38129938814,business,active,14,1781.17,2023-07-01,,0.818048158611749,0.1416065181108812
30ff27c5-ca76-45ae-9628-b1a72ba9f830,c3e61d8e-e415-4326-931a-cffe4ec7ba0f,Jensen-Smith,,68379191626,business,active,30,21990.33,2023-07-01,,0.8271003172132492,0.30967953848576335
b5ac4d50-539f-41d6-84b8-fd1da0d0972a,c3e61d8e-e415-4326-931a-cffe4ec7ba0f,Hull-Mendoza,,80250521002,business,active,30,5827.55,2023-07-01,,0.5202739438878656,0.4873755884915343
c8634f52-6815-493a-82a8-f3a0f008a8d4,c3e61d8e-e415-4326-931a-cffe4ec7ba0f,Nancy Velazquez,,,individual,active,7,,2023-07-01,,0.8694840468598206,0.7559392479733218
dfc3e155-fd59-4b8a-a5de-10f5ac28accf,c3e61d8e-e415-4326-931a-cffe4ec7ba0f,Louis Price,,,individual,active,7,,2023-07-01,,0.540401627906077,0.5747885805019418
75913b2b-6520-41a2-a4d4-2537b7a49d4b,c3e61d8e-e415-4326-931a-cffe4ec7ba0f,Miller-Garner,,89355062005,business,active,14,24127.4,2023-07-01,,0.8168990107103177,0.477786966403466
9b195647-be5f-4dca-a888-c92eca85e957,c3e61d8e-e415-4326-931a-cffe4ec7ba0f,"Green, West and Mosley",,74120308533,business,active,14,16526.76,2023-07-01,,0.8645449333325028,0.6601420097493542
796ffd27-ef20-4c73-a0ed-e5aa094edbc2,c3e61d8e-e415-4326-931a-cffe4ec7ba0f,Stephanie Cline,,,individual,active,14,,2023-07-01,,0.6637115993584035,0.7050531897636023
1e200387-86be-4c4f-9cd7-36661e04e660,c3e61d8e-e415-4326-931a-cffe4ec7ba0f,Sarah Gibson,,,individual,active,7,,2023-07-01,,1.0,0.7007529657148001
3b4a94ba-e57a-4350-b9b9-a5985ba7749a,c3e61d8e-e415-4326-931a-cffe4ec7ba0f,Owens Ltd,,73991823253,business,active,7,3874.28,2023-07-01,,0.5046735763555894,0.36437897949642206
5be4ae22-6400-44c3-bc41-6179d01326ee,c3e61d8e-e415-4326-931a-cffe4ec7ba0f,"Hudson, Mckee and Bishop",,82233450976,business,active,30,7206.25,2023-07-01,,0.9061708230495741,0.4856496021780735
18a3a0b3-83a9-40a3-9b04-269f953b9330,c3e61d8e-e415-4326-931a-cffe4ec7ba0f,Sawyer-Carter,,96045845902,business,active,30,3433.62,2023-07-01,,0.6998855457057461,0.4575107808763326
15c030cb-2d52-4659-9274-39074e351b68,c3e61d8e-e415-4326-931a-cffe4ec7ba0f,Rachel Weber,,,individual,active,14,,2023-07-01,,0.7694098940845455,0.23995621065727568
21724384-0cf5-4ae7-bd4a-7f51c4b3fb50,c3e61d8e-e415-4326-931a-cffe4ec7ba0f,Alexander-Jones,,35181522931,business,active,30,3968.0,2023-07-01,,0.6609969414893238,0.5858381039233134
9a4d040e-fd8f-4d1c-88aa-ea0657ea910b,c3e61d8e-e415-4326-931a-cffe4ec7ba0f,Barker Group,,69363857477,business,active,14,13327.43,2023-07-01,,0.6612897047395048,0.5759947577464558
505b9ef2-279b-44d5-9456-e5141fedfec6,c3e61d8e-e415-4326-931a-cffe4ec7ba0f,Mckee Group,,85428459078,business,active,14,7198.02,2023-07-01,,0.7898292452113572,0.6521254928153458
0cd926ff-d57e-4f25-9a5f-0e93254a0ffd,c3e61d8e-e415-4326-931a-cffe4ec7ba0f,Wolfe LLC,,61763872007,business,active,7,1016.34,2023-07-01,,0.6876214419753357,0.7338208157515471
3a2af4d6-6183-4a9b-90ea-d32eabf6b64b,c3e61d8e-e415-4326-931a-cffe4ec7ba0f,Craig Smith,,,individual,active,30,,2023-07-01,,0.496469809123072,0.30420453046659307
902ff6c1-f824-41a8-8f62-0f74dc915615,c3e61d8e-e415-4326-931a-cffe4ec7ba0f,"Becker, George and Lloyd",,60928149009,business,active,7,21081.78,2023-07-01,,0.7905778495828772,0.5064596044739942
6fd6968c-c8e8-4aab-a786-3f1142204c45,c3e61d8e-e415-4326-931a-cffe4ec7ba0f,Jeffrey Walls,,,individual,active,30,,2023-07-01,,0.8592993040855992,0.5490612008586581
fa510bb7-7227-42ca-a7db-17e25ac0604c,c3e61d8e-e415-4326-931a-cffe4ec7ba0f,Heather Smith,,,individual,active,7,,2023-07-01,,0.7183301851716892,0.2532063390548145
e580f5dd-920f-41b5-a746-e2ec685afd0f,c3e61d8e-e415-4326-931a-cffe4ec7ba0f,"Lee, Reyes and Cox",,65333460320,business,active,30,7238.36,2023-07-01,,0.5699572879466213,0.44711458320496866
667e3279-011e-47db-8e70-a02d6687e9eb,c3e61d8e-e415-4326-931a-cffe4ec7ba0f,Lee-Parks,,79757326378,business,active,30,14090.03,2023-07-01,,0.5936516611614261,0.26810682306901734
c01fb635-968e-4d9f-8316-fa216ee80395,c3e61d8e-e415-4326-931a-cffe4ec7ba0f,Simmons-Haynes,,21518968012,business,active,30,9538.59,2023-07-01,,0.743338013862526,0.5402449759395775
990f257f-efe9-4741-b0a0-84bcf874ac1d,c3e61d8e-e415-4326-931a-cffe4ec7ba0f,"Ramirez, Parker and Rodgers",,22469718505,business,active,14,2486.9,2023-07-01,,0.7832432670814762,0.4194074031192105
3de169c0-475b-44d8-a77d-b20336599db1,c3e61d8e-e415-4326-931a-cffe4ec7ba0f,Brown PLC,,09989595273,business,active,7,3326.44,2023-07-01,,0.9858157753412836,0.440034744636806
84f867ae-1022-4f80-b44b-518942cc9e40,c3e61d8e-e415-4326-931a-cffe4ec7ba0f,"Jimenez, Cooper and Bush",,37021113388,business,active,7,3701.24,2023-07-01,,0.5223920896481055,0.6118958313166839
ff82e044-cf44-4dfb-9ddd-0c98fb944f4b,c3e61d8e-e415-4326-931a-cffe4ec7ba0f,Smith-Johnson,,50001417007,business,active,14,4512.66,2024-01-05,,0.8287195249647209,0.5166353132507279
67196b05-6b1d-4332-9908-465aaaed6f6a,c3e61d8e-e415-4326-931a-cffe4ec7ba0f,"Nixon, Lewis and Harper",,94407479287,business,active,7,1073.07,2023-07-01,,0.3629540090685797,0.40675308918533837
966efb43-8582-4699-b061-bca0ad69a15b,c3e61d8e-e415-4326-931a-cffe4ec7ba0f,Elizabeth Russell,,,individual,active,7,,2023-07-01,,0.4938122950635364,0.3645371953638872
bcc76a56-67ca-4549-bcda-33020f238fc7,c3e61d8e-e415-4326-931a-cffe4ec7ba0f,Micheal Lee,,,individual,active,30,,2023-07-01,,0.7111794813571845,0.6549931797275053
57377d82-8035-44e7-b2a6-6e45b437d1ca,c3e61d8e-e415-4326-931a-cffe4ec7ba0f,"Cox, Reed and Brown",,07262092219,business,active,7,1979.3,2023-07-01,,0.7841973598749254,0.5392087626085789
954da84d-fa7a-488e-990a-b67c50829b15,c3e61d8e-e415-4326-931a-cffe4ec7ba0f,Braun and Sons,,68681909151,business,active,30,11569.91,2023-07-01,,0.5266130265114777,0.47190204986665435
2208a583-3e0e-46be-a633-f5ee63e684d7,c3e61d8e-e415-4326-931a-cffe4ec7ba0f,Padilla PLC,,04481680473,business,active,30,2586.42,2023-07-01,,0.8041229418922026,0.661016301452876
79ee62e8-ee1b-43dc-bb15-bbf8475dab51,c3e61d8e-e415-4326-931a-cffe4ec7ba0f,Bobby Watson,,,individual,active,30,,2023-07-01,,0.6394257843891082,0.3651223208529466
2df0c0bc-cc19-41ff-8b2a-da234b36113e,c3e61d8e-e415-4326-931a-cffe4ec7ba0f,Thomas LLC,,03920668480,business,active,30,36349.27,2023-07-05,,0.8571241203585716,0.6396144403643553
047411cd-c184-4a2a-b5d9-2dea6ac79d73,c3e61d8e-e415-4326-931a-cffe4ec7ba0f,Lisa Robinson,,,individual,active,7,,2023-08-02,,0.6193285800979541,0.43634586521839136
f85c134a-dc97-4236-a7f0-b096d9b72cd6,c3e61d8e-e415-4326-931a-cffe4ec7ba0f,Jonathan Summers,,,individual,active,30,,2023-08-07,,0.7411381619677785,0.762330993498388
ae94e85b-f910-4455-8d74-c6cda56a66ea,c3e61d8e-e415-4326-931a-cffe4ec7ba0f,"Ramirez, Hudson and Peterson",,78691800876,business,active,30,4675.55,2023-08-10,,0.48968947663923407,0.3330046249908879
4ce0fcf6-9ac1-4ba2-8e2a-bb88cb6e325f,c3e61d8e-e415-4326-931a-cffe4ec7ba0f,"Parker, Morton and Case",,65762249633,business,active,14,3959.73,2023-08-16,,0.7028989507533545,0.21940228796325517
cd5f3334-6d24-4bbc-adbe-0217ef2b5f5c,c3e61d8e-e415-4326-931a-cffe4ec7ba0f,Kyle Scott,,,individual,active,14,,2023-08-24,,0.5667362671829042,0.1
5f4266b8-d880-436b-82c5-4032a26fde75,c3e61d8e-e415-4326-931a-cffe4ec7ba0f,Foster Ltd,,31961137395,business,active,30,2557.25,2023-08-31,,0.8141506857939077,0.3144426101573241
41d190a9-9085-481b-98b1-41af737e87c5,c3e61d8e-e415-4326-931a-cffe4ec7ba0f,Melissa Young,,,individual,active,14,,2023-09-01,,0.8485107492412772,0.4904637248110278
0fd2e4ee-e589-4aa3-b966-010da166bc2a,c3e61d8e-e415-4326-931a-cffe4ec7ba0f,Burns-Harris,,40130490872,business,active,14,2240.14,2023-09-12,,0.7041253896988089,0.6270422831819575
f26be769-d99e-48d2-96bb-8ca7ee72848a,c3e61d8e-e415-4326-931a-cffe4ec7ba0f,Fisher Ltd,,45704896604,business,active,14,11466.88,2023-09-13,,0.7933854973002543,0.7340739183337781
b771220f-0ec5-46d7-83b6-a70b8254f410,c3e61d8e-e415-4326-931a-cffe4ec7ba0f,Galvan and Sons,,19891190827,business,active,30,10946.28,2023-09-14,,0.7195850437530947,0.5079400577190434
7483f306-f0b6-439b-a4fe-25ea46ff276a,c3e61d8e-e415-4326-931a-cffe4ec7ba0f,Gregory Welch,,,individual,active,14,,2023-09-21,,0.9116437945922227,0.4387810320529597
9f59260b-c82a-4a66-9302-44e60ffc065d,c3e61d8e-e415-4326-931a-cffe4ec7ba0f,Richmond-Barajas,,24102429427,business,active,7,8209.81,2023-09-27,,0.5840347267022037,0.46722741589885347
05fc4816-645b-4496-a9b1-fcc89fa79110,c3e61d8e-e415-4326-931a-cffe4ec7ba0f,"Barron, Davis and White",,47182312800,business,active,30,7698.73,2023-09-29,,0.62487314224969,0.4743807989187484
acbeb27d-207d-4f2e-be41-e94c0cbe46c4,c3e61d8e-e415-4326-931a-cffe4ec7ba0f,Farrell Group,,29929977254,business,active,30,17756.1,2023-10-02,,0.7445332462911344,0.1
b355d0ca-9c91-4912-a73f-d7b5cd5ab9c0,c3e61d8e-e415-4326-931a-cffe4ec7ba0f,Carter-Rodriguez,,94766645454,business,active,14,7382.68,2023-10-03,,0.6434543123320422,1.0
481c5b2e-0a68-4d30-8fb2-902616698820,c3e61d8e-e415-4326-931a-cffe4ec7ba0f,Sarah Smith,,,individual,active,14,,2023-10-06,,1.0,0.41248124622969284
44a0b9d3-ea1c-4074-bb9e-3b05c4290dd5,c3e61d8e-e415-4326-931a-cffe4ec7ba0f,Cummings Inc,,68755160294,business,active,14,8237.59,2023-10-13,,0.8993125204275685,0.2459540948107924
1228e73b-46ca-4906-802f-dea47d52233d,c3e61d8e-e415-4326-931a-cffe4ec7ba0f,Mccoy Group,,52868575620,business,active,7,34390.25,2023-10-19,,0.62471126000799,0.5973669957370752
7bcfc1ef-679a-44ea-93e9-72c7b02bc82a,c3e61d8e-e415-4326-931a-cffe4ec7ba0f,Harper-Mitchell,,08724082834,business,active,30,6362.61,2023-10-27,,0.8797923744318796,0.8329538233207392
9c391dd1-31aa-40c3-89a3-664279312d73,c3e61d8e-e415-4326-931a-cffe4ec7ba0f,Browning-Cobb,,54467942880,business,active,30,11133.01,2023-11-06,,0.6796372349127656,0.6814940087925706
5ca64e54-9f23-4e05-8963-9869da479836,c3e61d8e-e415-4326-931a-cffe4ec7ba0f,"Baker, Young and Bradley",,18979626466,business,active,7,12245.53,2023-11-07,,0.443086650668398,0.5157854994216714
d60b7079-f49c-4f3b-bcfd-19cdb9f00803,c3e61d8e-e415-4326-931a-cffe4ec7ba0f,Kurt Wood,,,individual,active,7,,2023-11-08,,0.5728511491341712,0.7283615523955553
b8d52c16-7471-4eb9-a8a6-48d862930d26,c3e61d8e-e415-4326-931a-cffe4ec7ba0f,Gonzales-Wilson,,63534672921,business,active,14,9260.53,2023-11-10,,0.5883752192723127,0.6448745324973715
0b2af952-6d14-4218-9d53-451d719c5964,c3e61d8e-e415-4326-931a-cffe4ec7ba0f,Gray and Sons,,62068014988,business,active,7,5382.49,2023-11-13,,0.8712256468850249,0.47327145109974444
4b0e7165-6ac7-493f-aa4b-3cbdda04e221,c3e61d8e-e415-4326-931a-cffe4ec7ba0f,Gilbert LLC,,62713897455,business,active,14,29597.47,2023-11-16,,0.66737944464224,0.5493784110325654
bd380d96-2b6f-432e-8ad4-cdd6779bc03f,c3e61d8e-e415-4326-931a-cffe4ec7ba0f,Angela Jones,,,individual,active,7,,2023-11-27,,0.8191907819902804,0.32143014454023955
e12b21ae-180d-4cc0-ba94-038161f4d675,c3e61d8e-e415-4326-931a-cffe4ec7ba0f,Michael Frey,,,individual,active,14,,2023-11-30,,0.8650499711761157,0.5230868191260759
82c17a71-caf5-4a1a-b798-7473a02d483b,c3e61d8e-e415-4326-931a-cffe4ec7ba0f,Joshua Tanner,,,individual,active,14,,2023-12-06,,0.6254933335087971,0.6390563576752647
969e7155-8088-44ee-ba4b-9c008760afd5,c3e61d8e-e415-4326-931a-cffe4ec7ba0f,Maria Archer,,,individual,active,30,,2023-12-11,,0.6192054882846479,0.4623338130301638
3fb6a3bb-094f-435f-a705-5ff3c7a706c7,c3e61d8e-e415-4326-931a-cffe4ec7ba0f,Smith PLC,,02272310659,business,active,14,7114.63,2023-12-12,,0.7104520637343446,0.737207489592182
5d6163a1-c56c-44e9-bfc1-8f0da496ed7c,c3e61d8e-e415-4326-931a-cffe4ec7ba0f,Roberts-Richards,,22059703752,business,active,30,16224.66,2023-12-13,,1.0,0.6431089857236291
648f04a1-a4a0-4541-b7e0-0f5acc7561c5,c3e61d8e-e415-4326-931a-cffe4ec7ba0f,"Schneider, Johnson and Rubio",,27222050499,business,active,7,22133.83,2023-12-15,,0.698274465723655,0.4881415675866841
43649d8e-59a6-422c-a731-53bfac49a8a4,c3e61d8e-e415-4326-931a-cffe4ec7ba0f,Leon and Sons,,25985828131,business,active,30,2557.18,2023-12-27,,0.815592584206888,0.28872605318213806
366a2a09-cc6c-4993-b5ed-b8fe41317cb0,c3e61d8e-e415-4326-931a-cffe4ec7ba0f,Booth PLC,,19873170208,business,active,30,2342.33,2023-12-29,,0.5875119470559202,0.703488757410488
fc7556f4-4197-4a01-b557-ad7f64263b11,c3e61d8e-e415-4326-931a-cffe4ec7ba0f,Melendez Inc,,50446369146,business,active,30,4545.57,2024-01-04,,1.0,0.754836417203349
74e82e8d-1f02-4c6b-ae85-ff15b8c11bf1,c3e61d8e-e415-4326-931a-cffe4ec7ba0f,"Johnson, Kennedy and Cowan",,95573886534,business,active,7,5220.48,2024-01-25,,0.7130981760418225,0.590611918763433
9d794f6b-aa32-4098-a18a-6a8a02db3a13,c3e61d8e-e415-4326-931a-cffe4ec7ba0f,Allen Garcia,,,individual,active,14,,2024-01-29,,1.0,0.6360228560875872
df3dd40f-42f5-41b1-a3f6-7d48a7460605,c3e61d8e-e415-4326-931a-cffe4ec7ba0f,Medina Ltd,,68445875942,business,active,14,9633.09,2024-02-08,,0.8509298716554832,0.6513712858883216
9d3b5a92-f864-4735-980b-5c506dd72309,c3e61d8e-e415-4326-931a-cffe4ec7ba0f,Olsen-Johnson,,23548502846,business,active,7,7238.69,2024-02-09,,0.8460197527497644,0.33848671473932035
ffbb50fb-b4d2-45c2-a865-41094614ea6c,c3e61d8e-e415-4326-931a-cffe4ec7ba0f,Mary Griffith,,,individual,active,7,,2024-02-12,,0.6740917286567116,0.546090259634546
fde238ad-9ba2-4930-b624-6cf2975e0f62,c3e61d8e-e415-4326-931a-cffe4ec7ba0f,"Bryan, Ramsey and Ramos",,41440055127,business,active,14,50000.0,2024-02-15,,0.9928804101670847,0.3709808522415294
68adadb4-74c1-45ac-9eed-01588e606571,c3e61d8e-e415-4326-931a-cffe4ec7ba0f,Susan Alexander,,,individual,active,30,,2024-02-20,,0.7566153701112756,0.6350145445540969
b130a17a-0c98-44eb-b06f-9dcf96a99bce,c3e61d8e-e415-4326-931a-cffe4ec7ba0f,"Lowe, Garcia and Moreno",,21564630239,business,active,30,14042.35,2024-02-27,,0.7308656500904707,0.1
da0eb952-816a-43df-9f9f-ff84154a3276,c3e61d8e-e415-4326-931a-cffe4ec7ba0f,Byrd and Sons,,75329493378,business,active,7,15453.24,2024-03-01,,0.5633344144440221,0.39382782841119357
8a9eea8a-f8a3-4185-a1d2-a7b3d4f298da,c3e61d8e-e415-4326-931a-cffe4ec7ba0f,Rocha-Cole,,93469266590,business,active,14,9110.74,2024-03-08,,0.8501847686670552,0.471018015828849
5b99a2d9-e5e6-4e09-8167-629f4164e76e,c3e61d8e-e415-4326-931a-cffe4ec7ba0f,Burch-Fields,,38073449572,business,active,7,24625.1,2024-03-14,,0.7508791270105343,0.7879533419630389
5d5c4980-bb1e-4744-b92d-7233a440fe0b,c3e61d8e-e415-4326-931a-cffe4ec7ba0f,Elizabeth Salinas,,,individual,active,14,,2024-03-15,,0.7339589672014756,0.7027531968147696
8632c00b-aad6-498a-8a6c-74c386ce21b3,c3e61d8e-e415-4326-931a-cffe4ec7ba0f,"Henderson, Robinson and Espinoza",,44327204716,business,active,7,2244.97,2024-03-21,,0.7647675742387418,0.5877581052226353
1792c33b-8d1d-4ea9-92a2-57319c15be24,c3e61d8e-e415-4326-931a-cffe4ec7ba0f,Alyssa Hunt,,,individual,active,14,,2024-03-22,,0.8810444371223344,0.38638261167178783
c984af8d-d118-4ceb-baf2-961e8e3c818f,c3e61d8e-e415-4326-931a-cffe4ec7ba0f,Michelle Osborne,,,individual,active,30,,2024-04-05,,0.6592313099902322,0.5187318428724498
fd688de3-1972-42ba-a645-f8db41ce4860,c3e61d8e-e415-4326-931a-cffe4ec7ba0f,Jeremiah Carlson,,,individual,active,30,,2024-04-09,,0.8554208999064186,0.4886709093686812
49000e70-1cf5-49cb-9351-837839a9619c,c3e61d8e-e415-4326-931a-cffe4ec7ba0f,Amy Jenkins,,,individual,active,30,,2024-04-18,,0.6510049193640284,0.6128308915781897
38012adc-3fd5-4624-b2a6-d203eb3d1b37,c3e61d8e-e415-4326-931a-cffe4ec7ba0f,Raymond Kennedy,,,individual,active,7,,2024-05-01,,0.6064036050936015,0.304158750583715
7623f614-e2d3-468b-84e4-26210cce2113,c3e61d8e-e415-4326-931a-cffe4ec7ba0f,Jennings and Sons,,73305229143,business,active,30,4663.95,2024-05-03,,0.5823791545135475,0.2418148154875729
3fa4c53d-99cc-40d7-aa66-66dc613d993c,c3e61d8e-e415-4326-931a-cffe4ec7ba0f,Maldonado Inc,,79387880762,business,active,7,3922.08,2024-05-06,,0.886879185212444,0.6996924774644434
6dce6167-b6ea-483e-ae9a-014d7afd1480,c3e61d8e-e415-4326-931a-cffe4ec7ba0f,Berg and Sons,,81550911358,business,active,30,9142.28,2024-05-20,,0.6318241913409083,0.6884344799431034
55e036af-727a-459c-b330-6605ee9af7b7,c3e61d8e-e415-4326-931a-cffe4ec7ba0f,Brandon Diaz,,,individual,active,30,,2024-05-22,,0.8704420325999294,0.5090516574408599
86ae7c30-5493-4dd4-b382-e5006962c7e5,c3e61d8e-e415-4326-931a-cffe4ec7ba0f,Mitchell Thomas,,,individual,active,30,,2024-05-31,,0.9756045684790646,0.7378364038901329
79ca52a4-c886-40ad-a3db-66dfeb5a170c,c3e61d8e-e415-4326-931a-cffe4ec7ba0f,"Kennedy, Myers and Robles",,70495803514,business,active,30,11983.05,2024-06-06,,0.49427507976542784,0.4553060734051574
4894b12f-fcd0-4e57-a508-b4d49bda508b,c3e61d8e-e415-4326-931a-cffe4ec7ba0f,Rebecca Murphy,,,individual,active,7,,2024-06-07,,0.873706569371117,0.5928558123907145
5e85ee34-201a-4e20-9a38-885d4c68c113,c3e61d8e-e415-4326-931a-cffe4ec7ba0f,"Bailey, Montgomery and Yang",,91310787706,business,active,7,13320.6,2024-06-11,,0.7273592318228643,0.8874202704752132
58a8cc59-bf93-4287-a581-3f23e71a9060,c3e61d8e-e415-4326-931a-cffe4ec7ba0f,Cody Hobbs,,,individual,active,14,,2024-06-13,,0.4491251664138213,0.22248832551875697
539472ec-7dfc-4ec9-a754-0d03da605ad8,c3e61d8e-e415-4326-931a-cffe4ec7ba0f,Christopher Estrada,,,individual,active,30,,2024-06-17,,0.8562695847178284,0.5785028295572947
abd9c295-b3db-49b3-b3a2-6df3c6c9f75d,c3e61d8e-e415-4326-931a-cffe4ec7ba0f,"Prince, Hamilton and Marsh",,67229480244,business,active,30,8303.55,2024-06-21,,0.7036431677113179,0.46425060059049694
dbb1ac27-a08d-4db9-843d-2d31266e8095,c3e61d8e-e415-4326-931a-cffe4ec7ba0f,Mccormick-Hawkins,,42308310689,business,active,30,3875.49,2024-06-25,,0.928859817414543,0.5780867252745271
39a1f923-c323-4d84-b23e-b6120e0bf755,c3e61d8e-e415-4326-931a-cffe4ec7ba0f,Shields Ltd,,14126498557,business,active,30,23194.24,2024-07-04,,0.5600138912978128,0.5711738007440694
734cc5ef-6856-44af-bde8-ef06e2fbeb4d,c3e61d8e-e415-4326-931a-cffe4ec7ba0f,Juan Roberts,,,individual,active,7,,2024-07-18,,0.7983031790003414,0.1764232041013754
454135b6-4375-4e13-856d-891e32c14eba,c3e61d8e-e415-4326-931a-cffe4ec7ba0f,Romero LLC,,42098682060,business,active,14,32591.73,2024-07-26,,0.9997127520869905,0.7980895153179628
b23d1339-307e-48ca-b890-075e889241aa,c3e61d8e-e415-4326-931a-cffe4ec7ba0f,Perry-Moran,,20554343195,business,active,7,4323.67,2024-08-06,,0.9129737815630241,0.23026942894443314
b0c57db6-f13f-4925-ae0e-f118a1b15525,c3e61d8e-e415-4326-931a-cffe4ec7ba0f,Hughes Inc,,50506326619,business,active,7,7132.32,2024-08-15,,0.7486456536263542,0.5566405551168102
9b290270-9cd3-4968-ac8d-ec690a676ef8,c3e61d8e-e415-4326-931a-cffe4ec7ba0f,Mary Nguyen,,,individual,active,30,,2024-08-16,,0.8567414814730588,0.42927311037054877
911c3bdb-9711-4189-9459-8b40a0a1e28f,c3e61d8e-e415-4326-931a-cffe4ec7ba0f,Tracy Dickerson,,,individual,active,7,,2024-08-20,,0.7672153725291447,0.511666066389117
cd3da70d-0c67-4c87-ade4-547680ac375c,c3e61d8e-e415-4326-931a-cffe4ec7ba0f,Anderson-Patel,,01071330479,business,active,7,1872.94,2024-09-03,,0.7115921497069463,0.473982654306803
057ad343-f5c2-43ec-bc89-85ed1a807666,c3e61d8e-e415-4326-931a-cffe4ec7ba0f,Ashley Maynard,,,individual,active,14,,2024-09-06,,0.3833462432479298,0.5773174317110881
2234010f-aa3c-4653-a52b-7e1d7314bb88,c3e61d8e-e415-4326-931a-cffe4ec7ba0f,Griffin Ltd,,71699020499,business,active,30,6657.45,2024-09-09,,0.6947397637320091,0.3763608935967655
12f5f615-83bb-437d-ad9f-48d8bb49e3b5,c3e61d8e-e415-4326-931a-cffe4ec7ba0f,Sanchez-Nguyen,,97872235124,business,active,14,3497.16,2024-09-11,,0.8879378217439432,0.4672594666966634
e65f22fe-3503-42c9-8f7a-fc762b5afeea,c3e61d8e-e415-4326-931a-cffe4ec7ba0f,Penny Adams,,,individual,active,30,,2024-09-16,,0.9187247248356972,0.44061310361652434
58b4d88a-cf4a-4e53-ace5-bd4f316e8480,c3e61d8e-e415-4326-931a-cffe4ec7ba0f,Jessica Duncan,,,individual,active,7,,2024-09-20,,0.8592324843568308,0.6708171110120321
16036005-a838-4e4c-bca4-e9e88c22eb0e,c3e61d8e-e415-4326-931a-cffe4ec7ba0f,White-Carr,,86418390824,business,active,14,5418.35,2024-09-24,,0.8059453458700955,0.383794293678567
b7c20e7f-2a47-4667-8aa0-52ae83dd524e,c3e61d8e-e415-4326-931a-cffe4ec7ba0f,Hammond Inc,,99426053202,business,active,30,18812.13,2024-09-27,,0.6440019331384662,0.3877365959490923
e0616e06-749d-404d-a2f2-3f52239caca3,c3e61d8e-e415-4326-931a-cffe4ec7ba0f,Hicks Ltd,,78021849058,business,active,30,15825.21,2024-09-30,,0.896093572302621,0.36541782521326127
ae3353c8-957f-48f6-9ebb-5ce96501f946,c3e61d8e-e415-4326-931a-cffe4ec7ba0f,Cervantes-Bonilla,,51637661803,business,active,7,6672.69,2024-10-17,,0.8172622909708901,0.2638365804299956
dc440365-b8ca-4ac3-9ae3-bcaba2e5e757,c3e61d8e-e415-4326-931a-cffe4ec7ba0f,"Bryan, Moyer and Brown",,67705504034,business,active,30,11880.62,2024-10-18,,0.46640994405837694,0.5427661213627407
b5400269-b311-4a92-b0b9-24d9d09fe640,c3e61d8e-e415-4326-931a-cffe4ec7ba0f,Kathy Mcdaniel,,,individual,active,7,,2024-10-21,,0.4495408872852257,0.500608293889942
f5859a55-53f7-4b0e-9418-5cf9bde309f6,c3e61d8e-e415-4326-931a-cffe4ec7ba0f,Russell-Adams,,59156973892,business,active,30,1000.0,2024-10-23,,0.4145456079265413,0.4581442916649321
607923e2-65d2-43f4-9b9d-9df1af72a6ea,c3e61d8e-e415-4326-931a-cffe4ec7ba0f,Hahn-Christensen,,76120279038,business,active,14,2514.99,2024-10-29,,0.6970050460687793,0.6888690840453414
0e3224f4-bf54-4927-9476-5742e8438c74,c3e61d8e-e415-4326-931a-cffe4ec7ba0f,Villarreal-Collins,,37928703385,business,active,30,1793.41,2024-10-30,,0.6964810255302529,0.36612718725832194
b419ab4d-42f4-47c9-9ce9-a719f67fcff2,c3e61d8e-e415-4326-931a-cffe4ec7ba0f,"Hunt, Mitchell and Fleming",,68552063977,business,active,14,1337.44,2024-11-06,,0.9219983823814283,0.45450980212920244
32ebd76b-191d-4dd2-9f96-19b02488febb,c3e61d8e-e415-4326-931a-cffe4ec7ba0f,"Spencer, Campbell and Williams",,21251855869,business,active,30,5251.24,2024-11-07,,0.6297545810235587,0.42876864367541956
6d58a01d-b3f6-4f1e-b883-a1bfe3ddd8d8,c3e61d8e-e415-4326-931a-cffe4ec7ba0f,"Davidson, Mcclure and Boyd",,12844195566,business,active,14,3705.42,2024-11-08,,0.9014277855782522,0.28972206062231026
3f60ece8-b8ea-43f1-9a41-f031539dd84a,c3e61d8e-e415-4326-931a-cffe4ec7ba0f,Taylor Inc,,74432254137,business,active,30,22996.07,2024-11-11,,0.5523630282527136,0.4240900466240474
23c21764-5244-4847-abc4-9bc1c5e1b65d,c3e61d8e-e415-4326-931a-cffe4ec7ba0f,Hebert Inc,,38189778482,business,active,30,5729.99,2024-11-14,,0.6028316184443729,0.4559624607068778
fb973df9-6dce-4ab6-87ba-58bfa69d4162,c3e61d8e-e415-4326-931a-cffe4ec7ba0f,Robinson and Sons,,96538837607,business,active,7,9783.23,2024-12-03,,0.6412098784982101,0.24794599977826837
ec6d46bf-867c-4b58-9d00-ff080e41ed5b,c3e61d8e-e415-4326-931a-cffe4ec7ba0f,Hawkins and Sons,,98599513616,business,active,30,5844.02,2024-12-10,,0.796244845267595,0.6929227382499213
746c45a2-5e27-4a22-9604-5020c832f261,c3e61d8e-e415-4326-931a-cffe4ec7ba0f,Brown-Morrison,,76659530732,business,active,14,10625.53,2024-12-12,,0.7758790259480514,0.8058793332053125
69fa97ba-0e90-4646-b25f-ae7056a19f30,c3e61d8e-e415-4326-931a-cffe4ec7ba0f,Tucker Group,,61727778064,business,active,14,1484.37,2024-12-13,,0.8951022554600618,0.3572660555007737
6873e012-1eda-49f2-9fc2-4423557e21b3,c3e61d8e-e415-4326-931a-cffe4ec7ba0f,Eric Larsen,,,individual,active,30,,2024-12-19,,0.5494025381538002,0.6238900188613883
5ef64e3f-0537-4059-b8cc-48ba2ea34138,c3e61d8e-e415-4326-931a-cffe4ec7ba0f,Cynthia Gamble,,,individual,active,30,,2024-12-20,,0.5535457736189915,0.10058321818869681
a1467f6b-85fd-420c-872c-6bc93a80decc,c3e61d8e-e415-4326-931a-cffe4ec7ba0f,Andrea Vega,,,individual,active,7,,2024-12-27,,0.7823450696436108,0.578488286608278
d3c87d8d-e1a8-4009-9210-dc015cd6972f,c3e61d8e-e415-4326-931a-cffe4ec7ba0f,Brown PLC,,46777276492,business,active,30,6708.11,2024-12-31,,0.7388762386487189,0.6487969795028556
c5486373-b31a-4cc2-bf99-013a9d39492e,c3e61d8e-e415-4326-931a-cffe4ec7ba0f,"Simpson, Webb and Davis",,54245234612,business,active,7,3250.16,2025-02-05,,1.0,0.4973770377144766
5afec1b3-a1e2-4994-a920-8e8637f80151,c3e61d8e-e415-4326-931a-cffe4ec7ba0f,Ramirez Group,,17693639915,business,active,14,27197.96,2025-02-07,,0.7085094910899442,0.22148327173342858
983c61c3-89e8-4a49-8d50-ef446bac3fa1,c3e61d8e-e415-4326-931a-cffe4ec7ba0f,Martinez Inc,,31756000442,business,active,30,2166.72,2025-02-18,,0.72529624258893,0.7020883537306573
03bf58cc-2a27-4c67-b7fb-a63bc0b88e04,c3e61d8e-e415-4326-931a-cffe4ec7ba0f,Pratt-Kim,,79470471422,business,active,7,10751.18,2025-03-05,,0.7109827975873702,0.39098159973254915
b2e4c5ed-1310-409e-8617-7b0fd897c3f5,c3e61d8e-e415-4326-931a-cffe4ec7ba0f,Guerrero Inc,,35908755980,business,active,30,3041.83,2025-03-13,,0.5349974941536769,0.40630979774926773
e25f3a4d-f28c-45e8-b868-70c95ee58182,c3e61d8e-e415-4326-931a-cffe4ec7ba0f,"Perez, Mclaughlin and Baird",,78653435869,business,active,30,50000.0,2025-03-17,,0.9460511310739671,0.7736895325956731
89b66be6-5db1-4697-a570-604098fcbff7,c3e61d8e-e415-4326-931a-cffe4ec7ba0f,"Roberts, Trevino and Barnes",,82177082675,business,active,14,8823.94,2025-03-24,,0.9251666851231818,0.5807743833431119
23f0454d-f5ef-4968-bdcb-eda71559333c,c3e61d8e-e415-4326-931a-cffe4ec7ba0f,Robert Smith,,,individual,active,14,,2025-03-28,,0.8914398395222718,0.5415905181692129
cd9432bf-d857-4426-b885-ab1008a2a7c8,c3e61d8e-e415-4326-931a-cffe4ec7ba0f,"Odonnell, Clements and Jones",,90335224979,business,active,30,2157.14,2025-03-31,,0.8213489824825914,0.14242324014043578
f72a00fb-f9f4-44d2-8381-65c00d944f90,c3e61d8e-e415-4326-931a-cffe4ec7ba0f,Rachel Crawford,,,individual,active,14,,2025-04-03,,0.6600949616976212,0.5900677181214325
6ddce25e-d48c-42d5-87e9-04896355a0c6,c3e61d8e-e415-4326-931a-cffe4ec7ba0f,Scott Flores,,,individual,active,14,,2025-04-14,,0.8640376466964941,0.34798993213779583
9e08b967-6d70-43d0-8b76-6221657778d3,c3e61d8e-e415-4326-931a-cffe4ec7ba0f,Brandy Jenkins DVM,,,individual,active,14,,2025-04-28,,0.8256816517280368,0.6856022663968474
4ea26891-d18f-4661-ac27-e1f490bf7cfb,c3e61d8e-e415-4326-931a-cffe4ec7ba0f,"Maynard, Dixon and Jenkins",,87846193076,business,active,7,19734.22,2025-04-30,,0.7662736325631675,0.42583602224760997
d107d3e8-49f0-4ac3-a9ab-256702044d1d,c3e61d8e-e415-4326-931a-cffe4ec7ba0f,Harvey-Flowers,,71246213559,business,active,14,3926.33,2025-05-01,,0.8442600690475338,0.7261850855437862
d43d9bdc-46f1-480b-9380-48f9fc48191e,c3e61d8e-e415-4326-931a-cffe4ec7ba0f,"Guzman, Cherry and Leon",,60265945073,business,active,30,20732.29,2025-05-19,,0.5646199826353531,0.3285021361371824
891601e0-8b95-409c-aeae-fe8f781cbe1e,c3e61d8e-e415-4326-931a-cffe4ec7ba0f,"Johnson, Gilbert and Dunn",,79110682871,business,active,7,12389.18,2025-05-21,,0.6055934591547363,0.42377550815920834
d10a7175-1121-4a83-aa0f-f456cf7444a3,c3e61d8e-e415-4326-931a-cffe4ec7ba0f,Castillo Group,,17321503942,business,active,7,2078.58,2025-06-02,,0.47828148032269957,0.4709244176486669
88967dff-8edf-40ee-953a-b729f0a7b0e8,c3e61d8e-e415-4326-931a-cffe4ec7ba0f,"Chavez, Gutierrez and Turner",,62959197078,business,active,14,4277.74,2025-06-03,,0.5893755800433592,0.5210860101322421
1f6e0c77-8907-4610-8289-1f98b9733822,c3e61d8e-e415-4326-931a-cffe4ec7ba0f,"Walker, Brown and Ferrell",,19433693537,business,active,30,1000.0,2025-06-06,,0.944754143761858,0.11093661966630214
afee206d-f682-4a1a-ba80-5aa2eaa29345,c3e61d8e-e415-4326-931a-cffe4ec7ba0f,Lee-Lee,,55455637060,business,active,30,8290.5,2025-06-24,,0.8493689925497795,0.4214044463298678
399dcdb9-7c6b-42b5-8c2b-6bdebd150a6f,c3e61d8e-e415-4326-931a-cffe4ec7ba0f,Rachel Sanders,,,individual,active,7,,2025-06-26,,0.3759054809886705,0.449436818069392
