id,product_id,movement_date,movement_type,quantity,unit_cost,reference_type,reference_id,balance_after
7ccd2ad8-61ac-4d00-b532-33e26c9c7338,b9ae3e12-d4f1-4d77-8c96-1e7466d60cdf,2023-07-03,sale,-10,93.39,sales_order,9c0e1c03-8303-4011-92e9-1ef93b327150,54
43b856dc-1c23-44d5-88a0-7c3f5b4f2994,3a274fe9-e93d-4cfd-8eb2-f97751e43367,2023-07-03,sale,-1,9.91,sales_order,59eacb39-fcd7-463e-927d-a620c96c948f,40
722b4d9b-fdcf-4dbf-93dd-c5c854d1698b,458ebebb-1262-4530-b0a9-ad1b679b6667,2023-07-03,sale,-1,84.04,sales_order,59eacb39-fcd7-463e-927d-a620c96c948f,90
bfe58ccc-fe92-4d63-81a3-affce781d3d2,5efadb73-4149-4fee-9142-11bc5c3aae7a,2023-07-03,sale,-7,18.34,sales_order,59eacb39-fcd7-463e-927d-a620c96c948f,69
a5c9f905-b1b7-483b-8067-9382a878481a,ba1f94d1-03c9-4dd4-a89f-f65c98a179c5,2023-07-03,sale,-9,21.37,sales_order,59eacb39-fcd7-463e-927d-a620c96c948f,31
f632896c-74fc-4a90-8cd3-58705b70f434,ab67eed1-8719-4cb2-be77-c5e083a57a2f,2023-07-04,sale,-5,43.36,sales_order,99ab1dad-36df-46ca-bfad-73b26e0edd6f,86
907d06b6-5b87-4c18-9ff9-8e8fdb363ed6,ac3446f6-9e63-4076-89cd-f1c89675a42b,2023-07-04,sale,-7,30.43,sales_order,99ab1dad-36df-46ca-bfad-73b26e0edd6f,70
65bd0625-6306-4f8e-953a-fdf3d798ea6f,ccda4206-2a1f-45bc-b24d-c1ed3c349fc6,2023-07-04,sale,-2,49.03,sales_order,99ab1dad-36df-46ca-bfad-73b26e0edd6f,94
0bbfff04-2fb6-4271-a682-f26a6ba3d394,e2c0cd62-99f2-468e-aa5e-9dbe44e619b2,2023-07-04,sale,-3,12.89,sales_order,99ab1dad-36df-46ca-bfad-73b26e0edd6f,60
9d48cc34-55f7-4677-9e6b-235464ae7474,3f330271-554e-45b0-a931-2e035437be0f,2023-07-04,sale,-9,35.26,sales_order,99ab1dad-36df-46ca-bfad-73b26e0edd6f,18
88d715ee-8ccd-49dd-aae5-7d665edfb0d8,14e64280-bd03-48c5-a021-4bb29426c007,2023-07-04,sale,-2,29.97,sales_order,99ab1dad-36df-46ca-bfad-73b26e0edd6f,54
1a656a71-3ae2-4544-b4b7-3b0e21967440,72f14575-a2a4-4b1b-a259-b8926c672424,2023-07-04,sale,-10,25.60,sales_order,99ab1dad-36df-46ca-bfad-73b26e0edd6f,85
889f8567-c283-4ef2-b34b-9e8c44545358,02232172-9b28-4bc5-9a70-c230b5281f0b,2023-07-04,sale,-7,63.13,sales_order,99ab1dad-36df-46ca-bfad-73b26e0edd6f,4
944d8152-84a1-4192-b365-541a9d27baa6,ac3446f6-9e63-4076-89cd-f1c89675a42b,2023-07-04,sale,-7,30.43,sales_order,baa127d1-2f4c-463d-a303-49d3c023bf2b,63
b4baeba9-027b-4c00-9b2d-99a3192f6aca,3f330271-554e-45b0-a931-2e035437be0f,2023-07-05,sale,-10,35.26,sales_order,1836aa1d-1872-49d8-8039-d648c5d22ea1,8
978d0c7d-2040-4542-84d1-4daecd530952,ba1f94d1-03c9-4dd4-a89f-f65c98a179c5,2023-07-05,sale,-4,21.37,sales_order,1836aa1d-1872-49d8-8039-d648c5d22ea1,27
a852abe3-ff0d-422b-b120-f0ec16af2c8a,ccda4206-2a1f-45bc-b24d-c1ed3c349fc6,2023-07-05,sale,-2,49.03,sales_order,1836aa1d-1872-49d8-8039-d648c5d22ea1,92
bae2a7d4-9440-4dfd-9859-eb82e4402bed,458ebebb-1262-4530-b0a9-ad1b679b6667,2023-07-05,sale,-5,84.04,sales_order,1836aa1d-1872-49d8-8039-d648c5d22ea1,85
0c24032d-9372-4136-9b00-7f05a0cf5283,3541c0c2-9298-46bb-af9c-9c7e99c57a6b,2023-07-05,sale,-2,3.62,sales_order,1836aa1d-1872-49d8-8039-d648c5d22ea1,90
fb952b95-0d89-4fec-9b92-5a85a8ac2e7c,5efadb73-4149-4fee-9142-11bc5c3aae7a,2023-07-05,sale,-2,18.34,sales_order,1836aa1d-1872-49d8-8039-d648c5d22ea1,67
123ddf94-7cef-45eb-96e0-2ec8a5d9555e,ec4396bb-df34-4008-b3a1-8df59548d90b,2023-07-05,sale,-9,18.98,sales_order,1836aa1d-1872-49d8-8039-d648c5d22ea1,55
df9970f6-cf17-4641-9fee-41ffb3310501,72f14575-a2a4-4b1b-a259-b8926c672424,2023-07-05,sale,-3,25.60,sales_order,75c09918-952d-4b6c-b027-530152859e7b,82
eaae79b2-c68f-4a11-97b0-e0beab7d85a6,8cbbcfea-3fb3-4b97-b7ec-34856562714c,2023-07-05,sale,-1,62.96,sales_order,75c09918-952d-4b6c-b027-530152859e7b,29
7c63d9a8-62fb-4345-b163-bbb74c082ebc,b05fe347-f0dc-48dc-8a47-eceb4e9ca472,2023-07-05,sale,-1,7.81,sales_order,75c09918-952d-4b6c-b027-530152859e7b,74
6b30c4e5-5dfb-408e-8b2b-b523d62401fa,ba1f94d1-03c9-4dd4-a89f-f65c98a179c5,2023-07-05,sale,-2,21.37,sales_order,75c09918-952d-4b6c-b027-530152859e7b,25
a1ac8dd9-6b66-4895-99c3-3a0d20217d0b,48d49bf7-960a-4044-99ed-dc299470a464,2023-07-05,sale,-2,36.06,sales_order,75c09918-952d-4b6c-b027-530152859e7b,90
248574e1-c6f4-4778-a535-e4c8fdac6c07,14e64280-bd03-48c5-a021-4bb29426c007,2023-07-05,sale,-6,29.97,sales_order,75c09918-952d-4b6c-b027-530152859e7b,48
cbe4d905-6548-4e3d-a63a-7c9cbcd322f1,3a274fe9-e93d-4cfd-8eb2-f97751e43367,2023-07-05,sale,-10,9.91,sales_order,75c09918-952d-4b6c-b027-530152859e7b,30
f6eb1c21-76ce-4a21-a37c-508f94bf0ec6,ba1f94d1-03c9-4dd4-a89f-f65c98a179c5,2023-07-06,sale,-9,21.37,sales_order,e1f540c0-de04-44b2-b339-2920cb75bc9e,16
1db516a0-1e05-4882-be92-ae8c6fc141ce,ab67eed1-8719-4cb2-be77-c5e083a57a2f,2023-07-06,sale,-7,43.36,sales_order,e1f540c0-de04-44b2-b339-2920cb75bc9e,79
1261429b-21ed-479e-b83c-e1553f7f925e,458ebebb-1262-4530-b0a9-ad1b679b6667,2023-07-06,sale,-5,84.04,sales_order,e1f540c0-de04-44b2-b339-2920cb75bc9e,80
5698620f-2f33-4fb0-9b6d-4df17ef8914d,3beae68d-3060-4daa-8c3f-101e450ce2bd,2023-07-06,sale,-10,14.80,sales_order,e1f540c0-de04-44b2-b339-2920cb75bc9e,64
c38465a3-3777-4334-8f16-884678ba9a05,cb181b90-6f4d-4ed9-9c25-6e9becdb2683,2023-07-06,sale,-10,4.08,sales_order,e1f540c0-de04-44b2-b339-2920cb75bc9e,73
e4a67abf-1f3a-4145-a2ab-e2506fe38ef4,0174809a-be6f-49c0-a566-868ed281c4af,2023-07-06,sale,-1,144.41,sales_order,22adf09b-3f0a-421a-88d0-be5af211b29a,79
0ce89964-d1b9-4520-bd86-8b5db639d8f0,3541c0c2-9298-46bb-af9c-9c7e99c57a6b,2023-07-06,sale,-2,3.62,sales_order,22adf09b-3f0a-421a-88d0-be5af211b29a,88
a58ed6ef-3998-4082-b9ee-b8d3d1fed0cb,838f226e-dd6f-486a-ac01-d579e40dbb14,2023-07-06,sale,-9,5.33,sales_order,ac8bd3fe-e2ba-47ae-8d88-a1f74b6ab008,40
c1526d1d-8aac-4875-9b17-6078736c960f,3a57db65-80d7-46bb-8a38-83ee8f366607,2023-07-06,sale,-2,16.45,sales_order,ac8bd3fe-e2ba-47ae-8d88-a1f74b6ab008,72
2937561c-45d2-4517-8c09-bfca54aa2f79,48d49bf7-960a-4044-99ed-dc299470a464,2023-07-06,sale,-5,36.06,sales_order,ac8bd3fe-e2ba-47ae-8d88-a1f74b6ab008,85
8fc8c2f8-fc4c-475f-8a47-17929986e299,ba1f94d1-03c9-4dd4-a89f-f65c98a179c5,2023-07-06,sale,-7,21.37,sales_order,ac8bd3fe-e2ba-47ae-8d88-a1f74b6ab008,9
a0b4ac8a-2e7b-472e-9b2e-04a3ca3160f6,ccda4206-2a1f-45bc-b24d-c1ed3c349fc6,2023-07-06,sale,-3,49.03,sales_order,ac8bd3fe-e2ba-47ae-8d88-a1f74b6ab008,89
852431bb-bbd6-4be2-a6a0-68fdcd21089b,8cbbcfea-3fb3-4b97-b7ec-34856562714c,2023-07-06,sale,-2,62.96,sales_order,ac8bd3fe-e2ba-47ae-8d88-a1f74b6ab008,27
d76d1652-f5c4-4249-81bb-422444f13bb2,b9ae3e12-d4f1-4d77-8c96-1e7466d60cdf,2023-07-07,sale,-3,93.39,sales_order,06c96913-4484-4352-8e85-f9694623eff7,51
a821c8ec-8c2f-4f16-97d4-57077e5ada8b,8cbbcfea-3fb3-4b97-b7ec-34856562714c,2023-07-07,sale,-1,62.96,sales_order,06c96913-4484-4352-8e85-f9694623eff7,26
a67064e1-13b1-4586-9c54-ef7832c14674,838f226e-dd6f-486a-ac01-d579e40dbb14,2023-07-07,sale,-8,5.33,sales_order,06c96913-4484-4352-8e85-f9694623eff7,32
b5fd3509-5c34-42e3-8f22-17871fb0f310,25a56c2a-d003-4be9-92eb-a017a976140a,2023-07-07,sale,-10,81.82,sales_order,06c96913-4484-4352-8e85-f9694623eff7,69
5c7b3910-2108-47c5-ad50-dc87859fd5dc,3541c0c2-9298-46bb-af9c-9c7e99c57a6b,2023-07-07,sale,-8,3.62,sales_order,06c96913-4484-4352-8e85-f9694623eff7,80
1695d847-a537-4d9b-8298-3424dc949c22,ab67eed1-8719-4cb2-be77-c5e083a57a2f,2023-07-07,sale,-9,43.36,sales_order,06c96913-4484-4352-8e85-f9694623eff7,70
72b055bd-d927-4a8d-9a6d-bb0e0c52d7cd,3a274fe9-e93d-4cfd-8eb2-f97751e43367,2023-07-07,sale,-10,9.91,sales_order,06c96913-4484-4352-8e85-f9694623eff7,20
09e1f6c5-354b-4a58-b68e-2d28ce1eb724,8cbbcfea-3fb3-4b97-b7ec-34856562714c,2023-07-11,sale,-2,62.96,sales_order,9c8b2ed7-485a-49b4-836c-ab702cf9e09a,24
14a13f05-4af2-400e-86f5-3429923292dc,72f14575-a2a4-4b1b-a259-b8926c672424,2023-07-11,sale,-7,25.60,sales_order,9c8b2ed7-485a-49b4-836c-ab702cf9e09a,75
9c0d5637-0e4a-458e-a5c1-a65688a14d5f,3f330271-554e-45b0-a931-2e035437be0f,2023-07-12,sale,-9,35.26,sales_order,12b17c0b-995b-4420-a2ac-2d3e7f61d058,-1
ddd37e2c-4711-4bc9-97e6-d46a0d5e32b5,ab67eed1-8719-4cb2-be77-c5e083a57a2f,2023-07-12,sale,-9,43.36,sales_order,12b17c0b-995b-4420-a2ac-2d3e7f61d058,61
64cbb56e-b239-4070-8a20-a0fa312bb070,e2c0cd62-99f2-468e-aa5e-9dbe44e619b2,2023-07-12,sale,-5,12.89,sales_order,02eefd32-a825-4251-9c62-ea99728fb9c0,55
66e2a7ef-9600-4bd5-98d0-3a08d428ebbd,ac3446f6-9e63-4076-89cd-f1c89675a42b,2023-07-12,sale,-1,30.43,sales_order,02eefd32-a825-4251-9c62-ea99728fb9c0,62
f2d31213-29e8-48f4-b39c-61def91e8771,02232172-9b28-4bc5-9a70-c230b5281f0b,2023-07-12,sale,-6,63.13,sales_order,02eefd32-a825-4251-9c62-ea99728fb9c0,-2
75628708-4183-408c-8d81-8a19e29e832f,11eb3581-838f-45b7-bb2a-b9c485585632,2023-07-12,sale,-5,50.27,sales_order,02eefd32-a825-4251-9c62-ea99728fb9c0,21
3a319bc9-29b6-4840-ba81-d5c77bb70663,b05fe347-f0dc-48dc-8a47-eceb4e9ca472,2023-07-12,sale,-1,7.81,sales_order,02eefd32-a825-4251-9c62-ea99728fb9c0,73
00be356b-a910-485e-b5ee-c105ffb4f04e,3541c0c2-9298-46bb-af9c-9c7e99c57a6b,2023-07-12,sale,-7,3.62,sales_order,02eefd32-a825-4251-9c62-ea99728fb9c0,73
8b37f709-6fdb-474f-80c3-561708ff3c73,25a56c2a-d003-4be9-92eb-a017a976140a,2023-07-12,sale,-3,81.82,sales_order,02eefd32-a825-4251-9c62-ea99728fb9c0,66
4910faa5-8cea-4639-ba2e-c8b45681a4da,48d49bf7-960a-4044-99ed-dc299470a464,2023-07-12,sale,-7,36.06,sales_order,772eed9a-cc9f-473a-b26f-b8aa49ac35a5,78
889e72da-26db-4e73-983c-00dc136880b1,5efadb73-4149-4fee-9142-11bc5c3aae7a,2023-07-13,sale,-3,18.34,sales_order,a5bf612b-efa4-453f-ae4e-9b8705dc3861,64
9797c4af-c2f5-45a7-8d6a-861fb0c20a33,3beae68d-3060-4daa-8c3f-101e450ce2bd,2023-07-13,sale,-1,14.80,sales_order,a5bf612b-efa4-453f-ae4e-9b8705dc3861,63
a67ef5fc-6b39-46b9-b851-84e16ad5b992,b9ae3e12-d4f1-4d77-8c96-1e7466d60cdf,2023-07-13,sale,-2,93.39,sales_order,a5bf612b-efa4-453f-ae4e-9b8705dc3861,49
93ef98fb-0fbc-4694-a6cd-9b5039b48b2a,02232172-9b28-4bc5-9a70-c230b5281f0b,2023-07-13,sale,-10,63.13,sales_order,b5bd4c03-a4cf-4073-be1b-ea2cb6f3bc5c,-12
8aa8c674-8dfd-41e6-a481-55a2c2d4b694,48d49bf7-960a-4044-99ed-dc299470a464,2023-07-13,sale,-1,36.06,sales_order,b5bd4c03-a4cf-4073-be1b-ea2cb6f3bc5c,77
2c384e46-6cac-492c-b039-1554151aec83,ec4396bb-df34-4008-b3a1-8df59548d90b,2023-07-13,sale,-8,18.98,sales_order,f2936e4c-f16b-4363-839c-8e6966a49e8a,47
34aa7fea-4e6d-4681-aba7-f121e3a70cb0,02232172-9b28-4bc5-9a70-c230b5281f0b,2023-07-13,sale,-10,63.13,sales_order,f2936e4c-f16b-4363-839c-8e6966a49e8a,-22
b1e2c26f-2cca-4bc9-bb6f-26db08562d4f,e2c0cd62-99f2-468e-aa5e-9dbe44e619b2,2023-07-13,sale,-2,12.89,sales_order,f2936e4c-f16b-4363-839c-8e6966a49e8a,53
3d456177-ed2f-4f7c-8dd6-8128c8004a74,458ebebb-1262-4530-b0a9-ad1b679b6667,2023-07-14,sale,-10,84.04,sales_order,70d852d2-1f27-4550-9d55-eafaea33c687,70
a155a46f-9e7e-4f87-a80c-c118b4925b6b,3a274fe9-e93d-4cfd-8eb2-f97751e43367,2023-07-14,sale,-2,9.91,sales_order,70d852d2-1f27-4550-9d55-eafaea33c687,18
75f3c46e-e240-4709-af61-a7ccbf9e959a,e2c0cd62-99f2-468e-aa5e-9dbe44e619b2,2023-07-14,sale,-2,12.89,sales_order,bb988fae-6783-41f3-9c4c-91a087a11017,51
e7c6cf9f-1fcc-49e2-a22c-bca5d7f70a7a,b9ae3e12-d4f1-4d77-8c96-1e7466d60cdf,2023-07-14,sale,-9,93.39,sales_order,bb988fae-6783-41f3-9c4c-91a087a11017,40
eff2fe24-6bcf-4956-9d56-51881a8af324,0174809a-be6f-49c0-a566-868ed281c4af,2023-07-14,sale,-7,144.41,sales_order,bb988fae-6783-41f3-9c4c-91a087a11017,72
1aa0f96e-d3e1-466e-b41e-9eaa9003bc8f,11eb3581-838f-45b7-bb2a-b9c485585632,2023-07-14,sale,-4,50.27,sales_order,bb988fae-6783-41f3-9c4c-91a087a11017,17
b72c30ea-1220-4ea6-8197-1003b0f8f7c6,14e64280-bd03-48c5-a021-4bb29426c007,2023-07-14,sale,-3,29.97,sales_order,bb988fae-6783-41f3-9c4c-91a087a11017,45
936b3ca8-5a9c-4751-b76e-c7127e43f608,02232172-9b28-4bc5-9a70-c230b5281f0b,2023-07-17,purchase,52,63.13,purchase,,30
15429cec-f1e8-46a5-bc26-1021dab79352,3f330271-554e-45b0-a931-2e035437be0f,2023-07-17,purchase,27,35.26,purchase,,26
6c893aa9-ac90-4f47-9165-bdedb2906ff0,25a56c2a-d003-4be9-92eb-a017a976140a,2023-07-17,sale,-10,81.82,sales_order,36b8aa58-b70a-4d7a-8a16-bbb61156206f,56
1d185244-8375-4612-a4f5-eb992cb500be,b05fe347-f0dc-48dc-8a47-eceb4e9ca472,2023-07-17,sale,-2,7.81,sales_order,36b8aa58-b70a-4d7a-8a16-bbb61156206f,71
da644d45-2314-48c8-92d7-092610e07a38,ac3446f6-9e63-4076-89cd-f1c89675a42b,2023-07-17,sale,-6,30.43,sales_order,36b8aa58-b70a-4d7a-8a16-bbb61156206f,56
9fa28a3e-3124-43e2-b2af-39e99d1769f3,3beae68d-3060-4daa-8c3f-101e450ce2bd,2023-07-17,sale,-9,14.80,sales_order,36b8aa58-b70a-4d7a-8a16-bbb61156206f,54
1d1fae02-6f96-4e3b-af0b-4f3055a46031,3a57db65-80d7-46bb-8a38-83ee8f366607,2023-07-17,sale,-9,16.45,sales_order,36b8aa58-b70a-4d7a-8a16-bbb61156206f,63
e29ff7ef-2930-4c7c-b2f9-f750711c55c0,11eb3581-838f-45b7-bb2a-b9c485585632,2023-07-17,sale,-6,50.27,sales_order,36b8aa58-b70a-4d7a-8a16-bbb61156206f,11
c9409cd9-79f6-458f-9f57-d4ca21c114ff,14e64280-bd03-48c5-a021-4bb29426c007,2023-07-17,sale,-9,29.97,sales_order,36b8aa58-b70a-4d7a-8a16-bbb61156206f,36
887bbee0-592b-471a-a73d-f94c5e2144f0,458ebebb-1262-4530-b0a9-ad1b679b6667,2023-07-17,sale,-7,84.04,sales_order,36b8aa58-b70a-4d7a-8a16-bbb61156206f,63
8779abce-43af-4346-97a0-23762bcd1148,3beae68d-3060-4daa-8c3f-101e450ce2bd,2023-07-17,sale,-10,14.80,sales_order,04ccacee-40c5-407b-8482-1de5dbacb5b5,44
61ea46ac-e0f8-4f16-b856-52c28b611fbf,ec4396bb-df34-4008-b3a1-8df59548d90b,2023-07-17,sale,-6,18.98,sales_order,04ccacee-40c5-407b-8482-1de5dbacb5b5,41
cba27a42-4b12-45b4-96bc-552854ab0431,ccda4206-2a1f-45bc-b24d-c1ed3c349fc6,2023-07-17,sale,-1,49.03,sales_order,04ccacee-40c5-407b-8482-1de5dbacb5b5,88
4f5d9230-508a-44cb-93bf-d0a81f357b85,11eb3581-838f-45b7-bb2a-b9c485585632,2023-07-17,sale,-3,50.27,sales_order,04ccacee-40c5-407b-8482-1de5dbacb5b5,8
fb986516-6178-4ff1-8c64-139d5739fffa,b9ae3e12-d4f1-4d77-8c96-1e7466d60cdf,2023-07-17,sale,-2,93.39,sales_order,04ccacee-40c5-407b-8482-1de5dbacb5b5,38
62638b76-4542-4770-b5c1-51edb8df85d7,48d49bf7-960a-4044-99ed-dc299470a464,2023-07-17,sale,-6,36.06,sales_order,04ccacee-40c5-407b-8482-1de5dbacb5b5,71
bd0694bf-5d7c-4210-8163-82c6efbce0a0,3f330271-554e-45b0-a931-2e035437be0f,2023-07-17,sale,-1,35.26,sales_order,04ccacee-40c5-407b-8482-1de5dbacb5b5,25
e43a3c8b-0df5-4674-ab04-716f1c92d278,e2c0cd62-99f2-468e-aa5e-9dbe44e619b2,2023-07-18,sale,-9,12.89,sales_order,05f8a002-0319-4dee-b305-0e728e3df4ed,42
af7182cd-6baf-40b4-896c-4485b3b57408,11eb3581-838f-45b7-bb2a-b9c485585632,2023-07-18,sale,-9,50.27,sales_order,05f8a002-0319-4dee-b305-0e728e3df4ed,-1
fb93b083-204b-4551-b9a5-dedfc3439b3a,b9ae3e12-d4f1-4d77-8c96-1e7466d60cdf,2023-07-18,sale,-5,93.39,sales_order,05f8a002-0319-4dee-b305-0e728e3df4ed,33
f2eb6967-82d7-4628-bdce-b8112cdfebea,ba1f94d1-03c9-4dd4-a89f-f65c98a179c5,2023-07-19,purchase,95,21.37,purchase,,104
afaebd23-746d-4338-8eff-2d765cff3d77,b9ae3e12-d4f1-4d77-8c96-1e7466d60cdf,2023-07-19,sale,-8,93.39,sales_order,b61cab86-641c-402c-8914-25a626998b1d,25
863e371e-8d66-4d77-83e4-2e6bc3fb5f6b,e2c0cd62-99f2-468e-aa5e-9dbe44e619b2,2023-07-19,sale,-1,12.89,sales_order,b61cab86-641c-402c-8914-25a626998b1d,41
5d2c2d11-3a08-4072-a1fd-624f81a6cc41,ec4396bb-df34-4008-b3a1-8df59548d90b,2023-07-19,sale,-2,18.98,sales_order,b61cab86-641c-402c-8914-25a626998b1d,39
4fef55c9-0f92-4bfd-808d-9eeba6b0a819,ccda4206-2a1f-45bc-b24d-c1ed3c349fc6,2023-07-19,sale,-10,49.03,sales_order,b61cab86-641c-402c-8914-25a626998b1d,78
a98de18f-0aac-4a71-a078-00b843b16e4e,5efadb73-4149-4fee-9142-11bc5c3aae7a,2023-07-19,sale,-5,18.34,sales_order,b61cab86-641c-402c-8914-25a626998b1d,59
002f97d5-1e93-49eb-bc71-1ece6a975529,838f226e-dd6f-486a-ac01-d579e40dbb14,2023-07-19,sale,-10,5.33,sales_order,cc5509ac-6be0-4536-8438-7b4b2328472e,22
1c46c9cd-5829-4d16-9af2-f2a70fbcc9aa,b05fe347-f0dc-48dc-8a47-eceb4e9ca472,2023-07-19,sale,-10,7.81,sales_order,cc5509ac-6be0-4536-8438-7b4b2328472e,61
25bf1c7d-08f5-4e43-b025-9d132d71f100,cb181b90-6f4d-4ed9-9c25-6e9becdb2683,2023-07-19,sale,-5,4.08,sales_order,cc5509ac-6be0-4536-8438-7b4b2328472e,68
b5147693-e1ae-4f22-ba0e-83172466eea5,3a57db65-80d7-46bb-8a38-83ee8f366607,2023-07-19,sale,-6,16.45,sales_order,3ed63d03-0256-4ee7-9a74-061833b46c19,57
68aa0edf-28b7-4d09-b6c2-29ae4fe4e23c,14e64280-bd03-48c5-a021-4bb29426c007,2023-07-19,sale,-4,29.97,sales_order,3ed63d03-0256-4ee7-9a74-061833b46c19,32
88f19c4a-7e10-4fc1-a13e-3ebc830152ac,5efadb73-4149-4fee-9142-11bc5c3aae7a,2023-07-19,sale,-6,18.34,sales_order,3ed63d03-0256-4ee7-9a74-061833b46c19,53
34b0550e-c769-4d60-bb9a-12047c05bc4c,3a274fe9-e93d-4cfd-8eb2-f97751e43367,2023-07-19,sale,-4,9.91,sales_order,3ed63d03-0256-4ee7-9a74-061833b46c19,14
a1a9a807-8b93-4fca-881e-390edcff7f0e,ac3446f6-9e63-4076-89cd-f1c89675a42b,2023-07-19,sale,-5,30.43,sales_order,3ed63d03-0256-4ee7-9a74-061833b46c19,51
f2d15042-257e-4eff-80d7-cf990fd63a31,ec4396bb-df34-4008-b3a1-8df59548d90b,2023-07-19,sale,-5,18.98,sales_order,3ed63d03-0256-4ee7-9a74-061833b46c19,34
8de613d8-587b-4985-93b7-6dbe0b92612e,72f14575-a2a4-4b1b-a259-b8926c672424,2023-07-19,sale,-7,25.60,sales_order,3ed63d03-0256-4ee7-9a74-061833b46c19,68
26aa7a0b-53de-42d3-9274-06951a181aa0,3541c0c2-9298-46bb-af9c-9c7e99c57a6b,2023-07-19,sale,-6,3.62,sales_order,3ed63d03-0256-4ee7-9a74-061833b46c19,67
308d0450-8921-4fd6-849d-8fa329c50037,b9ae3e12-d4f1-4d77-8c96-1e7466d60cdf,2023-07-20,sale,-9,93.39,sales_order,71961ba6-2716-4908-9f6b-12c3c69e8851,16
af59c3c7-6ccd-4d17-bad9-a75f83f86195,3a274fe9-e93d-4cfd-8eb2-f97751e43367,2023-07-20,sale,-6,9.91,sales_order,71961ba6-2716-4908-9f6b-12c3c69e8851,8
3490a55b-7362-472f-8958-94c4e200b7bf,458ebebb-1262-4530-b0a9-ad1b679b6667,2023-07-20,sale,-9,84.04,sales_order,71961ba6-2716-4908-9f6b-12c3c69e8851,54
f396eb4d-33fd-40f8-95d7-92491ff2828c,ec4396bb-df34-4008-b3a1-8df59548d90b,2023-07-20,sale,-5,18.98,sales_order,71961ba6-2716-4908-9f6b-12c3c69e8851,29
4b2de879-b674-4d85-9a7a-4981848f28aa,8cbbcfea-3fb3-4b97-b7ec-34856562714c,2023-07-20,sale,-5,62.96,sales_order,71961ba6-2716-4908-9f6b-12c3c69e8851,19
d9be6896-1b15-4d29-9efe-60d784d25741,838f226e-dd6f-486a-ac01-d579e40dbb14,2023-07-20,sale,-10,5.33,sales_order,71961ba6-2716-4908-9f6b-12c3c69e8851,12
d963d34b-fbf5-40ae-a0b8-a7a144e9ce29,3a57db65-80d7-46bb-8a38-83ee8f366607,2023-07-20,sale,-2,16.45,sales_order,71961ba6-2716-4908-9f6b-12c3c69e8851,55
f0cc0136-9f55-4577-9fb7-98af0b157941,3beae68d-3060-4daa-8c3f-101e450ce2bd,2023-07-20,sale,-4,14.80,sales_order,527ccd39-0540-41e6-91c6-e4ca83b66ad4,40
198d55b6-a176-4b4f-bea7-d96827e77cd2,11eb3581-838f-45b7-bb2a-b9c485585632,2023-07-20,sale,-10,50.27,sales_order,527ccd39-0540-41e6-91c6-e4ca83b66ad4,-11
6a50fddc-88f6-404c-93ad-b13a5edb0402,3a274fe9-e93d-4cfd-8eb2-f97751e43367,2023-07-20,sale,-4,9.91,sales_order,db59b8c5-44e5-4a13-8274-78d2fdfdc75e,4
33573f11-3890-422c-b90c-d567bec3f226,72f14575-a2a4-4b1b-a259-b8926c672424,2023-07-21,sale,-8,25.60,sales_order,a744c202-a011-401a-97e5-49072c570627,60
38683c87-4d5e-4603-893f-52450e873cd1,25a56c2a-d003-4be9-92eb-a017a976140a,2023-07-24,sale,-7,81.82,sales_order,973d752e-4f3e-49df-9f07-63b83e885c1f,49
358b0dc0-775e-4c11-8956-19d8388b9445,3a57db65-80d7-46bb-8a38-83ee8f366607,2023-07-24,sale,-7,16.45,sales_order,973d752e-4f3e-49df-9f07-63b83e885c1f,48
115117c6-fbbd-49ea-bd4d-ac25974a0352,11eb3581-838f-45b7-bb2a-b9c485585632,2023-07-24,sale,-6,50.27,sales_order,973d752e-4f3e-49df-9f07-63b83e885c1f,-17
7715e186-57ae-4c6a-a4da-0519aed50bff,3beae68d-3060-4daa-8c3f-101e450ce2bd,2023-07-24,sale,-5,14.80,sales_order,973d752e-4f3e-49df-9f07-63b83e885c1f,35
5a9a7c8c-8dde-42b3-93d3-56beb7a754bf,02232172-9b28-4bc5-9a70-c230b5281f0b,2023-07-24,sale,-4,63.13,sales_order,973d752e-4f3e-49df-9f07-63b83e885c1f,26
1b632a6c-63fb-4270-abb6-9ca92df0349f,ac3446f6-9e63-4076-89cd-f1c89675a42b,2023-07-24,sale,-6,30.43,sales_order,973d752e-4f3e-49df-9f07-63b83e885c1f,45
2f178161-c670-48b0-a598-54288c74b967,48d49bf7-960a-4044-99ed-dc299470a464,2023-07-24,sale,-7,36.06,sales_order,47d97b56-02e7-4465-a64d-25e70936fe42,64
382fcbdb-e899-4f44-aec9-bc80c9c26990,72f14575-a2a4-4b1b-a259-b8926c672424,2023-07-24,sale,-6,25.60,sales_order,47d97b56-02e7-4465-a64d-25e70936fe42,54
c9e1f158-b972-4064-848c-a0dabcae13f0,8cbbcfea-3fb3-4b97-b7ec-34856562714c,2023-07-24,sale,-6,62.96,sales_order,47d97b56-02e7-4465-a64d-25e70936fe42,13
68d65a3d-ef47-4360-9521-456f7d4ae268,8cbbcfea-3fb3-4b97-b7ec-34856562714c,2023-07-25,sale,-10,62.96,sales_order,15c53376-79b5-4f73-83b4-4c68de864826,3
87ddab74-b9f6-43ef-9673-0461b57b8d69,11eb3581-838f-45b7-bb2a-b9c485585632,2023-07-25,sale,-7,50.27,sales_order,15c53376-79b5-4f73-83b4-4c68de864826,-24
a33023b3-41e0-4331-a2f3-ffabeac4f19f,25a56c2a-d003-4be9-92eb-a017a976140a,2023-07-25,sale,-2,81.82,sales_order,15c53376-79b5-4f73-83b4-4c68de864826,47
be2df2cb-e205-4e06-84d6-8a2575c1eb06,3a57db65-80d7-46bb-8a38-83ee8f366607,2023-07-25,sale,-3,16.45,sales_order,15c53376-79b5-4f73-83b4-4c68de864826,45
3f84a440-20fb-4e91-a05b-5cf1d91877a2,3beae68d-3060-4daa-8c3f-101e450ce2bd,2023-07-25,sale,-8,14.80,sales_order,15c53376-79b5-4f73-83b4-4c68de864826,27
4f2dd5e9-4b7a-4cda-b50b-167c93c3869c,3f330271-554e-45b0-a931-2e035437be0f,2023-07-25,sale,-1,35.26,sales_order,fbe067db-0983-4c94-9932-db0418e6efab,24
b2cc7567-5ed5-462c-b4fa-4ccf79e81890,b9ae3e12-d4f1-4d77-8c96-1e7466d60cdf,2023-07-26,sale,-2,93.39,sales_order,fab7eb7e-667d-457f-8ab8-285cb63dcaab,14
b1e03374-21fc-4b0a-8082-22c691bf5b7a,02232172-9b28-4bc5-9a70-c230b5281f0b,2023-07-26,sale,-10,63.13,sales_order,fab7eb7e-667d-457f-8ab8-285cb63dcaab,16
1e03fd9d-dc4e-4f8e-8f97-d5e420b2410c,3beae68d-3060-4daa-8c3f-101e450ce2bd,2023-07-26,sale,-9,14.80,sales_order,fab7eb7e-667d-457f-8ab8-285cb63dcaab,18
264a4d18-01e3-4a39-8c7c-b3fd6a38b263,3f330271-554e-45b0-a931-2e035437be0f,2023-07-26,sale,-1,35.26,sales_order,fab7eb7e-667d-457f-8ab8-285cb63dcaab,23
682f673c-1b9f-4b2d-ae8e-d7eec0c31add,8cbbcfea-3fb3-4b97-b7ec-34856562714c,2023-07-26,sale,-1,62.96,sales_order,fab7eb7e-667d-457f-8ab8-285cb63dcaab,2
e28a1f37-941c-4a88-bcb5-cc3c68ca5578,ab67eed1-8719-4cb2-be77-c5e083a57a2f,2023-07-26,sale,-4,43.36,sales_order,0edb6324-d5c6-408f-982e-5049a8b5f19e,57
34eed6e4-14c2-4c5d-b5eb-26e166d58ea4,5efadb73-4149-4fee-9142-11bc5c3aae7a,2023-07-26,sale,-2,18.34,sales_order,35e57e21-0f59-458d-ae46-ec6930edc0e3,51
1ae92410-f11a-4deb-9641-97e1297adf9a,3f330271-554e-45b0-a931-2e035437be0f,2023-07-26,sale,-2,35.26,sales_order,35e57e21-0f59-458d-ae46-ec6930edc0e3,21
8300d4ca-b1d1-4af7-b0af-993ada552371,cb181b90-6f4d-4ed9-9c25-6e9becdb2683,2023-07-26,sale,-9,4.08,sales_order,35e57e21-0f59-458d-ae46-ec6930edc0e3,59
e4ddf1a2-98a4-4520-b668-655b461e2272,11eb3581-838f-45b7-bb2a-b9c485585632,2023-07-26,sale,-3,50.27,sales_order,35e57e21-0f59-458d-ae46-ec6930edc0e3,-27
68e1a715-6f61-40a9-b6e9-463fe9964685,ccda4206-2a1f-45bc-b24d-c1ed3c349fc6,2023-07-26,sale,-6,49.03,sales_order,35e57e21-0f59-458d-ae46-ec6930edc0e3,72
753e9dc0-ddd0-43b7-8d18-955fa6131a8f,02232172-9b28-4bc5-9a70-c230b5281f0b,2023-07-26,sale,-6,63.13,sales_order,35e57e21-0f59-458d-ae46-ec6930edc0e3,10
ca064a5b-4b23-409c-a61b-4edd35a9d27a,14e64280-bd03-48c5-a021-4bb29426c007,2023-07-26,sale,-2,29.97,sales_order,35e57e21-0f59-458d-ae46-ec6930edc0e3,30
2b7d6076-cd50-4d33-ac3b-116e4c720279,72f14575-a2a4-4b1b-a259-b8926c672424,2023-07-26,sale,-9,25.60,sales_order,00398bd1-f011-486c-9f51-467c8edcc956,45
c2525b50-8363-4425-83c8-39187c7b9e80,02232172-9b28-4bc5-9a70-c230b5281f0b,2023-07-26,sale,-9,63.13,sales_order,00398bd1-f011-486c-9f51-467c8edcc956,1
efbe1733-e268-4542-805e-7c2a7a608099,3a274fe9-e93d-4cfd-8eb2-f97751e43367,2023-07-26,sale,-10,9.91,sales_order,00398bd1-f011-486c-9f51-467c8edcc956,-6
f22a3950-bac5-40ae-9467-a5810cae7772,5efadb73-4149-4fee-9142-11bc5c3aae7a,2023-07-26,sale,-5,18.34,sales_order,00398bd1-f011-486c-9f51-467c8edcc956,46
ecbba38e-28fc-45e0-8874-15703baff500,3a57db65-80d7-46bb-8a38-83ee8f366607,2023-07-26,sale,-7,16.45,sales_order,00398bd1-f011-486c-9f51-467c8edcc956,38
dfb42f15-8c06-452b-b5c5-bba0257ec7e8,3541c0c2-9298-46bb-af9c-9c7e99c57a6b,2023-07-26,sale,-1,3.62,sales_order,00398bd1-f011-486c-9f51-467c8edcc956,66
f5bad64d-d070-4f36-8efe-41029e3b62b6,ba1f94d1-03c9-4dd4-a89f-f65c98a179c5,2023-07-26,sale,-7,21.37,sales_order,00398bd1-f011-486c-9f51-467c8edcc956,97
c82e52da-d270-4460-ae54-e0d3cb659148,8cbbcfea-3fb3-4b97-b7ec-34856562714c,2023-07-27,sale,-9,62.96,sales_order,f51a43cf-6d74-4c1d-9ee8-9b86163f893a,-7
2f03e9ef-3921-4970-9537-b66626474231,b05fe347-f0dc-48dc-8a47-eceb4e9ca472,2023-07-27,sale,-7,7.81,sales_order,f51a43cf-6d74-4c1d-9ee8-9b86163f893a,54
f298aad7-59d7-4177-bc1b-5333b4d47226,48d49bf7-960a-4044-99ed-dc299470a464,2023-07-27,sale,-6,36.06,sales_order,f51a43cf-6d74-4c1d-9ee8-9b86163f893a,58
f6fad124-438e-49d2-a82c-21a2ac1346c6,458ebebb-1262-4530-b0a9-ad1b679b6667,2023-07-27,sale,-10,84.04,sales_order,f51a43cf-6d74-4c1d-9ee8-9b86163f893a,44
7c67aeb7-07af-42d4-bad0-4fc9d624bba1,3f330271-554e-45b0-a931-2e035437be0f,2023-07-27,sale,-5,35.26,sales_order,f51a43cf-6d74-4c1d-9ee8-9b86163f893a,16
1d4a1b69-4bdc-45b9-941e-bc90e33dfd5b,838f226e-dd6f-486a-ac01-d579e40dbb14,2023-07-27,sale,-4,5.33,sales_order,4888d0d9-214d-4ac9-9f8e-75ffd43ccdaa,8
68e5ee1f-e6f5-4b9e-a5d4-9d1fe4f6bd01,3541c0c2-9298-46bb-af9c-9c7e99c57a6b,2023-07-27,sale,-9,3.62,sales_order,4888d0d9-214d-4ac9-9f8e-75ffd43ccdaa,57
00e6bfe2-4f55-4ee2-a6d2-c24b11f8e0bb,72f14575-a2a4-4b1b-a259-b8926c672424,2023-07-27,sale,-1,25.60,sales_order,4888d0d9-214d-4ac9-9f8e-75ffd43ccdaa,44
1d62e1fb-1891-4586-864d-9723ca057ac3,11eb3581-838f-45b7-bb2a-b9c485585632,2023-07-28,sale,-10,50.27,sales_order,481b0174-3102-4873-82e4-5f19d39665f7,-37
10f1d4f5-20c9-45aa-bda2-40af16aec0e9,25a56c2a-d003-4be9-92eb-a017a976140a,2023-07-28,sale,-5,81.82,sales_order,8b035e35-fd25-4a71-a49b-1b4cc1d9083b,42
a3cdc98d-f6fb-4104-97f5-49bab8fdb6cd,ba1f94d1-03c9-4dd4-a89f-f65c98a179c5,2023-07-28,sale,-2,21.37,sales_order,8b035e35-fd25-4a71-a49b-1b4cc1d9083b,95
3eb4dcfe-aede-4874-b686-673cfadaa55e,3beae68d-3060-4daa-8c3f-101e450ce2bd,2023-07-28,sale,-10,14.80,sales_order,8b035e35-fd25-4a71-a49b-1b4cc1d9083b,8
276b5f2f-efde-4a76-8804-11155c1932da,3f330271-554e-45b0-a931-2e035437be0f,2023-07-28,sale,-6,35.26,sales_order,8b035e35-fd25-4a71-a49b-1b4cc1d9083b,10
2020a05f-d3b0-43c0-9f2d-276b85e3a116,b05fe347-f0dc-48dc-8a47-eceb4e9ca472,2023-07-28,sale,-6,7.81,sales_order,8b035e35-fd25-4a71-a49b-1b4cc1d9083b,48
ef7b2a91-a0e0-4d29-b850-f1f4010e9a09,11eb3581-838f-45b7-bb2a-b9c485585632,2023-07-31,purchase,54,50.27,purchase,,17
6d38197d-1a11-4fe3-b883-195a7c469d90,838f226e-dd6f-486a-ac01-d579e40dbb14,2023-07-31,purchase,72,5.33,purchase,,80
e562a482-8b8f-40ce-a831-018ebc0d9ffc,8cbbcfea-3fb3-4b97-b7ec-34856562714c,2023-07-31,purchase,37,62.96,purchase,,30
027f2cb8-c191-4880-87c8-b68792d4c99a,ba1f94d1-03c9-4dd4-a89f-f65c98a179c5,2023-07-31,sale,-2,21.37,sales_order,970a6806-1af0-4050-bf0b-73620450aa17,93
2f52353c-a76d-4eaf-84f3-2cb9a3a9df00,b9ae3e12-d4f1-4d77-8c96-1e7466d60cdf,2023-07-31,sale,-2,93.39,sales_order,970a6806-1af0-4050-bf0b-73620450aa17,12
9d62fdc1-2027-43cf-9a63-417dc27a5202,5efadb73-4149-4fee-9142-11bc5c3aae7a,2023-07-31,sale,-3,18.34,sales_order,970a6806-1af0-4050-bf0b-73620450aa17,43
7578634c-dede-40b9-aef6-395267bd4cf0,ab67eed1-8719-4cb2-be77-c5e083a57a2f,2023-07-31,sale,-7,43.36,sales_order,970a6806-1af0-4050-bf0b-73620450aa17,50
01d1ada2-8026-49a8-b56d-5e52e94e9c2c,02232172-9b28-4bc5-9a70-c230b5281f0b,2023-08-01,purchase,52,63.13,purchase,,53
ea58e22b-8f30-435f-8338-975d73dabc79,3a57db65-80d7-46bb-8a38-83ee8f366607,2023-08-29,purchase,90,16.45,purchase,,48
3a5ba206-0b7c-42e3-9aeb-c4c6b06e7885,11eb3581-838f-45b7-bb2a-b9c485585632,2023-08-01,sale,-4,50.27,sales_order,e6c8de01-c16d-407c-8037-fc3ae99f41a9,13
9d5e8b8b-2c34-49b0-a562-c5f8a822b305,ccda4206-2a1f-45bc-b24d-c1ed3c349fc6,2023-08-01,sale,-10,49.03,sales_order,e6c8de01-c16d-407c-8037-fc3ae99f41a9,62
19549f45-dc31-4088-b03b-38c384af97d7,5efadb73-4149-4fee-9142-11bc5c3aae7a,2023-08-01,sale,-10,18.34,sales_order,e264c491-918f-40b0-890b-eac963936965,33
7ebe1083-564d-46d5-829c-6d3b9392afb3,ba1f94d1-03c9-4dd4-a89f-f65c98a179c5,2023-08-01,sale,-6,21.37,sales_order,e264c491-918f-40b0-890b-eac963936965,87
5431d9bb-3f83-450c-9063-7f3e8703b859,838f226e-dd6f-486a-ac01-d579e40dbb14,2023-08-01,sale,-8,5.33,sales_order,e264c491-918f-40b0-890b-eac963936965,72
e5a18923-975e-4697-a5cf-3341f71a47bc,3beae68d-3060-4daa-8c3f-101e450ce2bd,2023-08-02,sale,-7,14.80,sales_order,f929c52f-5ebc-424f-8dad-a01b3291eac0,1
03ad3fda-fc36-496c-8019-f2e23ec56237,14e64280-bd03-48c5-a021-4bb29426c007,2023-08-02,sale,-5,29.97,sales_order,f929c52f-5ebc-424f-8dad-a01b3291eac0,25
557d8d12-4863-4e05-a926-141d1dd6f5b1,72f14575-a2a4-4b1b-a259-b8926c672424,2023-08-02,sale,-9,25.60,sales_order,f929c52f-5ebc-424f-8dad-a01b3291eac0,35
e90b20fe-6321-467d-a97d-5d18061b2d40,3a274fe9-e93d-4cfd-8eb2-f97751e43367,2023-08-02,sale,-7,9.91,sales_order,f929c52f-5ebc-424f-8dad-a01b3291eac0,-13
d8d513f3-15d8-44da-b43a-6b9e6ff8512d,ac3446f6-9e63-4076-89cd-f1c89675a42b,2023-08-02,sale,-10,30.43,sales_order,a4efb4c6-3da0-4759-ab3b-b2384558182a,35
c45848d6-ae39-4393-af23-7835a20e7405,3a57db65-80d7-46bb-8a38-83ee8f366607,2023-08-02,sale,-9,16.45,sales_order,a4efb4c6-3da0-4759-ab3b-b2384558182a,29
1c83f0b0-9b6f-4ff8-a4fa-9f32752278f8,b05fe347-f0dc-48dc-8a47-eceb4e9ca472,2023-08-03,sale,-2,7.81,sales_order,3a0eb7a5-6138-4e13-a80d-12f9894c73e7,46
bcc25e80-9364-4f14-8caa-21b2366f80c4,ec4396bb-df34-4008-b3a1-8df59548d90b,2023-08-03,sale,-5,18.98,sales_order,3a0eb7a5-6138-4e13-a80d-12f9894c73e7,24
f33577a6-d50e-4cce-9d0d-716afb8adc56,02232172-9b28-4bc5-9a70-c230b5281f0b,2023-08-03,sale,-9,63.13,sales_order,3a0eb7a5-6138-4e13-a80d-12f9894c73e7,44
ceb7d03c-afbc-4568-a806-41b02c3b8899,5efadb73-4149-4fee-9142-11bc5c3aae7a,2023-08-03,sale,-1,18.34,sales_order,3a0eb7a5-6138-4e13-a80d-12f9894c73e7,32
8b670e1e-ef34-43b1-a432-9ff10d0e2723,3a274fe9-e93d-4cfd-8eb2-f97751e43367,2023-08-03,sale,-5,9.91,sales_order,3a0eb7a5-6138-4e13-a80d-12f9894c73e7,-18
43ced24f-4229-439c-ac32-8464b45081e8,11eb3581-838f-45b7-bb2a-b9c485585632,2023-08-03,sale,-9,50.27,sales_order,3a0eb7a5-6138-4e13-a80d-12f9894c73e7,4
707fa821-4c2b-4289-b500-7d975e650512,25a56c2a-d003-4be9-92eb-a017a976140a,2023-08-03,sale,-3,81.82,sales_order,3a0eb7a5-6138-4e13-a80d-12f9894c73e7,39
873a2f52-d5ea-4483-a680-45e92cd03970,8cbbcfea-3fb3-4b97-b7ec-34856562714c,2023-08-03,sale,-7,62.96,sales_order,3a0eb7a5-6138-4e13-a80d-12f9894c73e7,23
