id,journal_entry_id,account_id,description,debit,credit,tax_code,tax_amount
8cd4f7ed-b744-48c5-b378-431321ee1cb2,8aa940f1-8525-4a15-ba3a-cd43ad8f7bde,d6556ab6-7e9c-452a-8dc0-ed2d66976abe,Opening balance — owner's equity contribution,200000.00,0.00,,0.00
bb588466-1bb5-4fc4-b9ec-b22c5714bf9d,8aa940f1-8525-4a15-ba3a-cd43ad8f7bde,fabe99e8-2f51-43aa-bf0b-9c42f3c027aa,Opening balance — owner's equity contribution,0.00,200000.00,,0.00
3428263d-20af-45d1-934f-c05a6225df2b,8ae6ec2d-aea5-4fa1-9a59-d78b2521dae1,ad28b3f1-9e58-4c2d-9414-8d16534c6a2a,Sales invoice issued,1890.57,0.00,,0.00
b26043d2-6fbf-4194-8e42-975135c90ad4,8ae6ec2d-aea5-4fa1-9a59-d78b2521dae1,ddaf1bc0-a098-4e4c-9c57-97d5f3e62c5a,Sales invoice issued,0.00,1718.70,,0.00
80cbec4d-cd60-4577-bf19-1e9cd2ea35b1,8ae6ec2d-aea5-4fa1-9a59-d78b2521dae1,fc224d49-924c-4818-8373-81fe87c5c3f8,Sales invoice issued,0.00,171.87,,0.00
17f6dc56-6a7a-4217-98bb-79d5bfc49305,bea6bdae-0af7-45fb-b931-6c6afc99d1bd,ad28b3f1-9e58-4c2d-9414-8d16534c6a2a,Sales invoice issued,970.35,0.00,,0.00
8a59f2e8-8b0c-4591-9954-0f3b430d8648,bea6bdae-0af7-45fb-b931-6c6afc99d1bd,ddaf1bc0-a098-4e4c-9c57-97d5f3e62c5a,Sales invoice issued,0.00,882.13,,0.00
d71906d1-f4d7-4c1d-991d-46d8a4e0c9bd,bea6bdae-0af7-45fb-b931-6c6afc99d1bd,fc224d49-924c-4818-8373-81fe87c5c3f8,Sales invoice issued,0.00,88.22,,0.00
9429bd06-d3d5-4ba5-b0f1-e50570c23f73,4101099e-2b2b-493b-aad4-8486f65ab15c,ad28b3f1-9e58-4c2d-9414-8d16534c6a2a,Sales invoice issued,3793.91,0.00,,0.00
0b5fae98-4727-431c-b70b-6a598692f49b,4101099e-2b2b-493b-aad4-8486f65ab15c,ddaf1bc0-a098-4e4c-9c57-97d5f3e62c5a,Sales invoice issued,0.00,3449.01,,0.00
4d719527-7597-4792-b373-989fe193e65e,4101099e-2b2b-493b-aad4-8486f65ab15c,fc224d49-924c-4818-8373-81fe87c5c3f8,Sales invoice issued,0.00,344.90,,0.00
3889dc54-569e-45be-93ef-6875558d2fe4,27ab9d2c-8667-4712-b018-efcef5ac9b60,ad28b3f1-9e58-4c2d-9414-8d16534c6a2a,Sales invoice issued,506.51,0.00,,0.00
2fa89e1b-04f0-4fb0-9e9d-f871c842598e,27ab9d2c-8667-4712-b018-efcef5ac9b60,ddaf1bc0-a098-4e4c-9c57-97d5f3e62c5a,Sales invoice issued,0.00,460.46,,0.00
3665907c-98ae-4577-b396-3e28b758755c,27ab9d2c-8667-4712-b018-efcef5ac9b60,fc224d49-924c-4818-8373-81fe87c5c3f8,Sales invoice issued,0.00,46.05,,0.00
39cd4a59-75a8-45a3-baa8-6b97bd9e1bbd,e08cbdb4-fcb7-4aff-9bab-c1f8243def2c,ad28b3f1-9e58-4c2d-9414-8d16534c6a2a,Sales invoice issued,2698.14,0.00,,0.00
2ccc70e2-b9a0-475b-9a99-98bb9a8147fa,e08cbdb4-fcb7-4aff-9bab-c1f8243def2c,ddaf1bc0-a098-4e4c-9c57-97d5f3e62c5a,Sales invoice issued,0.00,2452.85,,0.00
fa0ca77c-08d8-4e44-a4af-10d0ce151461,e08cbdb4-fcb7-4aff-9bab-c1f8243def2c,fc224d49-924c-4818-8373-81fe87c5c3f8,Sales invoice issued,0.00,245.29,,0.00
579af828-6a2b-4656-9a44-fc91cf9a668f,ea8e058d-acc8-49d0-ad78-a8040b5c1e7d,ad28b3f1-9e58-4c2d-9414-8d16534c6a2a,Sales invoice issued,1267.56,0.00,,0.00
727cb780-11e4-423d-822e-408557e97c5e,ea8e058d-acc8-49d0-ad78-a8040b5c1e7d,ddaf1bc0-a098-4e4c-9c57-97d5f3e62c5a,Sales invoice issued,0.00,1152.32,,0.00
affe5ec2-1a01-4dc2-88e8-1d3792932ea8,ea8e058d-acc8-49d0-ad78-a8040b5c1e7d,fc224d49-924c-4818-8373-81fe87c5c3f8,Sales invoice issued,0.00,115.24,,0.00
0f5b8f87-6394-4800-8a97-a4e06903bf0a,f38a3e09-ff47-4f2e-911f-b551a48878bf,5d33b8bd-c295-43fd-8777-2f4c581fb272,Payroll processed,31331.74,0.00,,0.00
28aef98b-5da9-453b-8c31-58945ed3f0b0,f38a3e09-ff47-4f2e-911f-b551a48878bf,a0b37a77-9ca4-44c8-83b4-707bb83011da,Payroll processed,3603.15,0.00,,0.00
d9e8dc2a-32f4-452c-b4b7-f5b1901e493e,f38a3e09-ff47-4f2e-911f-b551a48878bf,d6556ab6-7e9c-452a-8dc0-ed2d66976abe,Payroll processed,0.00,25035.75,,0.00
a57eefca-0cf4-435e-93e5-5aa2a2f3f7a8,f38a3e09-ff47-4f2e-911f-b551a48878bf,bd208ee6-6e73-4305-ab70-5fa800fe7941,Payroll processed,0.00,6295.99,,0.00
f2c467ac-eecf-4817-b32f-ee4787e33b1c,f38a3e09-ff47-4f2e-911f-b551a48878bf,947846ac-da86-476c-9b03-948cb4a7b58e,Payroll processed,0.00,3603.15,,0.00
00f6a03b-5b35-4a49-a7db-dde4f14f4156,97ef2ce4-1ffb-4035-8733-2d5f13221acd,ad28b3f1-9e58-4c2d-9414-8d16534c6a2a,Sales invoice issued,2630.74,0.00,,0.00
f9208d39-d903-4f23-876e-72d999cc9a63,97ef2ce4-1ffb-4035-8733-2d5f13221acd,ddaf1bc0-a098-4e4c-9c57-97d5f3e62c5a,Sales invoice issued,0.00,2391.57,,0.00
ce0a4006-b6d8-41eb-9ae9-5951a87a9d8a,97ef2ce4-1ffb-4035-8733-2d5f13221acd,fc224d49-924c-4818-8373-81fe87c5c3f8,Sales invoice issued,0.00,239.17,,0.00
35e22e6f-675c-4f29-b171-f80475115db5,0be3ccc9-84da-4e40-969e-8589eae8d357,ad28b3f1-9e58-4c2d-9414-8d16534c6a2a,Sales invoice issued,364.85,0.00,,0.00
6477aded-04cf-47c4-9497-b85e1f6de82c,0be3ccc9-84da-4e40-969e-8589eae8d357,ddaf1bc0-a098-4e4c-9c57-97d5f3e62c5a,Sales invoice issued,0.00,331.68,,0.00
60556ee9-0498-453b-857a-d5a1fb605b51,0be3ccc9-84da-4e40-969e-8589eae8d357,fc224d49-924c-4818-8373-81fe87c5c3f8,Sales invoice issued,0.00,33.17,,0.00
3a5f25ee-f5c1-485b-9440-017f21657057,e4c04907-409a-40a3-897c-507e35ad771e,ad28b3f1-9e58-4c2d-9414-8d16534c6a2a,Sales invoice issued,1730.70,0.00,,0.00
41d053a4-515e-4714-9ad8-f487da5d7fe0,e4c04907-409a-40a3-897c-507e35ad771e,ddaf1bc0-a098-4e4c-9c57-97d5f3e62c5a,Sales invoice issued,0.00,1573.36,,0.00
06ae0e30-8ac1-420a-8507-c1ab6adfcf3f,e4c04907-409a-40a3-897c-507e35ad771e,fc224d49-924c-4818-8373-81fe87c5c3f8,Sales invoice issued,0.00,157.34,,0.00
9bd6c2b9-59cc-4921-b457-b75531ce7019,67130ee2-edb6-4c43-80ca-6f65ed5d9802,ad28b3f1-9e58-4c2d-9414-8d16534c6a2a,Sales invoice issued,3791.96,0.00,,0.00
db70a7f1-e63e-45b8-86e6-de9c8b5ceb3f,67130ee2-edb6-4c43-80ca-6f65ed5d9802,ddaf1bc0-a098-4e4c-9c57-97d5f3e62c5a,Sales invoice issued,0.00,3447.24,,0.00
7b1a8567-1c9c-4ed5-9e49-86836ed70768,67130ee2-edb6-4c43-80ca-6f65ed5d9802,fc224d49-924c-4818-8373-81fe87c5c3f8,Sales invoice issued,0.00,344.72,,0.00
81706c36-3b84-4117-9647-4a35227e77dd,6270694a-54bf-40ff-8272-60e9e50f27b9,ad28b3f1-9e58-4c2d-9414-8d16534c6a2a,Sales invoice issued,789.24,0.00,,0.00
763d23c9-f2a8-40c4-a3ec-a22434257eef,6270694a-54bf-40ff-8272-60e9e50f27b9,ddaf1bc0-a098-4e4c-9c57-97d5f3e62c5a,Sales invoice issued,0.00,717.49,,0.00
497feb82-4a11-4a6d-be10-26bac7ac5118,6270694a-54bf-40ff-8272-60e9e50f27b9,fc224d49-924c-4818-8373-81fe87c5c3f8,Sales invoice issued,0.00,71.75,,0.00
defc73ed-8751-419b-9e07-8ef6d284cc9f,e750564c-10a6-4cf3-adce-0d131e2afbf5,ad28b3f1-9e58-4c2d-9414-8d16534c6a2a,Sales invoice issued,1598.46,0.00,,0.00
972f2163-e2af-49df-b80b-9f1388c73abf,e750564c-10a6-4cf3-adce-0d131e2afbf5,ddaf1bc0-a098-4e4c-9c57-97d5f3e62c5a,Sales invoice issued,0.00,1453.14,,0.00
e1b3c337-768d-43a0-8d41-086e66fb3066,e750564c-10a6-4cf3-adce-0d131e2afbf5,fc224d49-924c-4818-8373-81fe87c5c3f8,Sales invoice issued,0.00,145.32,,0.00
af0c358c-fb27-4872-afad-e94ec85b69ae,4b97d432-d38d-46b3-8a1a-7f7d34c273f9,ad28b3f1-9e58-4c2d-9414-8d16534c6a2a,Sales invoice issued,2421.74,0.00,,0.00
d20fd860-de08-477b-93b5-9c52242ca5c8,4b97d432-d38d-46b3-8a1a-7f7d34c273f9,ddaf1bc0-a098-4e4c-9c57-97d5f3e62c5a,Sales invoice issued,0.00,2201.58,,0.00
1155bf82-7eb9-4928-8a02-d0806baf7b2c,4b97d432-d38d-46b3-8a1a-7f7d34c273f9,fc224d49-924c-4818-8373-81fe87c5c3f8,Sales invoice issued,0.00,220.16,,0.00
68cbd2ca-6ea8-4c54-8b00-87c301636620,b98afbc3-6ddc-4556-9fa8-983dd945c354,ad28b3f1-9e58-4c2d-9414-8d16534c6a2a,Sales invoice issued,627.63,0.00,,0.00
45052a6e-bc32-41be-b2f8-07fab93db825,b98afbc3-6ddc-4556-9fa8-983dd945c354,ddaf1bc0-a098-4e4c-9c57-97d5f3e62c5a,Sales invoice issued,0.00,570.57,,0.00
184a4e24-5aac-4155-b614-62595225a8f9,b98afbc3-6ddc-4556-9fa8-983dd945c354,fc224d49-924c-4818-8373-81fe87c5c3f8,Sales invoice issued,0.00,57.06,,0.00
80a58090-06e5-40ef-aa2a-84006c5616f9,ebb49de0-f28d-4cb5-a7c8-0b031ded02de,d6556ab6-7e9c-452a-8dc0-ed2d66976abe,Customer payment received,970.35,0.00,,0.00
8a1f8ee6-bc6e-4dd9-a9f0-16b01c1f1baf,ebb49de0-f28d-4cb5-a7c8-0b031ded02de,ad28b3f1-9e58-4c2d-9414-8d16534c6a2a,Customer payment received,0.00,970.35,,0.00
a8fe9701-de2c-4d5d-b7dc-c3ed91ae2a17,cf830c82-393d-41ce-91eb-f1ab874e19e4,ad28b3f1-9e58-4c2d-9414-8d16534c6a2a,Sales invoice issued,541.28,0.00,,0.00
a707a4f0-6bf5-4f63-9ed3-1864b772170b,cf830c82-393d-41ce-91eb-f1ab874e19e4,ddaf1bc0-a098-4e4c-9c57-97d5f3e62c5a,Sales invoice issued,0.00,492.08,,0.00
9080df24-95ce-4131-930f-d64da456a2c2,cf830c82-393d-41ce-91eb-f1ab874e19e4,fc224d49-924c-4818-8373-81fe87c5c3f8,Sales invoice issued,0.00,49.20,,0.00
161a27d4-c730-4c97-b5ee-fdbd18f6f224,233916b1-4b8c-41cb-bffd-d6b061404a4d,ad28b3f1-9e58-4c2d-9414-8d16534c6a2a,Sales invoice issued,1780.25,0.00,,0.00
78026644-0a7a-4ad7-ab81-08a867ff2f93,233916b1-4b8c-41cb-bffd-d6b061404a4d,ddaf1bc0-a098-4e4c-9c57-97d5f3e62c5a,Sales invoice issued,0.00,1618.41,,0.00
c64bbb73-9862-49cd-a94b-59099252ff0e,233916b1-4b8c-41cb-bffd-d6b061404a4d,fc224d49-924c-4818-8373-81fe87c5c3f8,Sales invoice issued,0.00,161.84,,0.00
182bafcf-ee20-4239-941f-64dfe0431687,96bec989-74b1-4723-b574-0cad854d5136,ad28b3f1-9e58-4c2d-9414-8d16534c6a2a,Sales invoice issued,1993.30,0.00,,0.00
50f9cbaa-13c6-445a-a835-4052f23186ad,96bec989-74b1-4723-b574-0cad854d5136,ddaf1bc0-a098-4e4c-9c57-97d5f3e62c5a,Sales invoice issued,0.00,1812.09,,0.00
c4e9eec8-a1ae-40a7-8bb6-20911226bff5,96bec989-74b1-4723-b574-0cad854d5136,fc224d49-924c-4818-8373-81fe87c5c3f8,Sales invoice issued,0.00,181.21,,0.00
84715aa7-20d8-41d5-bdef-dd9e57ce8471,669bca8d-38bd-486c-9955-ff7ed0eff193,d6556ab6-7e9c-452a-8dc0-ed2d66976abe,Customer payment received,2698.14,0.00,,0.00
283b3d25-533c-4bc0-a71f-74d4fb31b5e3,669bca8d-38bd-486c-9955-ff7ed0eff193,ad28b3f1-9e58-4c2d-9414-8d16534c6a2a,Customer payment received,0.00,2698.14,,0.00
fa0c3a9b-81f2-4191-9d1c-316cd2e943c1,fd9aab74-0ab9-4d2f-bcc6-cdde6beb7420,ad28b3f1-9e58-4c2d-9414-8d16534c6a2a,Sales invoice issued,1959.69,0.00,,0.00
a45e1b05-c0a6-4e5a-99ae-e35cdb43d7bf,fd9aab74-0ab9-4d2f-bcc6-cdde6beb7420,ddaf1bc0-a098-4e4c-9c57-97d5f3e62c5a,Sales invoice issued,0.00,1781.54,,0.00
095ed267-0caf-4e62-8f57-e54312c67cfd,fd9aab74-0ab9-4d2f-bcc6-cdde6beb7420,fc224d49-924c-4818-8373-81fe87c5c3f8,Sales invoice issued,0.00,178.15,,0.00
0a87962e-0892-4c69-9c9b-06ddb17d8997,40b455d9-df73-4948-9d65-27e5dbc4a1f9,ad28b3f1-9e58-4c2d-9414-8d16534c6a2a,Sales invoice issued,4821.02,0.00,,0.00
bdd77e37-ce9c-4019-8d7c-555be0b8a8e1,40b455d9-df73-4948-9d65-27e5dbc4a1f9,ddaf1bc0-a098-4e4c-9c57-97d5f3e62c5a,Sales invoice issued,0.00,4382.75,,0.00
47d85884-3333-4d2b-b21d-bec36a49cfc3,40b455d9-df73-4948-9d65-27e5dbc4a1f9,fc224d49-924c-4818-8373-81fe87c5c3f8,Sales invoice issued,0.00,438.27,,0.00
ab401832-f8f8-4495-bbab-37f693ea7395,1cc18aec-990d-4a4e-83f0-f7cf45a4ea8c,d6556ab6-7e9c-452a-8dc0-ed2d66976abe,Customer payment received,506.51,0.00,,0.00
10e7f5e5-baf6-4618-aa89-1cedba1d48b2,1cc18aec-990d-4a4e-83f0-f7cf45a4ea8c,ad28b3f1-9e58-4c2d-9414-8d16534c6a2a,Customer payment received,0.00,506.51,,0.00
d75c48f5-1616-4b09-9ad3-b9a44a320747,025905fc-5853-4204-b2ad-4d433efb5838,d6556ab6-7e9c-452a-8dc0-ed2d66976abe,Customer payment received,4821.02,0.00,,0.00
223751ce-fbe1-460b-a347-30d47102c39a,025905fc-5853-4204-b2ad-4d433efb5838,ad28b3f1-9e58-4c2d-9414-8d16534c6a2a,Customer payment received,0.00,4821.02,,0.00
1715be2c-b64a-43dd-ab58-b3de90c7a12a,70616e64-f0f7-4e91-bc7c-b4a487a04424,ad28b3f1-9e58-4c2d-9414-8d16534c6a2a,Sales invoice issued,5463.78,0.00,,0.00
e2cfce80-3a63-42e7-b39c-e91590257e02,70616e64-f0f7-4e91-bc7c-b4a487a04424,ddaf1bc0-a098-4e4c-9c57-97d5f3e62c5a,Sales invoice issued,0.00,4967.08,,0.00
9f20d4a4-ca6d-45fe-986c-ed7e5a89715c,70616e64-f0f7-4e91-bc7c-b4a487a04424,fc224d49-924c-4818-8373-81fe87c5c3f8,Sales invoice issued,0.00,496.70,,0.00
b31aa4a5-dc85-4666-8e35-3c4f9948776a,2e6d9ca0-b00c-43d7-8f80-a7b047f1f10f,ad28b3f1-9e58-4c2d-9414-8d16534c6a2a,Sales invoice issued,2142.78,0.00,,0.00
fac315c9-7d5d-41c4-a578-6e4675a2bd77,2e6d9ca0-b00c-43d7-8f80-a7b047f1f10f,ddaf1bc0-a098-4e4c-9c57-97d5f3e62c5a,Sales invoice issued,0.00,1947.99,,0.00
57dd5bb4-80ac-480e-b2de-89dc4f0a6b9f,2e6d9ca0-b00c-43d7-8f80-a7b047f1f10f,fc224d49-924c-4818-8373-81fe87c5c3f8,Sales invoice issued,0.00,194.79,,0.00
d4e8de29-05ee-4d06-bda7-dc1b8bc5c39c,658dc8eb-cf5f-4907-8ed6-add44d6a1cb3,6bccd1a6-e359-4a60-9c45-2bfa609b2c17,Supplier invoice received,3282.76,0.00,,0.00
4df21431-afe0-4f35-aaa1-5d00bbddd783,658dc8eb-cf5f-4907-8ed6-add44d6a1cb3,96f9d25c-9a96-448a-80d0-8a09e97a2de0,Supplier invoice received,328.28,0.00,,0.00
b5032d5e-be7d-497e-b5c9-bf9a877997e1,658dc8eb-cf5f-4907-8ed6-add44d6a1cb3,3a419430-50fd-4165-8155-058252178012,Supplier invoice received,0.00,3611.04,,0.00
9906ed63-f2e4-4411-a664-ed56d23d9e71,6113a6f0-29a8-4863-a71c-6e749fa5cb39,6bccd1a6-e359-4a60-9c45-2bfa609b2c17,Supplier invoice received,952.02,0.00,,0.00
fde2904f-40c3-4efa-a803-86a238273fd5,6113a6f0-29a8-4863-a71c-6e749fa5cb39,96f9d25c-9a96-448a-80d0-8a09e97a2de0,Supplier invoice received,95.20,0.00,,0.00
fbe8b26a-5b41-40f3-86c0-3d15d134ff66,6113a6f0-29a8-4863-a71c-6e749fa5cb39,3a419430-50fd-4165-8155-058252178012,Supplier invoice received,0.00,1047.22,,0.00
b7bc1469-8bbc-41cd-ba4a-9758df9a0bec,e218fae8-7b99-4be3-a1ea-f7a481d602c2,ad28b3f1-9e58-4c2d-9414-8d16534c6a2a,Sales invoice issued,2348.32,0.00,,0.00
0d8b340c-9596-4c74-b6ce-0d5b965b472a,e218fae8-7b99-4be3-a1ea-f7a481d602c2,ddaf1bc0-a098-4e4c-9c57-97d5f3e62c5a,Sales invoice issued,0.00,2134.83,,0.00
356d0149-f135-493d-bef6-284c9e761850,e218fae8-7b99-4be3-a1ea-f7a481d602c2,fc224d49-924c-4818-8373-81fe87c5c3f8,Sales invoice issued,0.00,213.49,,0.00
e26f81f0-3fe9-47c7-bc95-54d14975cfe3,ceb2bc7a-29ae-480d-8b30-8bdf4c33544d,d6556ab6-7e9c-452a-8dc0-ed2d66976abe,Customer payment received,3793.91,0.00,,0.00
c5a11d18-a82a-43b0-99d1-c7fcbec53a53,ceb2bc7a-29ae-480d-8b30-8bdf4c33544d,ad28b3f1-9e58-4c2d-9414-8d16534c6a2a,Customer payment received,0.00,3793.91,,0.00
a0e19028-a583-469e-9962-e617b58b8e72,352b94c4-3464-443c-bd21-e886aa835b2c,3a419430-50fd-4165-8155-058252178012,Supplier payment made,3611.04,0.00,,0.00
661aed5f-b1a6-4fb5-960c-9b76001c0146,352b94c4-3464-443c-bd21-e886aa835b2c,d6556ab6-7e9c-452a-8dc0-ed2d66976abe,Supplier payment made,0.00,3611.04,,0.00
99445176-e887-4aa7-864c-8ac89a2fc69c,7980e4fd-d939-410c-9616-d6984c77d342,ad28b3f1-9e58-4c2d-9414-8d16534c6a2a,Sales invoice issued,2645.94,0.00,,0.00
036e2808-7314-4e60-afa0-8463912bd244,7980e4fd-d939-410c-9616-d6984c77d342,ddaf1bc0-a098-4e4c-9c57-97d5f3e62c5a,Sales invoice issued,0.00,2405.39,,0.00
de706792-0b52-4a2e-b2ff-d23a6bd64de8,7980e4fd-d939-410c-9616-d6984c77d342,fc224d49-924c-4818-8373-81fe87c5c3f8,Sales invoice issued,0.00,240.55,,0.00
4505cf4a-50cc-40b7-8bd7-584740884d28,e7652a9e-df43-4e79-8ddf-c842f5e58660,ad28b3f1-9e58-4c2d-9414-8d16534c6a2a,Sales invoice issued,459.64,0.00,,0.00
77fa6b95-dc8d-4a2c-a4e0-fe7e7c333ba8,e7652a9e-df43-4e79-8ddf-c842f5e58660,ddaf1bc0-a098-4e4c-9c57-97d5f3e62c5a,Sales invoice issued,0.00,417.85,,0.00
14dd1265-bdf6-44cb-b977-5ff986593021,e7652a9e-df43-4e79-8ddf-c842f5e58660,fc224d49-924c-4818-8373-81fe87c5c3f8,Sales invoice issued,0.00,41.79,,0.00
0f36d11c-1eb3-40d0-90c1-18cb8ff747b1,26248d39-2f38-4dd5-8bf0-f28f2b12e90e,ad28b3f1-9e58-4c2d-9414-8d16534c6a2a,Sales invoice issued,1920.85,0.00,,0.00
92019782-84ce-4e8c-98ae-8c010c59ffed,26248d39-2f38-4dd5-8bf0-f28f2b12e90e,ddaf1bc0-a098-4e4c-9c57-97d5f3e62c5a,Sales invoice issued,0.00,1746.22,,0.00
36c12d51-a60c-4011-af3c-ee0d909bbdc7,26248d39-2f38-4dd5-8bf0-f28f2b12e90e,fc224d49-924c-4818-8373-81fe87c5c3f8,Sales invoice issued,0.00,174.63,,0.00
4a60a739-464b-4ad1-9f6f-f3902c7bab90,2f2bd8e4-f288-44b4-9798-19c467689c31,6bccd1a6-e359-4a60-9c45-2bfa609b2c17,Supplier invoice received,2030.15,0.00,,0.00
4e7b7645-b9fe-4b27-b966-64f54c7de1e2,2f2bd8e4-f288-44b4-9798-19c467689c31,96f9d25c-9a96-448a-80d0-8a09e97a2de0,Supplier invoice received,203.02,0.00,,0.00
311a6a31-c826-4cf9-b4fd-2c58a55cfca2,2f2bd8e4-f288-44b4-9798-19c467689c31,3a419430-50fd-4165-8155-058252178012,Supplier invoice received,0.00,2233.17,,0.00
bacb652c-1421-47da-9154-492aa021affe,22a58bec-6959-4b28-8928-f9793bb24bed,5d33b8bd-c295-43fd-8777-2f4c581fb272,Payroll processed,31115.38,0.00,,0.00
f94bcb5d-0abb-43ae-9584-7ce93f3b99a5,22a58bec-6959-4b28-8928-f9793bb24bed,a0b37a77-9ca4-44c8-83b4-707bb83011da,Payroll processed,3578.27,0.00,,0.00
eef6cc44-d480-427c-b3cf-2cc1dac0c978,22a58bec-6959-4b28-8928-f9793bb24bed,d6556ab6-7e9c-452a-8dc0-ed2d66976abe,Payroll processed,0.00,24819.39,,0.00
0c37bf77-cf25-4283-895c-e256ec77c9f4,22a58bec-6959-4b28-8928-f9793bb24bed,bd208ee6-6e73-4305-ab70-5fa800fe7941,Payroll processed,0.00,6295.99,,0.00
f4cbc945-dbca-4511-a585-397c54ff1f77,22a58bec-6959-4b28-8928-f9793bb24bed,947846ac-da86-476c-9b03-948cb4a7b58e,Payroll processed,0.00,3578.27,,0.00
f42115e2-e80f-4b92-b2ca-fa065d32ad26,77272abb-3f1a-4f54-a1b9-17c5755ad0b9,ad28b3f1-9e58-4c2d-9414-8d16534c6a2a,Sales invoice issued,4973.86,0.00,,0.00
7ada0d2d-1def-49f9-9e7f-8b1774514720,77272abb-3f1a-4f54-a1b9-17c5755ad0b9,ddaf1bc0-a098-4e4c-9c57-97d5f3e62c5a,Sales invoice issued,0.00,4521.70,,0.00
ac799755-8ea5-4475-a628-7764901ed0b2,77272abb-3f1a-4f54-a1b9-17c5755ad0b9,fc224d49-924c-4818-8373-81fe87c5c3f8,Sales invoice issued,0.00,452.16,,0.00
89d4ea50-e2cf-49cf-a5c3-482703b47b32,3dca6849-190c-4ac2-89e1-08bf1530624e,ad28b3f1-9e58-4c2d-9414-8d16534c6a2a,Sales invoice issued,1377.24,0.00,,0.00
3086d28d-2516-4fb5-b1c7-4272127f9158,3dca6849-190c-4ac2-89e1-08bf1530624e,ddaf1bc0-a098-4e4c-9c57-97d5f3e62c5a,Sales invoice issued,0.00,1252.04,,0.00
49e45730-52d4-4c5a-8af1-7398d8e39981,3dca6849-190c-4ac2-89e1-08bf1530624e,fc224d49-924c-4818-8373-81fe87c5c3f8,Sales invoice issued,0.00,125.20,,0.00
7fb34d17-b131-433d-8349-f3f2088212a9,6ab145fc-90a6-4ba9-bc8f-2d3913f9f6fd,ad28b3f1-9e58-4c2d-9414-8d16534c6a2a,Sales invoice issued,110.53,0.00,,0.00
e1223765-1780-4ed3-8a9f-5f07d51918fe,6ab145fc-90a6-4ba9-bc8f-2d3913f9f6fd,ddaf1bc0-a098-4e4c-9c57-97d5f3e62c5a,Sales invoice issued,0.00,100.48,,0.00
ba439cc5-b1a8-40db-9b17-4d9a4b5448f6,6ab145fc-90a6-4ba9-bc8f-2d3913f9f6fd,fc224d49-924c-4818-8373-81fe87c5c3f8,Sales invoice issued,0.00,10.05,,0.00
941651c1-34b6-4fcc-a794-2cb00e938c07,5bd0cb87-4cb4-4694-84a8-ed7d204a5f62,d6556ab6-7e9c-452a-8dc0-ed2d66976abe,Customer payment received,2630.74,0.00,,0.00
8f90ed3d-a390-4591-8d1e-5a6f9e1f0f78,5bd0cb87-4cb4-4694-84a8-ed7d204a5f62,ad28b3f1-9e58-4c2d-9414-8d16534c6a2a,Customer payment received,0.00,2630.74,,0.00
49dbabd7-48c7-49bd-8545-beb631d0a36a,b08246e8-ec01-4040-b31a-9920d6c76e6c,d6556ab6-7e9c-452a-8dc0-ed2d66976abe,Customer payment received,5463.78,0.00,,0.00
659bf4b5-93ac-49c7-8fe1-f92f19ce4a7c,b08246e8-ec01-4040-b31a-9920d6c76e6c,ad28b3f1-9e58-4c2d-9414-8d16534c6a2a,Customer payment received,0.00,5463.78,,0.00
7d19f21a-bcd2-4df2-9d21-f764afb78f6d,601d59be-e522-47b9-8ae7-2f638c1b980a,d6556ab6-7e9c-452a-8dc0-ed2d66976abe,Customer payment received,1377.24,0.00,,0.00
66ca9281-1b7e-4554-9062-7b86aca33c9d,601d59be-e522-47b9-8ae7-2f638c1b980a,ad28b3f1-9e58-4c2d-9414-8d16534c6a2a,Customer payment received,0.00,1377.24,,0.00
4b035814-8279-45fb-96bb-741637a21da9,e77f6448-750a-45dc-b378-adb8460fa57c,3a419430-50fd-4165-8155-058252178012,Supplier payment made,1047.22,0.00,,0.00
b8cf2a71-9403-4919-81b4-b6cad9035ca5,e77f6448-750a-45dc-b378-adb8460fa57c,d6556ab6-7e9c-452a-8dc0-ed2d66976abe,Supplier payment made,0.00,1047.22,,0.00
efde2d79-666d-4ca9-b1d1-46a97621b143,0a2f419b-4f20-4a12-8e41-db0b1e2509fd,ad28b3f1-9e58-4c2d-9414-8d16534c6a2a,Sales invoice issued,483.56,0.00,,0.00
a2c9189c-9c13-421e-893f-9d51da9ee67d,0a2f419b-4f20-4a12-8e41-db0b1e2509fd,ddaf1bc0-a098-4e4c-9c57-97d5f3e62c5a,Sales invoice issued,0.00,439.60,,0.00
0f3e7bc5-5610-4232-b938-319fe9f31347,0a2f419b-4f20-4a12-8e41-db0b1e2509fd,fc224d49-924c-4818-8373-81fe87c5c3f8,Sales invoice issued,0.00,43.96,,0.00
74d81266-de31-489c-a9b9-b75b9e2bd541,510158f3-bd7a-4743-b8f4-e4f4a988f148,d6556ab6-7e9c-452a-8dc0-ed2d66976abe,Customer payment received,3791.96,0.00,,0.00
0e363fb2-07fc-4523-ad87-91c8050dfa1b,510158f3-bd7a-4743-b8f4-e4f4a988f148,ad28b3f1-9e58-4c2d-9414-8d16534c6a2a,Customer payment received,0.00,3791.96,,0.00
5c37bbf9-eadb-41ec-92c2-ae7cf5f1debc,095556cc-d491-4448-a5d8-5ab142649b9f,ad28b3f1-9e58-4c2d-9414-8d16534c6a2a,Sales invoice issued,3474.42,0.00,,0.00
2297c76f-ca25-4b7a-97c0-6b438a96f309,095556cc-d491-4448-a5d8-5ab142649b9f,ddaf1bc0-a098-4e4c-9c57-97d5f3e62c5a,Sales invoice issued,0.00,3158.56,,0.00
0624ca6d-f1f7-402c-99fa-062514608e61,095556cc-d491-4448-a5d8-5ab142649b9f,fc224d49-924c-4818-8373-81fe87c5c3f8,Sales invoice issued,0.00,315.86,,0.00
bf566553-04a0-4942-8dff-b31f406412f6,e941e6fb-61f2-4cea-9993-698efae92a71,ad28b3f1-9e58-4c2d-9414-8d16534c6a2a,Sales invoice issued,2088.67,0.00,,0.00
75d0aa8a-a01f-4645-a8b4-c0866a61809b,e941e6fb-61f2-4cea-9993-698efae92a71,ddaf1bc0-a098-4e4c-9c57-97d5f3e62c5a,Sales invoice issued,0.00,1898.79,,0.00
6d1bf739-3c8e-4129-9b82-266c6bfc487b,e941e6fb-61f2-4cea-9993-698efae92a71,fc224d49-924c-4818-8373-81fe87c5c3f8,Sales invoice issued,0.00,189.88,,0.00
0e8ff5c3-c051-4077-a60b-e324f3a35f82,b154f807-9d4f-4a05-b471-7884aaf2c2c5,d6556ab6-7e9c-452a-8dc0-ed2d66976abe,Customer payment received,110.53,0.00,,0.00
d5573c0b-e07d-45ec-82a3-f9b32316d2d5,b154f807-9d4f-4a05-b471-7884aaf2c2c5,ad28b3f1-9e58-4c2d-9414-8d16534c6a2a,Customer payment received,0.00,110.53,,0.00
b5d00849-af0c-4cbe-bb26-ba59f3178a0a,a0628597-a049-4125-8386-c0f7610b6675,d6556ab6-7e9c-452a-8dc0-ed2d66976abe,Customer payment received,2088.67,0.00,,0.00
aeeeb11c-1bea-4c19-9b39-252ff16f2e6f,a0628597-a049-4125-8386-c0f7610b6675,ad28b3f1-9e58-4c2d-9414-8d16534c6a2a,Customer payment received,0.00,2088.67,,0.00
16ff5125-91ba-4829-942d-b6acebc8437d,e91f04d8-1ab6-4374-b2a6-05471dc7c5ed,ad28b3f1-9e58-4c2d-9414-8d16534c6a2a,Sales invoice issued,3439.27,0.00,,0.00
3f6b097a-ac45-4499-9047-354a03a64c24,e91f04d8-1ab6-4374-b2a6-05471dc7c5ed,ddaf1bc0-a098-4e4c-9c57-97d5f3e62c5a,Sales invoice issued,0.00,3126.61,,0.00
e21e91a3-47a7-4d55-9c03-8ee1c93e6f7d,e91f04d8-1ab6-4374-b2a6-05471dc7c5ed,fc224d49-924c-4818-8373-81fe87c5c3f8,Sales invoice issued,0.00,312.66,,0.00
7b139313-a8e1-4663-b571-8ffc9dfd59ce,de467de9-eb06-4902-b231-f7868033a48c,ad28b3f1-9e58-4c2d-9414-8d16534c6a2a,Sales invoice issued,76.35,0.00,,0.00
300614e2-4cfe-4df2-ac42-384b43d7093b,de467de9-eb06-4902-b231-f7868033a48c,ddaf1bc0-a098-4e4c-9c57-97d5f3e62c5a,Sales invoice issued,0.00,69.41,,0.00
4e3a0805-ca4b-4626-8779-4db35baaaf2d,de467de9-eb06-4902-b231-f7868033a48c,fc224d49-924c-4818-8373-81fe87c5c3f8,Sales invoice issued,0.00,6.94,,0.00
630d137e-c029-4bad-8573-e3e088a3c234,bdebd2ed-c28c-4f6f-9494-88a8c068dc8b,3a419430-50fd-4165-8155-058252178012,Supplier payment made,2233.17,0.00,,0.00
de4d725c-20cc-4e45-af9a-5bfb2ea7ca70,bdebd2ed-c28c-4f6f-9494-88a8c068dc8b,d6556ab6-7e9c-452a-8dc0-ed2d66976abe,Supplier payment made,0.00,2233.17,,0.00
6af8412b-ac11-4fc9-b4b5-7877e15e7953,f710cf11-b981-4c5e-8e6a-eff247260566,ad28b3f1-9e58-4c2d-9414-8d16534c6a2a,Sales invoice issued,2583.25,0.00,,0.00
e66a320b-903d-4f8f-9c54-ad3392ca36b8,f710cf11-b981-4c5e-8e6a-eff247260566,ddaf1bc0-a098-4e4c-9c57-97d5f3e62c5a,Sales invoice issued,0.00,2348.41,,0.00
3b5e5d96-3808-41b9-83e7-bfc45c345ad1,f710cf11-b981-4c5e-8e6a-eff247260566,fc224d49-924c-4818-8373-81fe87c5c3f8,Sales invoice issued,0.00,234.84,,0.00
99c885d0-8811-4730-8da1-315e33618787,15d9c8cd-9d0a-46c4-9ffb-fcdab9c1c552,ad28b3f1-9e58-4c2d-9414-8d16534c6a2a,Sales invoice issued,405.02,0.00,,0.00
50bb25db-5e5a-4398-a624-bd73b0eae3a1,15d9c8cd-9d0a-46c4-9ffb-fcdab9c1c552,ddaf1bc0-a098-4e4c-9c57-97d5f3e62c5a,Sales invoice issued,0.00,368.20,,0.00
e79a4c3c-f187-428e-90b2-5b8e9315c752,15d9c8cd-9d0a-46c4-9ffb-fcdab9c1c552,fc224d49-924c-4818-8373-81fe87c5c3f8,Sales invoice issued,0.00,36.82,,0.00
7c67eb8a-6431-43e0-a2e2-2ae0723f4a16,f5bf2c0c-4105-48b4-81b3-375eed7e16f2,ad28b3f1-9e58-4c2d-9414-8d16534c6a2a,Sales invoice issued,2530.53,0.00,,0.00
fb0fe32f-6c5f-48f7-8677-edbc14db9e22,f5bf2c0c-4105-48b4-81b3-375eed7e16f2,ddaf1bc0-a098-4e4c-9c57-97d5f3e62c5a,Sales invoice issued,0.00,2300.49,,0.00
ae6f4f65-73cb-4ea7-bf5f-1305cb562273,f5bf2c0c-4105-48b4-81b3-375eed7e16f2,fc224d49-924c-4818-8373-81fe87c5c3f8,Sales invoice issued,0.00,230.04,,0.00
5ae8fe55-0e5b-44fd-b2f5-2221423a3547,5610118c-b273-4788-8e76-2d638dff933c,ad28b3f1-9e58-4c2d-9414-8d16534c6a2a,Sales invoice issued,3208.86,0.00,,0.00
d3778302-6dd3-4902-83ab-816e0332f145,5610118c-b273-4788-8e76-2d638dff933c,ddaf1bc0-a098-4e4c-9c57-97d5f3e62c5a,Sales invoice issued,0.00,2917.14,,0.00
31d4ffa5-b159-4528-ad8b-39d48d2dc7ac,5610118c-b273-4788-8e76-2d638dff933c,fc224d49-924c-4818-8373-81fe87c5c3f8,Sales invoice issued,0.00,291.72,,0.00
a51affa4-eb89-4509-b2f7-b11acdf83c15,49fb448d-a4ec-4437-a031-c9b9cbfc8c6c,d6556ab6-7e9c-452a-8dc0-ed2d66976abe,Customer payment received,627.63,0.00,,0.00
91bcfe46-d164-418b-99d3-c7bd5a310894,49fb448d-a4ec-4437-a031-c9b9cbfc8c6c,ad28b3f1-9e58-4c2d-9414-8d16534c6a2a,Customer payment received,0.00,627.63,,0.00
fadc9a2f-5af4-4431-b0da-12de666b052a,aba1dead-3bd5-40c3-9039-009cb35c9405,ad28b3f1-9e58-4c2d-9414-8d16534c6a2a,Sales invoice issued,4627.41,0.00,,0.00
2485e6eb-7a68-45ba-9419-6046d6e57f38,aba1dead-3bd5-40c3-9039-009cb35c9405,ddaf1bc0-a098-4e4c-9c57-97d5f3e62c5a,Sales invoice issued,0.00,4206.73,,0.00
b61ba38a-aa82-490f-ad79-18d6ddcae878,aba1dead-3bd5-40c3-9039-009cb35c9405,fc224d49-924c-4818-8373-81fe87c5c3f8,Sales invoice issued,0.00,420.68,,0.00
be6bc803-1e18-4e00-bda2-284e6216151e,264838b4-d770-440b-91cb-bcbe316a966b,ad28b3f1-9e58-4c2d-9414-8d16534c6a2a,Sales invoice issued,212.07,0.00,,0.00
0ddd31c2-f77e-41a8-ba67-c47b576dee1c,264838b4-d770-440b-91cb-bcbe316a966b,ddaf1bc0-a098-4e4c-9c57-97d5f3e62c5a,Sales invoice issued,0.00,192.78,,0.00
db2c99d8-79bd-46e3-978c-418325def093,264838b4-d770-440b-91cb-bcbe316a966b,fc224d49-924c-4818-8373-81fe87c5c3f8,Sales invoice issued,0.00,19.29,,0.00
96a8b50a-c281-4e40-b073-ed713ccb5e50,39a5c9ce-62ab-431e-bc62-31fb6cbdb7f0,d6556ab6-7e9c-452a-8dc0-ed2d66976abe,Customer payment received,2530.53,0.00,,0.00
f330cf20-0642-4d54-ac37-62e1ba66c3d2,39a5c9ce-62ab-431e-bc62-31fb6cbdb7f0,ad28b3f1-9e58-4c2d-9414-8d16534c6a2a,Customer payment received,0.00,2530.53,,0.00
192be164-3934-4539-ae0f-63622ab8bf2a,dab091bd-9108-4895-ab90-c04f9bc47a3e,ad28b3f1-9e58-4c2d-9414-8d16534c6a2a,Sales invoice issued,1230.24,0.00,,0.00
5905beab-ace2-40fe-a92d-795bb21849c6,dab091bd-9108-4895-ab90-c04f9bc47a3e,ddaf1bc0-a098-4e4c-9c57-97d5f3e62c5a,Sales invoice issued,0.00,1118.40,,0.00
660f9775-3ebe-4b30-a24b-b0b1e3c1de46,dab091bd-9108-4895-ab90-c04f9bc47a3e,fc224d49-924c-4818-8373-81fe87c5c3f8,Sales invoice issued,0.00,111.84,,0.00
88f7cf0d-4357-4f86-b417-4f7af2413a1a,68349316-c59d-48df-b460-e7ead0ec26be,ad28b3f1-9e58-4c2d-9414-8d16534c6a2a,Sales invoice issued,1883.91,0.00,,0.00
8ca672d4-a01c-4630-8739-3217dedfd15f,68349316-c59d-48df-b460-e7ead0ec26be,ddaf1bc0-a098-4e4c-9c57-97d5f3e62c5a,Sales invoice issued,0.00,1712.64,,0.00
d5672103-acb7-4b60-b367-45bd4bac59d1,68349316-c59d-48df-b460-e7ead0ec26be,fc224d49-924c-4818-8373-81fe87c5c3f8,Sales invoice issued,0.00,171.27,,0.00
3933d73d-003c-46f1-9ac0-536f9a8129e2,9642ff17-0d97-42b8-b79a-6d1845511b47,d6556ab6-7e9c-452a-8dc0-ed2d66976abe,Customer payment received,1730.70,0.00,,0.00
60ad16f0-2420-474a-9d91-ebbafbdc7b53,9642ff17-0d97-42b8-b79a-6d1845511b47,ad28b3f1-9e58-4c2d-9414-8d16534c6a2a,Customer payment received,0.00,1730.70,,0.00
a03142cd-7029-4e0b-a4d0-e8a439609a6f,3a499607-a210-45af-a7b0-354425710c6b,ad28b3f1-9e58-4c2d-9414-8d16534c6a2a,Sales invoice issued,1315.25,0.00,,0.00
4d530052-dd20-45d4-8ed9-37969d9c4ac6,3a499607-a210-45af-a7b0-354425710c6b,ddaf1bc0-a098-4e4c-9c57-97d5f3e62c5a,Sales invoice issued,0.00,1195.68,,0.00
784b427e-0c84-436f-955e-5895142623b3,3a499607-a210-45af-a7b0-354425710c6b,fc224d49-924c-4818-8373-81fe87c5c3f8,Sales invoice issued,0.00,119.57,,0.00
69254b25-43e6-4d11-ba8a-c17e3b1d0fdf,8a441fbb-6866-41e0-8884-96a4670754a0,d6556ab6-7e9c-452a-8dc0-ed2d66976abe,Customer payment received,212.07,0.00,,0.00
610828ca-003f-44a7-bf8c-a9d44d8858f7,8a441fbb-6866-41e0-8884-96a4670754a0,ad28b3f1-9e58-4c2d-9414-8d16534c6a2a,Customer payment received,0.00,212.07,,0.00
97c29c00-4d93-46c6-8b4e-05ced8d74761,2eb594c3-0482-47c5-88cf-6c1eb109bc1d,d6556ab6-7e9c-452a-8dc0-ed2d66976abe,Customer payment received,1315.25,0.00,,0.00
689d37d8-29ba-45a5-8f65-f3f0fafe6422,2eb594c3-0482-47c5-88cf-6c1eb109bc1d,ad28b3f1-9e58-4c2d-9414-8d16534c6a2a,Customer payment received,0.00,1315.25,,0.00
f867cef0-f01c-4189-abd8-173bf9411d14,7890f920-0b0b-4050-a9c0-e81980fcfd99,6bccd1a6-e359-4a60-9c45-2bfa609b2c17,Supplier invoice received,2714.58,0.00,,0.00
36e96496-9d4d-43f0-b791-79a927c7fa8f,7890f920-0b0b-4050-a9c0-e81980fcfd99,96f9d25c-9a96-448a-80d0-8a09e97a2de0,Supplier invoice received,271.46,0.00,,0.00
2c0378a2-1e87-4e67-83f4-2830a85aae9c,7890f920-0b0b-4050-a9c0-e81980fcfd99,3a419430-50fd-4165-8155-058252178012,Supplier invoice received,0.00,2986.04,,0.00
76ac2283-a246-42dd-8e3e-eaebc1acffe5,272418c5-8482-4f12-807a-f54bbffd44e6,6bccd1a6-e359-4a60-9c45-2bfa609b2c17,Supplier invoice received,383.76,0.00,,0.00
aa672825-d5bb-4a5e-b1f6-baa7bf1b0c73,272418c5-8482-4f12-807a-f54bbffd44e6,96f9d25c-9a96-448a-80d0-8a09e97a2de0,Supplier invoice received,38.38,0.00,,0.00
fac553b4-017e-4091-bb78-ba8499a1ba93,272418c5-8482-4f12-807a-f54bbffd44e6,3a419430-50fd-4165-8155-058252178012,Supplier invoice received,0.00,422.14,,0.00
38ac37a1-d440-401d-b4b0-c22305fb8838,da115eb8-ebc2-44a7-946d-621ea1c00e85,6bccd1a6-e359-4a60-9c45-2bfa609b2c17,Supplier invoice received,2329.52,0.00,,0.00
b3673806-7d9c-460c-99c0-0f4de67a95db,da115eb8-ebc2-44a7-946d-621ea1c00e85,96f9d25c-9a96-448a-80d0-8a09e97a2de0,Supplier invoice received,232.95,0.00,,0.00
c8c180cd-b9b0-49fc-af62-23866b7af220,da115eb8-ebc2-44a7-946d-621ea1c00e85,3a419430-50fd-4165-8155-058252178012,Supplier invoice received,0.00,2562.47,,0.00
4dd628c0-27e4-40d9-9ed4-8cdfaa3a5777,938fea98-ba8e-4332-a84e-3ccb27dd5585,3287b1c2-c4c3-4755-8137-d3d0dc4cd36e,Depreciation — POS System,93.61,0.00,,0.00
e632ff1e-8313-4681-81c6-43fcf3674f12,938fea98-ba8e-4332-a84e-3ccb27dd5585,7d8cc437-0781-4714-a70a-1d54c1dd45c1,Depreciation — POS System,0.00,93.61,,0.00
81b8b3f1-0b73-48eb-b886-535e094822fc,fb86ad78-d94d-47b4-8359-c67f821acd03,3287b1c2-c4c3-4755-8137-d3d0dc4cd36e,Depreciation — Laptop x2,76.86,0.00,,0.00
8ed1bf64-6884-49d2-b6aa-24c6b8603c4e,fb86ad78-d94d-47b4-8359-c67f821acd03,7d8cc437-0781-4714-a70a-1d54c1dd45c1,Depreciation — Laptop x2,0.00,76.86,,0.00
320e58bc-7423-4342-a7ce-ab60e96f6379,68ac4a2c-5bc6-4bdb-a7d1-5e70ff5c8473,3287b1c2-c4c3-4755-8137-d3d0dc4cd36e,Depreciation — Printer/Scanner,20.03,0.00,,0.00
0f03789f-f55a-4356-bcb3-4fb4db619292,68ac4a2c-5bc6-4bdb-a7d1-5e70ff5c8473,7d8cc437-0781-4714-a70a-1d54c1dd45c1,Depreciation — Printer/Scanner,0.00,20.03,,0.00
990b98b9-e22c-4c52-aa26-d8820a85a8a3,90abefa9-6e62-4ee9-9889-1db09c4f7126,3287b1c2-c4c3-4755-8137-d3d0dc4cd36e,Depreciation — Shop Shelving,86.89,0.00,,0.00
3df98b00-be5d-4de5-b1d5-5b50fb03d5a1,90abefa9-6e62-4ee9-9889-1db09c4f7126,c3d153ed-d888-460c-9ab3-544b88831a7d,Depreciation — Shop Shelving,0.00,86.89,,0.00
17f2bef3-80c6-4ca9-8016-36772b6a4d4d,9b9fdff9-df5e-4c6c-97b9-4f41025c9d31,3287b1c2-c4c3-4755-8137-d3d0dc4cd36e,Depreciation — Display Stands,76.80,0.00,,0.00
9c8a80fa-bffb-46c8-b581-5428d65f0a4d,9b9fdff9-df5e-4c6c-97b9-4f41025c9d31,c3d153ed-d888-460c-9ab3-544b88831a7d,Depreciation — Display Stands,0.00,76.80,,0.00
7257ecfe-761e-499e-bb2c-2651ff88fdf6,b452dfd0-356b-4664-b7d8-7cfd564dec20,3287b1c2-c4c3-4755-8137-d3d0dc4cd36e,Depreciation — Counter & Checkout,48.28,0.00,,0.00
77f3f37c-87ea-4892-93ed-b8058712d87f,b452dfd0-356b-4664-b7d8-7cfd564dec20,c3d153ed-d888-460c-9ab3-544b88831a7d,Depreciation — Counter & Checkout,0.00,48.28,,0.00
4b33120e-388e-4461-817a-72cdd5ead3de,34166ace-425b-43c6-ad56-5d9ee693cb37,3287b1c2-c4c3-4755-8137-d3d0dc4cd36e,Depreciation — Signage,53.21,0.00,,0.00
6cb80413-5bc3-4082-9f78-b4706737f878,34166ace-425b-43c6-ad56-5d9ee693cb37,c3d153ed-d888-460c-9ab3-544b88831a7d,Depreciation — Signage,0.00,53.21,,0.00
8ca802f3-7271-4753-82e5-eac97ebf7fd9,34a3ba1d-f62e-4e54-9658-9ea7a1491dfb,3287b1c2-c4c3-4755-8137-d3d0dc4cd36e,Depreciation — Delivery Van,232.19,0.00,,0.00
f39ad9dc-fb70-4c27-8024-5ba7d0691033,34a3ba1d-f62e-4e54-9658-9ea7a1491dfb,9510684f-7708-4a27-ad2e-8ec5731fa339,Depreciation — Delivery Van,0.00,232.19,,0.00
554c52e1-2c90-457b-8c7d-afe819672149,b5a8de82-671c-47f9-a245-7b1236442982,3287b1c2-c4c3-4755-8137-d3d0dc4cd36e,Depreciation — Security System,43.85,0.00,,0.00
473745b3-4e6a-4bc1-be01-b0ac8442589f,b5a8de82-671c-47f9-a245-7b1236442982,7d8cc437-0781-4714-a70a-1d54c1dd45c1,Depreciation — Security System,0.00,43.85,,0.00
b3d3a8dd-89f9-45ed-9e1f-769d2413b8b5,43a93710-bcf6-4281-ae25-7d0b14420f8d,ad28b3f1-9e58-4c2d-9414-8d16534c6a2a,Sales invoice issued,1584.62,0.00,,0.00
011a7c2e-9bdc-40c0-a99c-efa1615b5d16,43a93710-bcf6-4281-ae25-7d0b14420f8d,ddaf1bc0-a098-4e4c-9c57-97d5f3e62c5a,Sales invoice issued,0.00,1440.56,,0.00
36d39233-4283-4033-86d6-772b0ac6d14a,43a93710-bcf6-4281-ae25-7d0b14420f8d,fc224d49-924c-4818-8373-81fe87c5c3f8,Sales invoice issued,0.00,144.06,,0.00
7e05fb64-b549-4960-81ca-3e0eaab87f92,5652db3a-55c2-4231-9ae4-b4392b844830,ad28b3f1-9e58-4c2d-9414-8d16534c6a2a,Sales invoice issued,859.54,0.00,,0.00
4d1e7c10-d724-46b0-ad43-88170c253e5c,5652db3a-55c2-4231-9ae4-b4392b844830,ddaf1bc0-a098-4e4c-9c57-97d5f3e62c5a,Sales invoice issued,0.00,781.40,,0.00
c5d95e73-160c-440f-aa99-c9f92ab9b800,5652db3a-55c2-4231-9ae4-b4392b844830,fc224d49-924c-4818-8373-81fe87c5c3f8,Sales invoice issued,0.00,78.14,,0.00
f23532da-d762-44a0-ac3c-ecd1b603af6e,d8d968f6-656d-4a85-aec6-75bd90995db8,d6556ab6-7e9c-452a-8dc0-ed2d66976abe,Customer payment received,1890.57,0.00,,0.00
e107ec32-51be-4fb0-b7af-9ece1373de2e,d8d968f6-656d-4a85-aec6-75bd90995db8,ad28b3f1-9e58-4c2d-9414-8d16534c6a2a,Customer payment received,0.00,1890.57,,0.00
65404269-7764-4e82-831d-880833ffb04e,dfc36d5d-e8da-442f-ac92-748d51e0ace3,d6556ab6-7e9c-452a-8dc0-ed2d66976abe,Customer payment received,4973.86,0.00,,0.00
510ce10e-1f68-4cc6-98fc-3249e1b3daa1,dfc36d5d-e8da-442f-ac92-748d51e0ace3,ad28b3f1-9e58-4c2d-9414-8d16534c6a2a,Customer payment received,0.00,4973.86,,0.00
4e52fb97-82b7-4fd1-9e1b-7d3ac2165f02,19e8c5e1-bba3-466a-8de1-566f7142753d,6bccd1a6-e359-4a60-9c45-2bfa609b2c17,Supplier invoice received,3282.76,0.00,,0.00
9e4c9960-e570-4fa5-9201-477f5103f1e3,19e8c5e1-bba3-466a-8de1-566f7142753d,96f9d25c-9a96-448a-80d0-8a09e97a2de0,Supplier invoice received,328.28,0.00,,0.00
a54b6da4-4b4b-408e-9e23-4a7d8c6c2c46,19e8c5e1-bba3-466a-8de1-566f7142753d,3a419430-50fd-4165-8155-058252178012,Supplier invoice received,0.00,3611.04,,0.00
f43255d4-7894-498c-bb73-60c38e961456,3abdd763-6d68-4cea-8599-aa07dcd430cb,ad28b3f1-9e58-4c2d-9414-8d16534c6a2a,Sales invoice issued,1253.85,0.00,,0.00
c991638d-06b9-4199-b498-e1721cb48c7a,3abdd763-6d68-4cea-8599-aa07dcd430cb,ddaf1bc0-a098-4e4c-9c57-97d5f3e62c5a,Sales invoice issued,0.00,1139.86,,0.00
6c7f5519-baa0-4687-99d3-88a3e8f03776,3abdd763-6d68-4cea-8599-aa07dcd430cb,fc224d49-924c-4818-8373-81fe87c5c3f8,Sales invoice issued,0.00,113.99,,0.00
0252fb2e-231d-4fe5-8063-62eacd2baf65,376f451d-e560-409b-8e36-a7ab84ffb1f4,ad28b3f1-9e58-4c2d-9414-8d16534c6a2a,Sales invoice issued,1096.51,0.00,,0.00
da722921-ca83-4665-90d7-6103d5de6c08,376f451d-e560-409b-8e36-a7ab84ffb1f4,ddaf1bc0-a098-4e4c-9c57-97d5f3e62c5a,Sales invoice issued,0.00,996.83,,0.00
85d7d12e-cfa4-4e7a-b104-6924b642ccfa,376f451d-e560-409b-8e36-a7ab84ffb1f4,fc224d49-924c-4818-8373-81fe87c5c3f8,Sales invoice issued,0.00,99.68,,0.00
4684c6bb-0007-4822-84f6-d1e9588f0acd,e55aec58-2826-4483-8cfd-b9761d40a2df,d6556ab6-7e9c-452a-8dc0-ed2d66976abe,Customer payment received,1267.56,0.00,,0.00
9ab4d178-e1e8-4401-b9c3-b8c06a640ab1,e55aec58-2826-4483-8cfd-b9761d40a2df,ad28b3f1-9e58-4c2d-9414-8d16534c6a2a,Customer payment received,0.00,1267.56,,0.00
70659b82-106b-4352-807f-13ac8d0b7302,cb80abb8-7634-401a-bca7-6f88e70c58ac,5d33b8bd-c295-43fd-8777-2f4c581fb272,Payroll processed,31115.38,0.00,,0.00
c16da72e-3ae3-4b29-8eb5-d1791ac5d1ea,cb80abb8-7634-401a-bca7-6f88e70c58ac,a0b37a77-9ca4-44c8-83b4-707bb83011da,Payroll processed,3578.27,0.00,,0.00
58b5da78-cca4-4bc8-a84e-aadfa9b4d3ff,cb80abb8-7634-401a-bca7-6f88e70c58ac,d6556ab6-7e9c-452a-8dc0-ed2d66976abe,Payroll processed,0.00,24819.39,,0.00
2aba4091-c335-4ba5-b0a7-38ae57223a68,cb80abb8-7634-401a-bca7-6f88e70c58ac,bd208ee6-6e73-4305-ab70-5fa800fe7941,Payroll processed,0.00,6295.99,,0.00
acb08fdc-a0e6-4734-a075-d9ca8db81474,cb80abb8-7634-401a-bca7-6f88e70c58ac,947846ac-da86-476c-9b03-948cb4a7b58e,Payroll processed,0.00,3578.27,,0.00
033eef17-9922-4ae4-959f-da9c3fda352d,16fb09b3-f10f-4099-ab39-d4bb5ddf58b8,ad28b3f1-9e58-4c2d-9414-8d16534c6a2a,Sales invoice issued,4716.40,0.00,,0.00
5c6faede-3b2a-4b0e-a747-974d93d55bf8,16fb09b3-f10f-4099-ab39-d4bb5ddf58b8,ddaf1bc0-a098-4e4c-9c57-97d5f3e62c5a,Sales invoice issued,0.00,4287.64,,0.00
0fc56a38-7d5b-4a7b-96ea-2223738f711f,16fb09b3-f10f-4099-ab39-d4bb5ddf58b8,fc224d49-924c-4818-8373-81fe87c5c3f8,Sales invoice issued,0.00,428.76,,0.00
50b69ee3-5a21-4f09-96aa-0d8efc241a6f,1ee01c3a-041a-4988-999c-4c2fd65c48f7,ad28b3f1-9e58-4c2d-9414-8d16534c6a2a,Sales invoice issued,2102.34,0.00,,0.00
c8f42e60-6c6b-41d6-a579-730058a1a5c2,1ee01c3a-041a-4988-999c-4c2fd65c48f7,ddaf1bc0-a098-4e4c-9c57-97d5f3e62c5a,Sales invoice issued,0.00,1911.21,,0.00
072b3ed7-0933-4ce5-9567-0911cd61f5b6,1ee01c3a-041a-4988-999c-4c2fd65c48f7,fc224d49-924c-4818-8373-81fe87c5c3f8,Sales invoice issued,0.00,191.13,,0.00
7db07bcc-73d2-40d6-a549-7e1a61e45ead,dac3520a-3047-4018-bb27-68468ac4ee1f,ad28b3f1-9e58-4c2d-9414-8d16534c6a2a,Sales invoice issued,1523.54,0.00,,0.00
e00086a3-41bd-436f-aa90-e4ff55c341c3,dac3520a-3047-4018-bb27-68468ac4ee1f,ddaf1bc0-a098-4e4c-9c57-97d5f3e62c5a,Sales invoice issued,0.00,1385.04,,0.00
85dbef7d-7bb9-4858-9ba2-ac975b3503e0,dac3520a-3047-4018-bb27-68468ac4ee1f,fc224d49-924c-4818-8373-81fe87c5c3f8,Sales invoice issued,0.00,138.50,,0.00
aaf82bfb-678b-4159-8ca1-7f20ef258ad1,bc2f54b6-0ebc-4f07-8229-201027dd521b,ad28b3f1-9e58-4c2d-9414-8d16534c6a2a,Sales invoice issued,2909.82,0.00,,0.00
2fd88780-064e-4f03-a27e-2365b862c2e1,bc2f54b6-0ebc-4f07-8229-201027dd521b,ddaf1bc0-a098-4e4c-9c57-97d5f3e62c5a,Sales invoice issued,0.00,2645.29,,0.00
23c93394-043a-4922-b8c5-c37613741e3c,bc2f54b6-0ebc-4f07-8229-201027dd521b,fc224d49-924c-4818-8373-81fe87c5c3f8,Sales invoice issued,0.00,264.53,,0.00
0f6c9a4f-684a-43ad-8cda-3b40f3d87a73,dd114d93-d1de-4327-81c4-d5a4c2895646,d6556ab6-7e9c-452a-8dc0-ed2d66976abe,Customer payment received,2645.94,0.00,,0.00
decd3871-643e-4c18-bcbe-0fbcc1baac18,dd114d93-d1de-4327-81c4-d5a4c2895646,ad28b3f1-9e58-4c2d-9414-8d16534c6a2a,Customer payment received,0.00,2645.94,,0.00
4469cf9b-399b-4f01-be45-c429a8f33701,e5e16b52-4d4f-4d60-8bfb-27f473521ae7,d6556ab6-7e9c-452a-8dc0-ed2d66976abe,Customer payment received,459.64,0.00,,0.00
f94b727d-999b-434e-97ba-a57f3176aa95,e5e16b52-4d4f-4d60-8bfb-27f473521ae7,ad28b3f1-9e58-4c2d-9414-8d16534c6a2a,Customer payment received,0.00,459.64,,0.00
904b5fac-58c2-48b6-a14b-e0de8f5156f6,fd68a49d-397d-4856-ae69-a77d5641644b,ad28b3f1-9e58-4c2d-9414-8d16534c6a2a,Sales invoice issued,2160.45,0.00,,0.00
80db4f59-f1d2-47e7-889b-14821af6f957,fd68a49d-397d-4856-ae69-a77d5641644b,ddaf1bc0-a098-4e4c-9c57-97d5f3e62c5a,Sales invoice issued,0.00,1964.05,,0.00
eca80143-ed2a-4935-a01c-8ec2901f8a06,fd68a49d-397d-4856-ae69-a77d5641644b,fc224d49-924c-4818-8373-81fe87c5c3f8,Sales invoice issued,0.00,196.40,,0.00
a724833d-81f3-47e4-b79d-33ae533592ae,066daae3-10b8-43d1-be11-e2d88a64137a,ad28b3f1-9e58-4c2d-9414-8d16534c6a2a,Sales invoice issued,700.60,0.00,,0.00
9c2b4f0f-3f1d-4a76-a2f3-b548f60d76e2,066daae3-10b8-43d1-be11-e2d88a64137a,ddaf1bc0-a098-4e4c-9c57-97d5f3e62c5a,Sales invoice issued,0.00,636.91,,0.00
ef6aa5b3-55cf-4985-a3ee-312b8db111c1,066daae3-10b8-43d1-be11-e2d88a64137a,fc224d49-924c-4818-8373-81fe87c5c3f8,Sales invoice issued,0.00,63.69,,0.00
f9e09cb9-03d3-4eb9-9747-c0d6a29dd5c2,1062d744-9925-4eac-a7db-3197f33e8703,d6556ab6-7e9c-452a-8dc0-ed2d66976abe,Customer payment received,2421.74,0.00,,0.00
ec2b9bfa-a008-4a75-ae00-b02ab068fb67,1062d744-9925-4eac-a7db-3197f33e8703,ad28b3f1-9e58-4c2d-9414-8d16534c6a2a,Customer payment received,0.00,2421.74,,0.00
a97e9e94-1373-47ff-80c7-2c24088fe83c,474f9f1b-a231-4b99-8eff-e5822303a591,d6556ab6-7e9c-452a-8dc0-ed2d66976abe,Customer payment received,2102.34,0.00,,0.00
b817cb84-33b3-4818-9f64-c17263466b29,474f9f1b-a231-4b99-8eff-e5822303a591,ad28b3f1-9e58-4c2d-9414-8d16534c6a2a,Customer payment received,0.00,2102.34,,0.00
b957c95d-6f93-4f04-8836-dd17291b2cb8,362086d8-d164-4698-9533-1d758e41551a,3a419430-50fd-4165-8155-058252178012,Supplier payment made,3611.04,0.00,,0.00
c09f3301-debe-4989-9cc0-89acc4544355,362086d8-d164-4698-9533-1d758e41551a,d6556ab6-7e9c-452a-8dc0-ed2d66976abe,Supplier payment made,0.00,3611.04,,0.00
8f00e758-7882-4fde-b416-89240ec51377,60f79ae1-bd9d-433e-9f1c-d1ed490b0956,ad28b3f1-9e58-4c2d-9414-8d16534c6a2a,Sales invoice issued,5497.63,0.00,,0.00
cefd6a83-6a97-41e6-8e8d-39b3006d50ee,60f79ae1-bd9d-433e-9f1c-d1ed490b0956,ddaf1bc0-a098-4e4c-9c57-97d5f3e62c5a,Sales invoice issued,0.00,4997.85,,0.00
7dccb66e-cef1-45cb-9784-d38b9acf0f46,60f79ae1-bd9d-433e-9f1c-d1ed490b0956,fc224d49-924c-4818-8373-81fe87c5c3f8,Sales invoice issued,0.00,499.78,,0.00
5ac0d92f-5451-4cec-a921-c15ac711ec2b,43ac66c4-3e9f-402d-9b65-1ada916df75a,d6556ab6-7e9c-452a-8dc0-ed2d66976abe,Customer payment received,541.28,0.00,,0.00
42a54740-e5ee-4acf-a3bd-0dbdc38d36ab,43ac66c4-3e9f-402d-9b65-1ada916df75a,ad28b3f1-9e58-4c2d-9414-8d16534c6a2a,Customer payment received,0.00,541.28,,0.00
b76a655c-6b3f-49c0-a805-1634e3379ec7,813fe57e-1388-45bc-b910-3209cbdfc742,d6556ab6-7e9c-452a-8dc0-ed2d66976abe,Customer payment received,405.02,0.00,,0.00
c147f981-ddf1-4d59-936e-695ba6dab81f,813fe57e-1388-45bc-b910-3209cbdfc742,ad28b3f1-9e58-4c2d-9414-8d16534c6a2a,Customer payment received,0.00,405.02,,0.00
85c9f490-f692-4c6b-adba-8504b6760050,7fbc1eef-578a-42bb-a12a-2a6125670df8,6bccd1a6-e359-4a60-9c45-2bfa609b2c17,Supplier invoice received,802.71,0.00,,0.00
be8bdb4e-796f-4b0a-a927-6758567b7380,7fbc1eef-578a-42bb-a12a-2a6125670df8,96f9d25c-9a96-448a-80d0-8a09e97a2de0,Supplier invoice received,80.27,0.00,,0.00
05dad1ce-9ab4-42ad-9038-6073cc7546a3,7fbc1eef-578a-42bb-a12a-2a6125670df8,3a419430-50fd-4165-8155-058252178012,Supplier invoice received,0.00,882.98,,0.00
d73cc3b1-6a04-42b7-a24f-a6942a233200,9e70123f-c0ef-4c5d-a87e-2f164ee42d79,3a419430-50fd-4165-8155-058252178012,Supplier payment made,422.14,0.00,,0.00
f341ed3d-fec0-4cea-90ad-87c740d1c3fa,9e70123f-c0ef-4c5d-a87e-2f164ee42d79,d6556ab6-7e9c-452a-8dc0-ed2d66976abe,Supplier payment made,0.00,422.14,,0.00
c16ddc74-864e-4723-a605-61124ec00a52,b8d39571-cdb7-4e9e-904b-e9bd7e953450,ad28b3f1-9e58-4c2d-9414-8d16534c6a2a,Sales invoice issued,2263.01,0.00,,0.00
24892a05-c95a-4ef9-a81e-b554cb268cf9,b8d39571-cdb7-4e9e-904b-e9bd7e953450,ddaf1bc0-a098-4e4c-9c57-97d5f3e62c5a,Sales invoice issued,0.00,2057.28,,0.00
060e727d-5f23-4f37-b7ec-98c1d0e39288,b8d39571-cdb7-4e9e-904b-e9bd7e953450,fc224d49-924c-4818-8373-81fe87c5c3f8,Sales invoice issued,0.00,205.73,,0.00
b731756e-6e3c-4006-9534-445226207fa2,41cd92c8-da78-409f-9b08-79f94d4886be,6bccd1a6-e359-4a60-9c45-2bfa609b2c17,Supplier invoice received,8685.27,0.00,,0.00
6fa72b58-43fc-4932-be0d-95d188a93e47,41cd92c8-da78-409f-9b08-79f94d4886be,96f9d25c-9a96-448a-80d0-8a09e97a2de0,Supplier invoice received,868.53,0.00,,0.00
521b0131-d038-4030-9174-a8e35cdde2cc,41cd92c8-da78-409f-9b08-79f94d4886be,3a419430-50fd-4165-8155-058252178012,Supplier invoice received,0.00,9553.80,,0.00
f6dd8f62-d6d1-4d79-a39c-c632b035b57b,b4e9bfe2-6ffd-4034-ad85-5bee4fd768d1,3a419430-50fd-4165-8155-058252178012,Supplier payment made,2986.04,0.00,,0.00
9fe88c6e-e7fb-4a25-b2f1-4412b7708aea,b4e9bfe2-6ffd-4034-ad85-5bee4fd768d1,d6556ab6-7e9c-452a-8dc0-ed2d66976abe,Supplier payment made,0.00,2986.04,,0.00
56568ef8-2f13-40c5-bef1-1e07a5db9a57,f4281341-5717-46e1-8c8f-393aab9d9d6b,ad28b3f1-9e58-4c2d-9414-8d16534c6a2a,Sales invoice issued,162.02,0.00,,0.00
8d7de889-255b-46e3-974b-de88042997c5,f4281341-5717-46e1-8c8f-393aab9d9d6b,ddaf1bc0-a098-4e4c-9c57-97d5f3e62c5a,Sales invoice issued,0.00,147.29,,0.00
d795dd49-3404-4888-ba00-2c471df3f9d3,f4281341-5717-46e1-8c8f-393aab9d9d6b,fc224d49-924c-4818-8373-81fe87c5c3f8,Sales invoice issued,0.00,14.73,,0.00
8b1cb619-86c9-437b-9a9e-d37cfcb34484,498d2749-1240-449b-ab4a-a28a514e2e37,ad28b3f1-9e58-4c2d-9414-8d16534c6a2a,Sales invoice issued,684.53,0.00,,0.00
daea8ad1-0e9b-4d39-af06-fa93702a1b97,498d2749-1240-449b-ab4a-a28a514e2e37,ddaf1bc0-a098-4e4c-9c57-97d5f3e62c5a,Sales invoice issued,0.00,622.30,,0.00
e2cac319-9684-46c5-8144-a0fb493bb823,498d2749-1240-449b-ab4a-a28a514e2e37,fc224d49-924c-4818-8373-81fe87c5c3f8,Sales invoice issued,0.00,62.23,,0.00
16d4dca5-fa61-4fe4-a0dd-99220c146611,0bc43135-b702-42b1-aadc-b033322fc565,d6556ab6-7e9c-452a-8dc0-ed2d66976abe,Customer payment received,1598.46,0.00,,0.00
727f8839-ad94-4003-b2c2-44abd6bd1adc,0bc43135-b702-42b1-aadc-b033322fc565,ad28b3f1-9e58-4c2d-9414-8d16534c6a2a,Customer payment received,0.00,1598.46,,0.00
16f18c11-48f7-47c3-a39d-825cb2674e4a,9ab99ca6-f8f7-4b99-ba19-c5dc35811710,d6556ab6-7e9c-452a-8dc0-ed2d66976abe,Customer payment received,1230.24,0.00,,0.00
74297724-6100-4d79-ac56-966b3782b543,9ab99ca6-f8f7-4b99-ba19-c5dc35811710,ad28b3f1-9e58-4c2d-9414-8d16534c6a2a,Customer payment received,0.00,1230.24,,0.00
a4662e46-6c2b-442c-9300-688baec36037,f70ea15f-ed4e-4f1c-87a3-b00f652d604e,6bccd1a6-e359-4a60-9c45-2bfa609b2c17,Supplier invoice received,952.02,0.00,,0.00
d045c1e4-381c-4c4a-a403-75fde188d0f6,f70ea15f-ed4e-4f1c-87a3-b00f652d604e,96f9d25c-9a96-448a-80d0-8a09e97a2de0,Supplier invoice received,95.20,0.00,,0.00
0249bbea-57c6-4166-b220-dca853020495,f70ea15f-ed4e-4f1c-87a3-b00f652d604e,3a419430-50fd-4165-8155-058252178012,Supplier invoice received,0.00,1047.22,,0.00
d905f57e-e923-4755-933f-c7e915d4329c,dbf4a9d3-bc6d-4aad-bbbe-0ae363bd0ba7,6bccd1a6-e359-4a60-9c45-2bfa609b2c17,Supplier invoice received,2714.58,0.00,,0.00
a10a8af9-a577-4164-baad-8a78fe118d86,dbf4a9d3-bc6d-4aad-bbbe-0ae363bd0ba7,96f9d25c-9a96-448a-80d0-8a09e97a2de0,Supplier invoice received,271.46,0.00,,0.00
31a281a0-6f2a-4e91-82f6-d848f22a52b0,dbf4a9d3-bc6d-4aad-bbbe-0ae363bd0ba7,3a419430-50fd-4165-8155-058252178012,Supplier invoice received,0.00,2986.04,,0.00
e3c6ae06-ba9f-46b9-8e99-80f8a5014514,1cd43188-7674-4254-8a67-e9b9d03fbc21,ad28b3f1-9e58-4c2d-9414-8d16534c6a2a,Sales invoice issued,2749.82,0.00,,0.00
88d26e0c-a314-4e1a-9d26-876efa8ccdbf,1cd43188-7674-4254-8a67-e9b9d03fbc21,ddaf1bc0-a098-4e4c-9c57-97d5f3e62c5a,Sales invoice issued,0.00,2499.84,,0.00
414f5ef2-8098-4167-b78d-88f78ea84b69,1cd43188-7674-4254-8a67-e9b9d03fbc21,fc224d49-924c-4818-8373-81fe87c5c3f8,Sales invoice issued,0.00,249.98,,0.00
8ee6a6a5-45a4-48a0-8de4-8ec3ca52113f,35ea1715-9944-4e00-9be9-e8d894bbd426,d6556ab6-7e9c-452a-8dc0-ed2d66976abe,Customer payment received,1780.25,0.00,,0.00
f7bfd7de-d10a-4d03-9ed3-f1ee5c3362e0,35ea1715-9944-4e00-9be9-e8d894bbd426,ad28b3f1-9e58-4c2d-9414-8d16534c6a2a,Customer payment received,0.00,1780.25,,0.00
f0213ea0-3de8-4bce-b138-3ff77484e5bd,d59d3c15-55d6-4450-b66e-9ebef156acd3,d6556ab6-7e9c-452a-8dc0-ed2d66976abe,Customer payment received,1584.62,0.00,,0.00
261bc111-c143-4c83-b77d-f96ed3666217,d59d3c15-55d6-4450-b66e-9ebef156acd3,ad28b3f1-9e58-4c2d-9414-8d16534c6a2a,Customer payment received,0.00,1584.62,,0.00
6be7fe91-6bb7-484c-b2cb-24bb7d17a34e,a640fd30-ac36-48d4-bc8c-60218b84ba16,ad28b3f1-9e58-4c2d-9414-8d16534c6a2a,Sales invoice issued,5954.60,0.00,,0.00
24d93bf8-bf0a-4c85-b6e1-b612508a0273,a640fd30-ac36-48d4-bc8c-60218b84ba16,ddaf1bc0-a098-4e4c-9c57-97d5f3e62c5a,Sales invoice issued,0.00,5413.27,,0.00
5c317be2-0d7e-4a76-8549-08430ad9eba4,a640fd30-ac36-48d4-bc8c-60218b84ba16,fc224d49-924c-4818-8373-81fe87c5c3f8,Sales invoice issued,0.00,541.33,,0.00
e7d090ff-7814-4106-afcb-ae66350cf708,5e03c07b-c21f-4f85-ba93-ec92358099b3,ad28b3f1-9e58-4c2d-9414-8d16534c6a2a,Sales invoice issued,3264.79,0.00,,0.00
da57bbf4-387e-49f0-884b-01cf17debebf,5e03c07b-c21f-4f85-ba93-ec92358099b3,ddaf1bc0-a098-4e4c-9c57-97d5f3e62c5a,Sales invoice issued,0.00,2967.99,,0.00
3df1259d-e08e-4361-9a6f-b4b192016458,5e03c07b-c21f-4f85-ba93-ec92358099b3,fc224d49-924c-4818-8373-81fe87c5c3f8,Sales invoice issued,0.00,296.80,,0.00
c4fb8adb-2e42-4406-894e-69be4ed86fc3,adb02602-d903-4605-a6c6-99dfdd2935fa,ad28b3f1-9e58-4c2d-9414-8d16534c6a2a,Sales invoice issued,693.59,0.00,,0.00
d17c162f-9aa2-4cc7-ad62-2f37ca1f0abd,adb02602-d903-4605-a6c6-99dfdd2935fa,ddaf1bc0-a098-4e4c-9c57-97d5f3e62c5a,Sales invoice issued,0.00,630.53,,0.00
040308bc-437f-4721-8a82-ccb62b3f9448,adb02602-d903-4605-a6c6-99dfdd2935fa,fc224d49-924c-4818-8373-81fe87c5c3f8,Sales invoice issued,0.00,63.06,,0.00
f8a6efa5-cc44-49ad-be2b-8a5c5775210c,8e873b9e-1cc1-40d9-b956-171318dc3896,d6556ab6-7e9c-452a-8dc0-ed2d66976abe,Customer payment received,483.56,0.00,,0.00
83998293-004e-455e-9a63-13394a94b00d,8e873b9e-1cc1-40d9-b956-171318dc3896,ad28b3f1-9e58-4c2d-9414-8d16534c6a2a,Customer payment received,0.00,483.56,,0.00
ac6cb855-40cb-4597-91f0-7bb8ffddc185,62fc1053-42b9-4951-ab7f-05aea9ba064e,3a419430-50fd-4165-8155-058252178012,Supplier payment made,2562.47,0.00,,0.00
cca9d6db-424c-4931-822f-95991cc3bcb2,62fc1053-42b9-4951-ab7f-05aea9ba064e,d6556ab6-7e9c-452a-8dc0-ed2d66976abe,Supplier payment made,0.00,2562.47,,0.00
c0bde4b7-a667-4450-b031-b22a04472d85,97c175e6-7d0e-42b3-83b1-3cb0431753af,ad28b3f1-9e58-4c2d-9414-8d16534c6a2a,Sales invoice issued,3625.59,0.00,,0.00
dbd96e19-32cc-4c80-b13e-cc46110196e5,97c175e6-7d0e-42b3-83b1-3cb0431753af,ddaf1bc0-a098-4e4c-9c57-97d5f3e62c5a,Sales invoice issued,0.00,3295.99,,0.00
2e651809-1151-4b12-b6a3-1ea14e363655,97c175e6-7d0e-42b3-83b1-3cb0431753af,fc224d49-924c-4818-8373-81fe87c5c3f8,Sales invoice issued,0.00,329.60,,0.00
c6768e1e-1a1d-4a3e-93a2-28a0988f06c8,612cdb03-eea4-46ce-9baa-4f241ac6eaf6,ad28b3f1-9e58-4c2d-9414-8d16534c6a2a,Sales invoice issued,515.98,0.00,,0.00
75dc79c4-7fd9-4165-a573-06f84a2efc77,612cdb03-eea4-46ce-9baa-4f241ac6eaf6,ddaf1bc0-a098-4e4c-9c57-97d5f3e62c5a,Sales invoice issued,0.00,469.08,,0.00
b69d16b2-a44c-4adf-a08e-efd2708ea33b,612cdb03-eea4-46ce-9baa-4f241ac6eaf6,fc224d49-924c-4818-8373-81fe87c5c3f8,Sales invoice issued,0.00,46.90,,0.00
466a7104-d7a2-4fa0-b433-0a61cb507348,2e98b9fa-4931-496b-8d57-6dda79e26513,ad28b3f1-9e58-4c2d-9414-8d16534c6a2a,Sales invoice issued,294.01,0.00,,0.00
4ea0c15d-7c26-4504-adff-456ea1e77774,2e98b9fa-4931-496b-8d57-6dda79e26513,ddaf1bc0-a098-4e4c-9c57-97d5f3e62c5a,Sales invoice issued,0.00,267.28,,0.00
6630bec1-54a3-47f2-9c25-a323cba218d3,2e98b9fa-4931-496b-8d57-6dda79e26513,fc224d49-924c-4818-8373-81fe87c5c3f8,Sales invoice issued,0.00,26.73,,0.00
702ff956-a735-4fc6-86d4-d5e44080d28f,65729351-65e3-4b17-bcc0-83f629356c15,d6556ab6-7e9c-452a-8dc0-ed2d66976abe,Customer payment received,2348.32,0.00,,0.00
9f9df825-6903-4509-b416-c8901a826e2b,65729351-65e3-4b17-bcc0-83f629356c15,ad28b3f1-9e58-4c2d-9414-8d16534c6a2a,Customer payment received,0.00,2348.32,,0.00
9c5cf724-29c5-4a56-adfc-a989f4b44648,b703347a-664f-4d4d-8ca0-7fc7f58812d6,6bccd1a6-e359-4a60-9c45-2bfa609b2c17,Supplier invoice received,1213.60,0.00,,0.00
6c18a055-8091-420e-9136-80bc5e7d38a1,b703347a-664f-4d4d-8ca0-7fc7f58812d6,96f9d25c-9a96-448a-80d0-8a09e97a2de0,Supplier invoice received,121.36,0.00,,0.00
6b45533e-ab61-426b-97ec-3e8e6fcd4f68,b703347a-664f-4d4d-8ca0-7fc7f58812d6,3a419430-50fd-4165-8155-058252178012,Supplier invoice received,0.00,1334.96,,0.00
6fbe1a25-59ca-4317-b735-92ec430b3662,8db9cb0a-11a4-4c24-954d-c299bd0b57cf,6bccd1a6-e359-4a60-9c45-2bfa609b2c17,Supplier invoice received,1822.08,0.00,,0.00
cba5aeea-68fa-497e-9fec-c0a3800a48fe,8db9cb0a-11a4-4c24-954d-c299bd0b57cf,96f9d25c-9a96-448a-80d0-8a09e97a2de0,Supplier invoice received,182.21,0.00,,0.00
0a67a041-eb66-42e5-936e-cb58b4c86b97,8db9cb0a-11a4-4c24-954d-c299bd0b57cf,3a419430-50fd-4165-8155-058252178012,Supplier invoice received,0.00,2004.29,,0.00
5f9db691-3f15-4f77-86f1-7c43637d8a69,8f295aea-1538-4d14-80be-6a8deb3645a7,3a419430-50fd-4165-8155-058252178012,Supplier payment made,1047.22,0.00,,0.00
ae8748af-d32a-4da3-887b-204a359e0171,8f295aea-1538-4d14-80be-6a8deb3645a7,d6556ab6-7e9c-452a-8dc0-ed2d66976abe,Supplier payment made,0.00,1047.22,,0.00
8b06048c-a2af-42d7-8e7d-7c917692e458,e121f464-8a53-4f2a-bd44-29146108a06c,ad28b3f1-9e58-4c2d-9414-8d16534c6a2a,Sales invoice issued,2728.69,0.00,,0.00
22400b0c-363b-4896-a3f9-bd4f0aa9e20d,e121f464-8a53-4f2a-bd44-29146108a06c,ddaf1bc0-a098-4e4c-9c57-97d5f3e62c5a,Sales invoice issued,0.00,2480.63,,0.00
adcbaff7-3ae8-4b50-9c36-38925aeadaba,e121f464-8a53-4f2a-bd44-29146108a06c,fc224d49-924c-4818-8373-81fe87c5c3f8,Sales invoice issued,0.00,248.06,,0.00
19af4dc3-cb39-460f-a3f0-d4e7d55fd83f,2b87a00c-3b57-4065-9ef8-115819daa297,ad28b3f1-9e58-4c2d-9414-8d16534c6a2a,Sales invoice issued,1297.35,0.00,,0.00
ae73b9c0-11f4-4a02-8799-60748897e973,2b87a00c-3b57-4065-9ef8-115819daa297,ddaf1bc0-a098-4e4c-9c57-97d5f3e62c5a,Sales invoice issued,0.00,1179.41,,0.00
c8672e37-c585-4522-a536-ce43b19dadce,2b87a00c-3b57-4065-9ef8-115819daa297,fc224d49-924c-4818-8373-81fe87c5c3f8,Sales invoice issued,0.00,117.94,,0.00
bd33c8fc-f960-4b63-8fba-6a8628c5bfce,d8ab2531-95e4-4c63-9a97-5ad5ef147089,d6556ab6-7e9c-452a-8dc0-ed2d66976abe,Customer payment received,1993.30,0.00,,0.00
893eaff8-80d1-4662-ad86-977238d5e2cc,d8ab2531-95e4-4c63-9a97-5ad5ef147089,ad28b3f1-9e58-4c2d-9414-8d16534c6a2a,Customer payment received,0.00,1993.30,,0.00
94416a9a-896b-4e41-a239-7801c40ce240,a1783f18-bf97-46b7-aaa3-5c8b260dfb4e,d6556ab6-7e9c-452a-8dc0-ed2d66976abe,Customer payment received,162.02,0.00,,0.00
d8eb693b-75be-4a10-9142-dbbbdace52ca,a1783f18-bf97-46b7-aaa3-5c8b260dfb4e,ad28b3f1-9e58-4c2d-9414-8d16534c6a2a,Customer payment received,0.00,162.02,,0.00
eee632ff-f965-423d-b2ff-bdcba4cdaa04,256cad0a-73f7-4619-9426-60c8493d618c,3a419430-50fd-4165-8155-058252178012,Supplier payment made,2004.29,0.00,,0.00
74552525-7ecc-4b53-a24a-f5a0e7d3333e,256cad0a-73f7-4619-9426-60c8493d618c,d6556ab6-7e9c-452a-8dc0-ed2d66976abe,Supplier payment made,0.00,2004.29,,0.00
0d44ce44-b90c-4db0-83b2-3e09e7c187af,647cd3ac-6673-41bd-98a1-0935a6c810c7,ad28b3f1-9e58-4c2d-9414-8d16534c6a2a,Sales invoice issued,2922.29,0.00,,0.00
763bd2a9-af0c-447b-98de-8911008088a7,647cd3ac-6673-41bd-98a1-0935a6c810c7,ddaf1bc0-a098-4e4c-9c57-97d5f3e62c5a,Sales invoice issued,0.00,2656.62,,0.00
63142976-0b08-47a0-9326-715ce02908ce,647cd3ac-6673-41bd-98a1-0935a6c810c7,fc224d49-924c-4818-8373-81fe87c5c3f8,Sales invoice issued,0.00,265.67,,0.00
52e53e94-cad5-4015-8fae-70740cb23d10,4d38e080-dc2e-4fe1-b649-de26b34754ff,d6556ab6-7e9c-452a-8dc0-ed2d66976abe,Customer payment received,1959.69,0.00,,0.00
59774899-4592-4601-9592-e86452537739,4d38e080-dc2e-4fe1-b649-de26b34754ff,ad28b3f1-9e58-4c2d-9414-8d16534c6a2a,Customer payment received,0.00,1959.69,,0.00
4a8d41b8-052c-474b-9d0b-f49a674e81c8,573dc251-3da5-475a-9bdf-fc37aca9d701,d6556ab6-7e9c-452a-8dc0-ed2d66976abe,Customer payment received,4627.41,0.00,,0.00
18e41c97-15aa-44bf-893a-97f9f821c2a5,573dc251-3da5-475a-9bdf-fc37aca9d701,ad28b3f1-9e58-4c2d-9414-8d16534c6a2a,Customer payment received,0.00,4627.41,,0.00
2d569176-32be-4217-953e-9b1f8adba7f1,e7ea6dd8-26e0-484c-b53a-052baff8f331,3a419430-50fd-4165-8155-058252178012,Supplier payment made,2986.04,0.00,,0.00
448844bd-0f46-4b19-aa8a-36461d87c1f6,e7ea6dd8-26e0-484c-b53a-052baff8f331,d6556ab6-7e9c-452a-8dc0-ed2d66976abe,Supplier payment made,0.00,2986.04,,0.00
7a4c074b-44a8-41c2-b568-9201700792c8,fda25dee-86b7-47db-8a03-72e4585ec1c8,5d33b8bd-c295-43fd-8777-2f4c581fb272,Payroll processed,31115.38,0.00,,0.00
2a9c0bd3-4409-49dc-bb94-ec16da8b18ed,fda25dee-86b7-47db-8a03-72e4585ec1c8,a0b37a77-9ca4-44c8-83b4-707bb83011da,Payroll processed,3578.27,0.00,,0.00
9a02f266-8899-40d0-84fe-3721f3dbddc7,fda25dee-86b7-47db-8a03-72e4585ec1c8,d6556ab6-7e9c-452a-8dc0-ed2d66976abe,Payroll processed,0.00,24819.39,,0.00
99058e62-05c7-4b6e-bf72-f54631152415,fda25dee-86b7-47db-8a03-72e4585ec1c8,bd208ee6-6e73-4305-ab70-5fa800fe7941,Payroll processed,0.00,6295.99,,0.00
dcd33799-b87b-4cf6-97ec-9cc798dca50e,fda25dee-86b7-47db-8a03-72e4585ec1c8,947846ac-da86-476c-9b03-948cb4a7b58e,Payroll processed,0.00,3578.27,,0.00
6bace571-638f-4b70-8beb-ac01474a8ff1,686c0f81-e938-4d46-a1b9-d170ab3e5dd5,ad28b3f1-9e58-4c2d-9414-8d16534c6a2a,Sales invoice issued,2819.49,0.00,,0.00
49bed8e2-5c90-4a05-9edf-37c3be557731,686c0f81-e938-4d46-a1b9-d170ab3e5dd5,ddaf1bc0-a098-4e4c-9c57-97d5f3e62c5a,Sales invoice issued,0.00,2563.18,,0.00
2403bd4a-e6e2-4d78-a3b4-e5315564b034,686c0f81-e938-4d46-a1b9-d170ab3e5dd5,fc224d49-924c-4818-8373-81fe87c5c3f8,Sales invoice issued,0.00,256.31,,0.00
2e452830-e795-4dad-81bb-b951eabf5f23,cf9b4292-e0b6-4c2f-9732-b27268f58e07,ad28b3f1-9e58-4c2d-9414-8d16534c6a2a,Sales invoice issued,3944.60,0.00,,0.00
86902f2c-0f30-4da4-b1d7-ea59a530a514,cf9b4292-e0b6-4c2f-9732-b27268f58e07,ddaf1bc0-a098-4e4c-9c57-97d5f3e62c5a,Sales invoice issued,0.00,3586.00,,0.00
4aa6a01c-df3d-42a2-8d0e-12c45e7fca9e,cf9b4292-e0b6-4c2f-9732-b27268f58e07,fc224d49-924c-4818-8373-81fe87c5c3f8,Sales invoice issued,0.00,358.60,,0.00
a695f087-1c9a-4baa-a637-0b0980d08ba6,7ce9598e-21d9-43d8-9dd4-36f68ee6f289,ad28b3f1-9e58-4c2d-9414-8d16534c6a2a,Sales invoice issued,526.57,0.00,,0.00
33f60063-2f6a-476e-926a-4528252cb2eb,7ce9598e-21d9-43d8-9dd4-36f68ee6f289,ddaf1bc0-a098-4e4c-9c57-97d5f3e62c5a,Sales invoice issued,0.00,478.70,,0.00
5cc02b02-8123-4a07-ac56-dee93fc8de78,7ce9598e-21d9-43d8-9dd4-36f68ee6f289,fc224d49-924c-4818-8373-81fe87c5c3f8,Sales invoice issued,0.00,47.87,,0.00
bcf0d618-63e5-490f-89bb-885f605213f6,d7ce3723-2424-42d4-96ca-f4c18ebff766,ad28b3f1-9e58-4c2d-9414-8d16534c6a2a,Sales invoice issued,2279.41,0.00,,0.00
bf823878-9434-4741-8f45-8803be1cca38,d7ce3723-2424-42d4-96ca-f4c18ebff766,ddaf1bc0-a098-4e4c-9c57-97d5f3e62c5a,Sales invoice issued,0.00,2072.18,,0.00
0b07fa21-4edf-469f-b9ac-aa9b831ff4e6,d7ce3723-2424-42d4-96ca-f4c18ebff766,fc224d49-924c-4818-8373-81fe87c5c3f8,Sales invoice issued,0.00,207.23,,0.00
64b08527-bbc2-40a7-87ca-04ffb713d59e,432a9c8b-1b77-4e43-8e8d-dda41ddbe380,d6556ab6-7e9c-452a-8dc0-ed2d66976abe,Customer payment received,5497.63,0.00,,0.00
ed9295c3-2051-4c9a-83f6-2c6cfbf15285,432a9c8b-1b77-4e43-8e8d-dda41ddbe380,ad28b3f1-9e58-4c2d-9414-8d16534c6a2a,Customer payment received,0.00,5497.63,,0.00
14551412-9a4f-4300-afcc-7589ab4c7e52,f801c645-1a5c-4273-a7b9-573eec25e363,ad28b3f1-9e58-4c2d-9414-8d16534c6a2a,Sales invoice issued,505.57,0.00,,0.00
ab604124-0ac4-4645-adb2-45d8163fd573,f801c645-1a5c-4273-a7b9-573eec25e363,ddaf1bc0-a098-4e4c-9c57-97d5f3e62c5a,Sales invoice issued,0.00,459.61,,0.00
f3a87528-0179-4517-9bbb-7d138726841b,f801c645-1a5c-4273-a7b9-573eec25e363,fc224d49-924c-4818-8373-81fe87c5c3f8,Sales invoice issued,0.00,45.96,,0.00
eda0ec59-e16d-4aef-898c-d6885b093a61,f677a28e-c92c-461e-b86f-261f5e668ead,ad28b3f1-9e58-4c2d-9414-8d16534c6a2a,Sales invoice issued,1800.96,0.00,,0.00
4f3e9996-69b2-418f-956a-15b2bbf19e53,f677a28e-c92c-461e-b86f-261f5e668ead,ddaf1bc0-a098-4e4c-9c57-97d5f3e62c5a,Sales invoice issued,0.00,1637.24,,0.00
9832fbc5-a2ce-4673-9d1e-53f3a6fbaa84,f677a28e-c92c-461e-b86f-261f5e668ead,fc224d49-924c-4818-8373-81fe87c5c3f8,Sales invoice issued,0.00,163.72,,0.00
bb989800-4ce4-4274-aecf-a40277e423b9,c2280514-9155-4034-86cd-10e14f61d9a7,d6556ab6-7e9c-452a-8dc0-ed2d66976abe,Customer payment received,2583.25,0.00,,0.00
71b4f21b-3519-4748-b6d8-7d441f436812,c2280514-9155-4034-86cd-10e14f61d9a7,ad28b3f1-9e58-4c2d-9414-8d16534c6a2a,Customer payment received,0.00,2583.25,,0.00
98d7ab79-7c1e-49e3-b175-78bd443723f5,3f8a84f0-d7f7-4aa1-b2c1-d3ed4efe5f0b,d6556ab6-7e9c-452a-8dc0-ed2d66976abe,Customer payment received,2922.29,0.00,,0.00
35c675e4-a485-41c7-b3c1-6a6b40802e15,3f8a84f0-d7f7-4aa1-b2c1-d3ed4efe5f0b,ad28b3f1-9e58-4c2d-9414-8d16534c6a2a,Customer payment received,0.00,2922.29,,0.00
ad7fbd3b-7c40-4eda-b4db-c8ca11774850,872d770f-9e2e-48dd-b7d8-65b03e9563ae,ad28b3f1-9e58-4c2d-9414-8d16534c6a2a,Sales invoice issued,3182.18,0.00,,0.00
4891dcc4-9908-476c-b55d-1a0c3f79f65a,872d770f-9e2e-48dd-b7d8-65b03e9563ae,ddaf1bc0-a098-4e4c-9c57-97d5f3e62c5a,Sales invoice issued,0.00,2892.88,,0.00
2d0b0212-6556-4db9-a70e-15efe0d0d0a1,872d770f-9e2e-48dd-b7d8-65b03e9563ae,fc224d49-924c-4818-8373-81fe87c5c3f8,Sales invoice issued,0.00,289.30,,0.00
ba830ff1-c56d-4275-91cc-17c680a1fd33,2f89fd00-fc5f-47d3-a439-2b3f6f2aedef,ad28b3f1-9e58-4c2d-9414-8d16534c6a2a,Sales invoice issued,2173.82,0.00,,0.00
db20d63e-d71f-4d30-833f-71280f262d12,2f89fd00-fc5f-47d3-a439-2b3f6f2aedef,ddaf1bc0-a098-4e4c-9c57-97d5f3e62c5a,Sales invoice issued,0.00,1976.20,,0.00
4bb42da9-9a48-41c6-98d0-cca5319a44a0,2f89fd00-fc5f-47d3-a439-2b3f6f2aedef,fc224d49-924c-4818-8373-81fe87c5c3f8,Sales invoice issued,0.00,197.62,,0.00
139762f4-c1ce-42dc-a7f5-9399fd9d8927,33d77fc2-6ae3-4a26-88ba-3df162da4234,ad28b3f1-9e58-4c2d-9414-8d16534c6a2a,Sales invoice issued,2594.67,0.00,,0.00
0f9bd096-4838-408c-8462-a2bb1d192f51,33d77fc2-6ae3-4a26-88ba-3df162da4234,ddaf1bc0-a098-4e4c-9c57-97d5f3e62c5a,Sales invoice issued,0.00,2358.78,,0.00
c14b4f1c-1773-4b73-b7ec-01d584f94314,33d77fc2-6ae3-4a26-88ba-3df162da4234,fc224d49-924c-4818-8373-81fe87c5c3f8,Sales invoice issued,0.00,235.89,,0.00
769f1e41-dc8d-4b39-8d3c-8500ba0141eb,8bad817c-4a4f-4fec-b05a-715e87bbd393,d6556ab6-7e9c-452a-8dc0-ed2d66976abe,Customer payment received,5954.60,0.00,,0.00
7243a9e9-db00-49e0-aca3-13d020a19fe3,8bad817c-4a4f-4fec-b05a-715e87bbd393,ad28b3f1-9e58-4c2d-9414-8d16534c6a2a,Customer payment received,0.00,5954.60,,0.00
cf763337-966e-4188-9e4c-0e6a99ef6e27,d2ff1761-e365-462b-a6f4-f6d437c7629e,d6556ab6-7e9c-452a-8dc0-ed2d66976abe,Customer payment received,1800.96,0.00,,0.00
993047c2-81ce-48af-a265-a84912993bd3,d2ff1761-e365-462b-a6f4-f6d437c7629e,ad28b3f1-9e58-4c2d-9414-8d16534c6a2a,Customer payment received,0.00,1800.96,,0.00
5a32efcd-433a-4403-a62b-351ad7cf7e99,2b71b33e-7cf5-4dcd-9fde-39ed2243984b,6bccd1a6-e359-4a60-9c45-2bfa609b2c17,Supplier invoice received,2329.52,0.00,,0.00
501b6173-bb9c-4649-81ce-1c1b3ddd1628,2b71b33e-7cf5-4dcd-9fde-39ed2243984b,96f9d25c-9a96-448a-80d0-8a09e97a2de0,Supplier invoice received,232.95,0.00,,0.00
958f9a23-940c-45be-a37a-03851a4e6534,2b71b33e-7cf5-4dcd-9fde-39ed2243984b,3a419430-50fd-4165-8155-058252178012,Supplier invoice received,0.00,2562.47,,0.00
9270db19-05ac-4e25-a847-c5b3211a4b1d,3c67ab99-0761-46fb-b332-6003111c2a43,3a419430-50fd-4165-8155-058252178012,Supplier payment made,1334.96,0.00,,0.00
f57d104d-2e05-4307-8484-bc057e669431,3c67ab99-0761-46fb-b332-6003111c2a43,d6556ab6-7e9c-452a-8dc0-ed2d66976abe,Supplier payment made,0.00,1334.96,,0.00
16ee10b8-da55-4611-b844-1b2a930c051e,21d396f1-4a47-49f3-8fb4-f7bdc27aa9bd,ad28b3f1-9e58-4c2d-9414-8d16534c6a2a,Sales invoice issued,891.67,0.00,,0.00
fba4f458-9398-47cd-a962-3a0b503f5aa5,21d396f1-4a47-49f3-8fb4-f7bdc27aa9bd,ddaf1bc0-a098-4e4c-9c57-97d5f3e62c5a,Sales invoice issued,0.00,810.61,,0.00
0a87641c-9885-4a0f-9c47-c4ce2c78f562,21d396f1-4a47-49f3-8fb4-f7bdc27aa9bd,fc224d49-924c-4818-8373-81fe87c5c3f8,Sales invoice issued,0.00,81.06,,0.00
8481d581-0a6b-469e-9291-712fba98937c,a4eb9117-1905-4a0f-bb7a-b4166993e3f7,ad28b3f1-9e58-4c2d-9414-8d16534c6a2a,Sales invoice issued,1762.22,0.00,,0.00
ae1d59e4-dd81-48ba-91d3-b5a9dc8ecd6b,a4eb9117-1905-4a0f-bb7a-b4166993e3f7,ddaf1bc0-a098-4e4c-9c57-97d5f3e62c5a,Sales invoice issued,0.00,1602.01,,0.00
388807e8-a6f1-4efa-ace9-c39d6a13fc12,a4eb9117-1905-4a0f-bb7a-b4166993e3f7,fc224d49-924c-4818-8373-81fe87c5c3f8,Sales invoice issued,0.00,160.21,,0.00
f99e0e61-2a65-41c4-b671-a144b4d7df4f,69e94810-4a5d-4223-bd38-d7e3fb4ad43a,ad28b3f1-9e58-4c2d-9414-8d16534c6a2a,Sales invoice issued,4736.82,0.00,,0.00
312b0925-ddde-4fad-8cf8-f8c27a4da0ac,69e94810-4a5d-4223-bd38-d7e3fb4ad43a,ddaf1bc0-a098-4e4c-9c57-97d5f3e62c5a,Sales invoice issued,0.00,4306.19,,0.00
ae71b0c8-b39b-4bc6-8419-a84bb488cf55,69e94810-4a5d-4223-bd38-d7e3fb4ad43a,fc224d49-924c-4818-8373-81fe87c5c3f8,Sales invoice issued,0.00,430.63,,0.00
cd62cbeb-b702-4304-a79b-ed3f4a4354ff,d76e4745-139a-4cd1-8c2b-a9910ecdd0d7,ad28b3f1-9e58-4c2d-9414-8d16534c6a2a,Sales invoice issued,1723.14,0.00,,0.00
b41c0ed6-905b-48d2-b3b6-8ec9f19745fc,d76e4745-139a-4cd1-8c2b-a9910ecdd0d7,ddaf1bc0-a098-4e4c-9c57-97d5f3e62c5a,Sales invoice issued,0.00,1566.49,,0.00
55a6c134-f654-4820-9037-b8d9c9b5dc96,d76e4745-139a-4cd1-8c2b-a9910ecdd0d7,fc224d49-924c-4818-8373-81fe87c5c3f8,Sales invoice issued,0.00,156.65,,0.00
a9e25025-1f80-461b-8fe9-999a546ebc93,c9772314-c5e2-4dda-b8ca-b4c1ae1a95de,ad28b3f1-9e58-4c2d-9414-8d16534c6a2a,Sales invoice issued,573.50,0.00,,0.00
5977fa51-0d40-4a07-b01c-ef60436da29c,c9772314-c5e2-4dda-b8ca-b4c1ae1a95de,ddaf1bc0-a098-4e4c-9c57-97d5f3e62c5a,Sales invoice issued,0.00,521.37,,0.00
4b10136a-8b86-4a7d-8741-5e5193198096,c9772314-c5e2-4dda-b8ca-b4c1ae1a95de,fc224d49-924c-4818-8373-81fe87c5c3f8,Sales invoice issued,0.00,52.13,,0.00
2825b5c1-148d-4db7-976b-eb78a3ba922d,ca6f010a-e534-4941-a366-c9bcc7504a74,d6556ab6-7e9c-452a-8dc0-ed2d66976abe,Customer payment received,2142.78,0.00,,0.00
6ad710ae-ff1b-436a-b11f-417ffea86d1c,ca6f010a-e534-4941-a366-c9bcc7504a74,ad28b3f1-9e58-4c2d-9414-8d16534c6a2a,Customer payment received,0.00,2142.78,,0.00
63a77efa-8051-44c9-914a-71475baaa4ba,5181f64d-dc06-427a-8c35-e05a17f6b80c,d6556ab6-7e9c-452a-8dc0-ed2d66976abe,Customer payment received,693.59,0.00,,0.00
85952db6-eb3f-4eec-bc32-29fcbfaf7ca0,5181f64d-dc06-427a-8c35-e05a17f6b80c,ad28b3f1-9e58-4c2d-9414-8d16534c6a2a,Customer payment received,0.00,693.59,,0.00
45a48e31-06d5-41ca-a52e-fccfcfbc4799,04277deb-d647-41a8-b312-d0f9538130e6,ad28b3f1-9e58-4c2d-9414-8d16534c6a2a,Sales invoice issued,3817.13,0.00,,0.00
53481378-62e7-4198-9106-650946e6572e,04277deb-d647-41a8-b312-d0f9538130e6,ddaf1bc0-a098-4e4c-9c57-97d5f3e62c5a,Sales invoice issued,0.00,3470.11,,0.00
1cc024b6-d434-4d58-aaf2-9f9344daf55f,04277deb-d647-41a8-b312-d0f9538130e6,fc224d49-924c-4818-8373-81fe87c5c3f8,Sales invoice issued,0.00,347.02,,0.00
eb6b548c-186a-42d3-a3ff-b22e6d92c843,72798b40-b5fc-4cab-8e3d-7c0a0808726d,ad28b3f1-9e58-4c2d-9414-8d16534c6a2a,Sales invoice issued,2617.87,0.00,,0.00
f7361e8f-52c5-40ee-9054-42556b59c581,72798b40-b5fc-4cab-8e3d-7c0a0808726d,ddaf1bc0-a098-4e4c-9c57-97d5f3e62c5a,Sales invoice issued,0.00,2379.87,,0.00
7648e4f5-80ec-4c58-95df-39b229ae850e,72798b40-b5fc-4cab-8e3d-7c0a0808726d,fc224d49-924c-4818-8373-81fe87c5c3f8,Sales invoice issued,0.00,238.00,,0.00
6fb23fd2-26db-4273-ae99-ada4b768b7f4,1092f1a1-f874-441b-8e30-009990affd82,ad28b3f1-9e58-4c2d-9414-8d16534c6a2a,Sales invoice issued,452.37,0.00,,0.00
64b1c58c-b85e-47df-8439-ee499a59b725,1092f1a1-f874-441b-8e30-009990affd82,ddaf1bc0-a098-4e4c-9c57-97d5f3e62c5a,Sales invoice issued,0.00,411.25,,0.00
06b9572a-47f9-4dbb-888f-85897850c415,1092f1a1-f874-441b-8e30-009990affd82,fc224d49-924c-4818-8373-81fe87c5c3f8,Sales invoice issued,0.00,41.12,,0.00
ace5c50a-61a1-4d84-9893-5bcf1db31f98,63a282ee-e736-4e80-94b0-1b91c130d9b1,ad28b3f1-9e58-4c2d-9414-8d16534c6a2a,Sales invoice issued,2255.99,0.00,,0.00
f106e9ab-31a8-4bba-b6a6-70daacc1a9fb,63a282ee-e736-4e80-94b0-1b91c130d9b1,ddaf1bc0-a098-4e4c-9c57-97d5f3e62c5a,Sales invoice issued,0.00,2050.90,,0.00
a6e44d88-4f5e-4f14-82ab-33ce013daa7e,63a282ee-e736-4e80-94b0-1b91c130d9b1,fc224d49-924c-4818-8373-81fe87c5c3f8,Sales invoice issued,0.00,205.09,,0.00
b5c083b9-72db-420f-8702-70837cb9bdfa,76603301-7f18-446a-ba1a-849a9cec37d6,d6556ab6-7e9c-452a-8dc0-ed2d66976abe,Customer payment received,1883.91,0.00,,0.00
710a1b12-b4cf-47eb-a406-69aab9395291,76603301-7f18-446a-ba1a-849a9cec37d6,ad28b3f1-9e58-4c2d-9414-8d16534c6a2a,Customer payment received,0.00,1883.91,,0.00
ae432215-031c-4560-8233-760321a9df79,be9d8082-2746-4694-86b9-b60605d3128e,d6556ab6-7e9c-452a-8dc0-ed2d66976abe,Customer payment received,385.61,0.00,,0.00
043d516d-a90a-4fb7-82d5-5c3a7c6bee98,be9d8082-2746-4694-86b9-b60605d3128e,ad28b3f1-9e58-4c2d-9414-8d16534c6a2a,Customer payment received,0.00,385.61,,0.00
3274b9ed-1b4e-42f6-9298-1b92130df7b9,d63ef543-e8fe-4596-8cd0-3d27e817ca86,d6556ab6-7e9c-452a-8dc0-ed2d66976abe,Customer payment received,515.98,0.00,,0.00
6af4a2fd-58b9-4c8b-b505-0d4f25da0e6f,d63ef543-e8fe-4596-8cd0-3d27e817ca86,ad28b3f1-9e58-4c2d-9414-8d16534c6a2a,Customer payment received,0.00,515.98,,0.00
29156417-9bfd-4ce2-b5d2-b6f7b8f442f8,49b3803f-f247-4801-bb0e-c677674b06cc,3a419430-50fd-4165-8155-058252178012,Supplier payment made,2562.47,0.00,,0.00
ad5417cc-cd24-41ce-8ab9-aabf88c64a00,49b3803f-f247-4801-bb0e-c677674b06cc,d6556ab6-7e9c-452a-8dc0-ed2d66976abe,Supplier payment made,0.00,2562.47,,0.00
6d263064-32d6-4d98-90b2-fbe621d894b8,0d47d156-1b28-4670-a0c9-267794afc3e8,ad28b3f1-9e58-4c2d-9414-8d16534c6a2a,Sales invoice issued,2374.70,0.00,,0.00
6e69f545-afa0-4346-9d6b-9543850d88a4,0d47d156-1b28-4670-a0c9-267794afc3e8,ddaf1bc0-a098-4e4c-9c57-97d5f3e62c5a,Sales invoice issued,0.00,2158.82,,0.00
ca5a1aa1-9069-4089-8bb5-46f85d29ccc3,0d47d156-1b28-4670-a0c9-267794afc3e8,fc224d49-924c-4818-8373-81fe87c5c3f8,Sales invoice issued,0.00,215.88,,0.00
8b748ee8-e17e-4817-ba47-594cb0c3b5f8,2bc241c6-93a5-45b4-ad55-9dccd2005859,ad28b3f1-9e58-4c2d-9414-8d16534c6a2a,Sales invoice issued,4354.78,0.00,,0.00
b9079b8d-c696-47a5-8add-e5f102c3802b,2bc241c6-93a5-45b4-ad55-9dccd2005859,ddaf1bc0-a098-4e4c-9c57-97d5f3e62c5a,Sales invoice issued,0.00,3958.88,,0.00
bfdd2ba2-dcbf-4d31-ba74-2edcf2f062eb,2bc241c6-93a5-45b4-ad55-9dccd2005859,fc224d49-924c-4818-8373-81fe87c5c3f8,Sales invoice issued,0.00,395.90,,0.00
d709cee5-44aa-4842-87c2-0f76f159c171,5dd80e2d-a5cf-460c-8aa8-17a62000fbc6,d6556ab6-7e9c-452a-8dc0-ed2d66976abe,Customer payment received,1920.85,0.00,,0.00
f4b03eac-50fa-4777-8b06-0ed352e9ebe9,5dd80e2d-a5cf-460c-8aa8-17a62000fbc6,ad28b3f1-9e58-4c2d-9414-8d16534c6a2a,Customer payment received,0.00,1920.85,,0.00
151b3e6c-bf21-41ae-859a-f33b5103c0f7,5bac64ff-e2bd-4be9-8c6e-4277958a1081,6bccd1a6-e359-4a60-9c45-2bfa609b2c17,Supplier invoice received,166.52,0.00,,0.00
bbb7b2c0-3b25-4c45-b0c1-c71812a264ee,5bac64ff-e2bd-4be9-8c6e-4277958a1081,96f9d25c-9a96-448a-80d0-8a09e97a2de0,Supplier invoice received,16.65,0.00,,0.00
ec606746-bb84-4151-bab3-bbc46366c338,5bac64ff-e2bd-4be9-8c6e-4277958a1081,3a419430-50fd-4165-8155-058252178012,Supplier invoice received,0.00,183.17,,0.00
155ee11f-300d-47fd-9257-ecad8a7641a6,619ca9d2-686f-4105-9316-e7c1cd694181,ad28b3f1-9e58-4c2d-9414-8d16534c6a2a,Sales invoice issued,342.28,0.00,,0.00
7a1954d2-e794-4057-aed0-7be41f96f9a6,619ca9d2-686f-4105-9316-e7c1cd694181,ddaf1bc0-a098-4e4c-9c57-97d5f3e62c5a,Sales invoice issued,0.00,311.16,,0.00
01447cc5-a93e-4616-98bd-637a586b9bd9,619ca9d2-686f-4105-9316-e7c1cd694181,fc224d49-924c-4818-8373-81fe87c5c3f8,Sales invoice issued,0.00,31.12,,0.00
c7004890-20d9-48b5-aa35-d32e72053d4f,b949cdd4-f407-492d-8d8b-01605e044155,ad28b3f1-9e58-4c2d-9414-8d16534c6a2a,Sales invoice issued,1670.66,0.00,,0.00
f44340c2-808e-4d2f-b40f-adcd1888566e,b949cdd4-f407-492d-8d8b-01605e044155,ddaf1bc0-a098-4e4c-9c57-97d5f3e62c5a,Sales invoice issued,0.00,1518.78,,0.00
00572734-197b-400e-b05e-3083f94949cf,b949cdd4-f407-492d-8d8b-01605e044155,fc224d49-924c-4818-8373-81fe87c5c3f8,Sales invoice issued,0.00,151.88,,0.00
ed1591ac-ea8d-4d6f-ac7b-0bd0ed25e68f,baa15978-7fdb-470d-944e-8179d510d169,d6556ab6-7e9c-452a-8dc0-ed2d66976abe,Customer payment received,4716.40,0.00,,0.00
9e53a48d-4c95-49ea-b982-8a0bc21add83,baa15978-7fdb-470d-944e-8179d510d169,ad28b3f1-9e58-4c2d-9414-8d16534c6a2a,Customer payment received,0.00,4716.40,,0.00
a0dbe434-19da-435d-b6bc-1f740be83e29,06db5d5c-8133-4f3a-a3f3-ebeab017f774,d6556ab6-7e9c-452a-8dc0-ed2d66976abe,Customer payment received,3625.59,0.00,,0.00
6af24274-141b-4d0b-89a7-cf39fba30bb8,06db5d5c-8133-4f3a-a3f3-ebeab017f774,ad28b3f1-9e58-4c2d-9414-8d16534c6a2a,Customer payment received,0.00,3625.59,,0.00
a62092bc-fedb-4025-bad5-52cd17fd2556,6b4310a5-880c-4f82-87ad-444a01b53a57,d6556ab6-7e9c-452a-8dc0-ed2d66976abe,Customer payment received,1297.35,0.00,,0.00
433dc002-3eed-4e01-8d5f-e79425ca3207,6b4310a5-880c-4f82-87ad-444a01b53a57,ad28b3f1-9e58-4c2d-9414-8d16534c6a2a,Customer payment received,0.00,1297.35,,0.00
4fc65d1e-9678-44b3-a430-05f7536f0ff1,96ba6925-c10c-4775-8bea-f3f63823fff9,d6556ab6-7e9c-452a-8dc0-ed2d66976abe,Customer payment received,1723.14,0.00,,0.00
a20c6af2-f953-4cf2-8538-ed297b015aa6,96ba6925-c10c-4775-8bea-f3f63823fff9,ad28b3f1-9e58-4c2d-9414-8d16534c6a2a,Customer payment received,0.00,1723.14,,0.00
62873839-f940-47b2-b45f-bf20bec6cd51,5bbf28aa-6fe4-4c8b-8bc0-a82d08e47a55,6bccd1a6-e359-4a60-9c45-2bfa609b2c17,Supplier invoice received,696.06,0.00,,0.00
85bb95a4-0f74-4830-8657-f541c6437462,5bbf28aa-6fe4-4c8b-8bc0-a82d08e47a55,96f9d25c-9a96-448a-80d0-8a09e97a2de0,Supplier invoice received,69.61,0.00,,0.00
1ed4407f-8d53-4a15-b246-a660c869cba7,5bbf28aa-6fe4-4c8b-8bc0-a82d08e47a55,3a419430-50fd-4165-8155-058252178012,Supplier invoice received,0.00,765.67,,0.00
9950c7ae-dc89-47fb-882b-f97e21f4f639,e73bed27-4dad-4637-ae17-d65613910bdf,ad28b3f1-9e58-4c2d-9414-8d16534c6a2a,Sales invoice issued,648.49,0.00,,0.00
84d99cfd-a4d0-458f-9734-e600bb5f4708,e73bed27-4dad-4637-ae17-d65613910bdf,ddaf1bc0-a098-4e4c-9c57-97d5f3e62c5a,Sales invoice issued,0.00,589.54,,0.00
84b2b883-ac8b-4d6d-b4ba-796d87eb4e30,e73bed27-4dad-4637-ae17-d65613910bdf,fc224d49-924c-4818-8373-81fe87c5c3f8,Sales invoice issued,0.00,58.95,,0.00
25ccb895-31e7-46a1-a760-af8198befb58,b35bab64-f8de-48bc-82a2-2f3078a5b57e,ad28b3f1-9e58-4c2d-9414-8d16534c6a2a,Sales invoice issued,2237.17,0.00,,0.00
7b78e7d7-8c00-4b7c-b90d-5295b15b5f40,b35bab64-f8de-48bc-82a2-2f3078a5b57e,ddaf1bc0-a098-4e4c-9c57-97d5f3e62c5a,Sales invoice issued,0.00,2033.80,,0.00
d995438f-b8ad-4051-b25c-e51198329f96,b35bab64-f8de-48bc-82a2-2f3078a5b57e,fc224d49-924c-4818-8373-81fe87c5c3f8,Sales invoice issued,0.00,203.37,,0.00
4039a748-3f6b-4b0f-a1d9-3a941ecb11ad,5aec564b-ac79-4ddc-8a10-53c14d39ff26,d6556ab6-7e9c-452a-8dc0-ed2d66976abe,Customer payment received,2909.82,0.00,,0.00
48b26d76-9136-42a0-88cd-075b7099c307,5aec564b-ac79-4ddc-8a10-53c14d39ff26,ad28b3f1-9e58-4c2d-9414-8d16534c6a2a,Customer payment received,0.00,2909.82,,0.00
efa1e1ce-fe8c-4e13-ba4f-348afd7c5d92,6b00c05b-61db-4fdf-95ef-be9786237d24,6bccd1a6-e359-4a60-9c45-2bfa609b2c17,Supplier invoice received,1480.50,0.00,,0.00
910e0f0c-fc8c-4f2b-9420-53c502cd77bf,6b00c05b-61db-4fdf-95ef-be9786237d24,96f9d25c-9a96-448a-80d0-8a09e97a2de0,Supplier invoice received,148.05,0.00,,0.00
c47dc780-35e3-4341-b180-b17f4ea9b944,6b00c05b-61db-4fdf-95ef-be9786237d24,3a419430-50fd-4165-8155-058252178012,Supplier invoice received,0.00,1628.55,,0.00
1741c73e-59ca-44a8-8bc0-da20a1ae8ec0,a32e0b4d-87e1-4ef6-a34c-497cceb966eb,6bccd1a6-e359-4a60-9c45-2bfa609b2c17,Supplier invoice received,1668.94,0.00,,0.00
29c8da68-1b8c-4e1b-a724-51a0327d59fd,a32e0b4d-87e1-4ef6-a34c-497cceb966eb,96f9d25c-9a96-448a-80d0-8a09e97a2de0,Supplier invoice received,166.89,0.00,,0.00
0d4db44a-e43d-4015-95bb-5d6ba62101af,a32e0b4d-87e1-4ef6-a34c-497cceb966eb,3a419430-50fd-4165-8155-058252178012,Supplier invoice received,0.00,1835.83,,0.00
91ff6811-8030-42a4-b2cf-5b35c314da6b,714394d1-8e5d-4387-8125-fb1e1391a997,ad28b3f1-9e58-4c2d-9414-8d16534c6a2a,Sales invoice issued,27.63,0.00,,0.00
32b02761-9da5-4745-97ae-6a1e9c53afa1,714394d1-8e5d-4387-8125-fb1e1391a997,ddaf1bc0-a098-4e4c-9c57-97d5f3e62c5a,Sales invoice issued,0.00,25.12,,0.00
d1e00750-63fa-4084-ae54-a642848bb811,714394d1-8e5d-4387-8125-fb1e1391a997,fc224d49-924c-4818-8373-81fe87c5c3f8,Sales invoice issued,0.00,2.51,,0.00
e5abf41c-1b71-496a-b4d5-0959ed857bb9,da64f45d-4aa0-4938-b669-585e54ba8c2f,ad28b3f1-9e58-4c2d-9414-8d16534c6a2a,Sales invoice issued,4123.37,0.00,,0.00
cfeac57d-3730-4bda-8e00-e237c5adeb75,da64f45d-4aa0-4938-b669-585e54ba8c2f,ddaf1bc0-a098-4e4c-9c57-97d5f3e62c5a,Sales invoice issued,0.00,3748.51,,0.00
de289905-c71a-4d1a-be7a-061f0bfcbb87,da64f45d-4aa0-4938-b669-585e54ba8c2f,fc224d49-924c-4818-8373-81fe87c5c3f8,Sales invoice issued,0.00,374.86,,0.00
755f7680-b5a1-45cd-9bce-ee117c91857c,f78bb650-348c-4974-9222-12a7200f5ebf,d6556ab6-7e9c-452a-8dc0-ed2d66976abe,Customer payment received,789.24,0.00,,0.00
06ad304c-1ef8-45ca-aef2-57bc75cd55d7,f78bb650-348c-4974-9222-12a7200f5ebf,ad28b3f1-9e58-4c2d-9414-8d16534c6a2a,Customer payment received,0.00,789.24,,0.00
4e128c22-1a55-4549-a2a5-bec073ba47ad,3fc651e0-33bf-4d67-ba98-dff86e0147c8,d6556ab6-7e9c-452a-8dc0-ed2d66976abe,Customer payment received,2279.41,0.00,,0.00
f4f243c5-3771-4bdf-8f43-7f39e08c9422,3fc651e0-33bf-4d67-ba98-dff86e0147c8,ad28b3f1-9e58-4c2d-9414-8d16534c6a2a,Customer payment received,0.00,2279.41,,0.00
