id,company_id,customer_id,order_id,invoice_number,invoice_date,due_date,status,subtotal,gst_amount,total_amount,amount_paid,amount_due
0912965f-b657-43db-80a6-59b11cabff05,c3e61d8e-e415-4326-931a-cffe4ec7ba0f,990f257f-efe9-4741-b0a0-84bcf874ac1d,59eacb39-fcd7-463e-927d-a620c96c948f,INV-000002,2023-07-03,2023-07-17,paid,882.13,88.22,970.35,970.35,0.00
36e14537-fab4-4432-ab22-fb41a5a40bbc,c3e61d8e-e415-4326-931a-cffe4ec7ba0f,2816264c-276b-4269-8416-7cf22c1d0af8,1836aa1d-1872-49d8-8039-d648c5d22ea1,INV-000005,2023-07-05,2023-07-19,paid,2452.85,245.29,2698.14,2698.14,0.00
2fa1d404-97df-43c1-86d0-e82f098d79f5,c3e61d8e-e415-4326-931a-cffe4ec7ba0f,30ff27c5-ca76-45ae-9628-b1a72ba9f830,baa127d1-2f4c-463d-a303-49d3c023bf2b,INV-000004,2023-07-04,2023-08-03,paid,460.46,46.05,506.51,506.51,0.00
52a792f9-cec0-496a-b781-f2cb95525aad,c3e61d8e-e415-4326-931a-cffe4ec7ba0f,57377d82-8035-44e7-b2a6-6e45b437d1ca,bb988fae-6783-41f3-9c4c-91a087a11017,INV-000019,2023-07-14,2023-07-21,paid,4382.75,438.27,4821.02,4821.02,0.00
78cc1a74-522c-4b83-9fb2-91cc7e0d8d3a,c3e61d8e-e415-4326-931a-cffe4ec7ba0f,9e0d65ed-cb40-45c3-b3e1-89ab33537dce,99ab1dad-36df-46ca-bfad-73b26e0edd6f,INV-000003,2023-07-04,2023-07-11,paid,3449.01,344.90,3793.91,3793.91,0.00
20f78fa8-8afb-4ee4-913c-67cf53590b54,c3e61d8e-e415-4326-931a-cffe4ec7ba0f,9b195647-be5f-4dca-a888-c92eca85e957,e1f540c0-de04-44b2-b339-2920cb75bc9e,INV-000007,2023-07-06,2023-07-20,paid,2391.57,239.17,2630.74,2630.74,0.00
2fb07205-87a6-4aee-9ef4-6b26a998229d,c3e61d8e-e415-4326-931a-cffe4ec7ba0f,0cd926ff-d57e-4f25-9a5f-0e93254a0ffd,36b8aa58-b70a-4d7a-8a16-bbb61156206f,INV-000020,2023-07-17,2023-07-24,paid,4967.08,496.70,5463.78,5463.78,0.00
9bd6bb12-13a6-4734-92ce-6b084a4176f2,c3e61d8e-e415-4326-931a-cffe4ec7ba0f,84f867ae-1022-4f80-b44b-518942cc9e40,527ccd39-0540-41e6-91c6-e4ca83b66ad4,INV-000027,2023-07-20,2023-07-27,paid,1252.04,125.20,1377.24,1377.24,0.00
93ca7ad8-c1d0-4e0d-a869-52a196f9a42a,c3e61d8e-e415-4326-931a-cffe4ec7ba0f,57377d82-8035-44e7-b2a6-6e45b437d1ca,06c96913-4484-4352-8e85-f9694623eff7,INV-000010,2023-07-07,2023-07-14,paid,3447.24,344.72,3791.96,3791.96,0.00
20fc7aaf-abb5-4159-8705-6524d4036765,c3e61d8e-e415-4326-931a-cffe4ec7ba0f,57377d82-8035-44e7-b2a6-6e45b437d1ca,db59b8c5-44e5-4a13-8274-78d2fdfdc75e,INV-000028,2023-07-20,2023-07-27,paid,100.48,10.05,110.53,110.53,0.00
5ed2a31e-4ef1-49c7-a9a6-b1f923d0fb04,c3e61d8e-e415-4326-931a-cffe4ec7ba0f,57377d82-8035-44e7-b2a6-6e45b437d1ca,47d97b56-02e7-4465-a64d-25e70936fe42,INV-000031,2023-07-24,2023-07-31,paid,1898.79,189.88,2088.67,2088.67,0.00
d3b777ac-c3d7-455d-a6c1-67317208e0d6,c3e61d8e-e415-4326-931a-cffe4ec7ba0f,dfc3e155-fd59-4b8a-a5de-10f5ac28accf,772eed9a-cc9f-473a-b26f-b8aa49ac35a5,INV-000014,2023-07-12,2023-07-19,paid,570.57,57.06,627.63,627.63,0.00
d5b53f10-7b76-4295-bfd2-cfed4a69228f,c3e61d8e-e415-4326-931a-cffe4ec7ba0f,990f257f-efe9-4741-b0a0-84bcf874ac1d,35e57e21-0f59-458d-ae46-ec6930edc0e3,INV-000036,2023-07-26,2023-08-09,paid,2300.49,230.04,2530.53,2530.53,0.00
47a39456-af0d-40a0-9bb1-4418de4807c4,c3e61d8e-e415-4326-931a-cffe4ec7ba0f,67196b05-6b1d-4332-9908-465aaaed6f6a,ac8bd3fe-e2ba-47ae-8d88-a1f74b6ab008,INV-000009,2023-07-06,2023-07-13,paid,1573.36,157.34,1730.70,1730.70,0.00
73b8ddd4-3390-4fe5-b46a-fddf4076cee7,c3e61d8e-e415-4326-931a-cffe4ec7ba0f,902ff6c1-f824-41a8-8f62-0f74dc915615,4888d0d9-214d-4ac9-9f8e-75ffd43ccdaa,INV-000039,2023-07-27,2023-08-03,paid,192.78,19.29,212.07,212.07,0.00
7e73731a-3515-43e2-b849-7ec926197ab7,c3e61d8e-e415-4326-931a-cffe4ec7ba0f,75334d0a-3476-4011-a5c2-1066fb5d4ae4,970a6806-1af0-4050-bf0b-73620450aa17,INV-000042,2023-07-31,2023-08-30,paid,1195.68,119.57,1315.25,1315.25,0.00
13f4e960-1888-42ce-a0af-257832ffa10b,c3e61d8e-e415-4326-931a-cffe4ec7ba0f,6fd6968c-c8e8-4aab-a786-3f1142204c45,9c0e1c03-8303-4011-92e9-1ef93b327150,INV-000001,2023-07-03,2023-08-02,paid,1718.70,171.87,1890.57,1890.57,0.00
76acd870-0049-421a-b937-f2fd2ccf2e5f,c3e61d8e-e415-4326-931a-cffe4ec7ba0f,beae18dc-8a3e-4088-9502-6e0d2d27fa54,71961ba6-2716-4908-9f6b-12c3c69e8851,INV-000026,2023-07-20,2023-08-19,paid,4521.70,452.16,4973.86,4973.86,0.00
11627acb-6f64-4ee6-b21d-1d9ef2494e53,c3e61d8e-e415-4326-931a-cffe4ec7ba0f,21724384-0cf5-4ae7-bd4a-7f51c4b3fb50,75c09918-952d-4b6c-b027-530152859e7b,INV-000006,2023-07-05,2023-08-04,paid,1152.32,115.24,1267.56,1267.56,0.00
a42d0303-af1f-46dc-8da3-529b2629ae2e,c3e61d8e-e415-4326-931a-cffe4ec7ba0f,072c1eec-8ca2-46bd-adc8-0d8a7e3aa55c,b61cab86-641c-402c-8914-25a626998b1d,INV-000023,2023-07-19,2023-08-02,paid,2405.39,240.55,2645.94,2645.94,0.00
af148c54-5a7c-402e-b711-3299fad5d025,c3e61d8e-e415-4326-931a-cffe4ec7ba0f,b5ac4d50-539f-41d6-84b8-fd1da0d0972a,cc5509ac-6be0-4536-8438-7b4b2328472e,INV-000024,2023-07-19,2023-08-18,paid,417.85,41.79,459.64,459.64,0.00
3a867284-ef5b-4646-aa84-00ae463e3522,c3e61d8e-e415-4326-931a-cffe4ec7ba0f,c8634f52-6815-493a-82a8-f3a0f008a8d4,71c8ddf6-3b71-40be-a158-22e239b4c2d6,INV-000048,2023-08-03,2023-08-10,paid,1911.21,191.13,2102.34,2102.34,0.00
f3b38fea-f9a0-45e8-ae9a-95ead44f3cea,c3e61d8e-e415-4326-931a-cffe4ec7ba0f,b5ac4d50-539f-41d6-84b8-fd1da0d0972a,02eefd32-a825-4251-9c62-ea99728fb9c0,INV-000013,2023-07-12,2023-08-11,paid,2201.58,220.16,2421.74,2421.74,0.00
7035c859-23a6-42d9-853c-597c5afa649d,c3e61d8e-e415-4326-931a-cffe4ec7ba0f,8cdec6d1-9eb7-43d7-8d92-dafbc8eac609,0edb6324-d5c6-408f-982e-5049a8b5f19e,INV-000035,2023-07-26,2023-08-09,paid,368.20,36.82,405.02,405.02,0.00
f036f96f-812b-4bb6-8f9e-f0f0f882d619,c3e61d8e-e415-4326-931a-cffe4ec7ba0f,02673621-7c05-4666-b53f-e6658a0ddd69,a5bf612b-efa4-453f-ae4e-9b8705dc3861,INV-000015,2023-07-13,2023-08-12,paid,492.08,49.20,541.28,541.28,0.00
cdd110c3-d4f0-430a-aad3-ff780c79f24e,c3e61d8e-e415-4326-931a-cffe4ec7ba0f,02673621-7c05-4666-b53f-e6658a0ddd69,12b17c0b-995b-4420-a2ac-2d3e7f61d058,INV-000012,2023-07-12,2023-08-11,paid,1453.14,145.32,1598.46,1598.46,0.00
efc223e1-afa4-412b-964d-8831edfaffd0,c3e61d8e-e415-4326-931a-cffe4ec7ba0f,fa510bb7-7227-42ca-a7db-17e25ac0604c,481b0174-3102-4873-82e4-5f19d39665f7,INV-000040,2023-07-28,2023-08-04,paid,1118.40,111.84,1230.24,1230.24,0.00
19a97560-05b0-4ccf-acd3-0311e3e5ecfe,c3e61d8e-e415-4326-931a-cffe4ec7ba0f,9a4d040e-fd8f-4d1c-88aa-ea0657ea910b,e6c8de01-c16d-407c-8037-fc3ae99f41a9,INV-000043,2023-08-01,2023-08-15,paid,1440.56,144.06,1584.62,1584.62,0.00
e6e2c576-c9fe-4856-88fd-1732c54dd134,c3e61d8e-e415-4326-931a-cffe4ec7ba0f,5be4ae22-6400-44c3-bc41-6179d01326ee,b5bd4c03-a4cf-4073-be1b-ea2cb6f3bc5c,INV-000016,2023-07-13,2023-08-12,paid,1618.41,161.84,1780.25,1780.25,0.00
8e13f23b-d8de-43db-924f-2983d7fc5902,c3e61d8e-e415-4326-931a-cffe4ec7ba0f,aa7269fe-47d7-40f4-89f8-b4bc9127d7bd,a744c202-a011-401a-97e5-49072c570627,INV-000029,2023-07-21,2023-08-20,paid,439.60,43.96,483.56,483.56,0.00
9ed3b106-de0b-4d8f-be86-1bb9359d4a94,c3e61d8e-e415-4326-931a-cffe4ec7ba0f,5be4ae22-6400-44c3-bc41-6179d01326ee,05f8a002-0319-4dee-b305-0e728e3df4ed,INV-000022,2023-07-18,2023-08-17,paid,2134.83,213.49,2348.32,2348.32,0.00
e76a17ad-e4de-4fc2-96be-34917890312b,c3e61d8e-e415-4326-931a-cffe4ec7ba0f,902ff6c1-f824-41a8-8f62-0f74dc915615,f2936e4c-f16b-4363-839c-8e6966a49e8a,INV-000017,2023-07-13,2023-07-20,paid,1812.09,181.21,1993.30,1993.30,0.00
feccc4ac-3d52-4c0d-b963-0deca7441ead,c3e61d8e-e415-4326-931a-cffe4ec7ba0f,84f867ae-1022-4f80-b44b-518942cc9e40,e207fcb2-3ca9-4b1b-bbed-3b2e76319bda,INV-000055,2023-08-09,2023-08-16,paid,147.29,14.73,162.02,162.02,0.00
0439a71b-14e5-4908-add1-e8195b528855,c3e61d8e-e415-4326-931a-cffe4ec7ba0f,e580f5dd-920f-41b5-a746-e2ec685afd0f,70d852d2-1f27-4550-9d55-eafaea33c687,INV-000018,2023-07-14,2023-08-13,paid,1781.54,178.15,1959.69,1959.69,0.00
e042d746-d6fe-4e1c-b91c-72e603056297,c3e61d8e-e415-4326-931a-cffe4ec7ba0f,beae18dc-8a3e-4088-9502-6e0d2d27fa54,f51a43cf-6d74-4c1d-9ee8-9b86163f893a,INV-000038,2023-07-27,2023-08-26,paid,4206.73,420.68,4627.41,4627.41,0.00
7f38cc95-c078-47dd-937b-f9bae378b4c5,c3e61d8e-e415-4326-931a-cffe4ec7ba0f,c01fb635-968e-4d9f-8316-fa216ee80395,0db4e4c9-2f26-49bf-b58c-b4e720ef22d9,INV-000053,2023-08-07,2023-09-06,paid,4997.85,499.78,5497.63,5497.63,0.00
17d6f385-db82-4c9b-89d4-73c7245b3d1a,c3e61d8e-e415-4326-931a-cffe4ec7ba0f,759f00cf-7465-4347-8e62-5ae4db1e99eb,fab7eb7e-667d-457f-8ab8-285cb63dcaab,INV-000034,2023-07-26,2023-08-09,paid,2348.41,234.84,2583.25,2583.25,0.00
91700f89-3251-4910-b545-6411ecb8384b,c3e61d8e-e415-4326-931a-cffe4ec7ba0f,c8634f52-6815-493a-82a8-f3a0f008a8d4,1284a690-62ee-4bad-a6a2-cdf7f8a5a797,INV-000066,2023-08-16,2023-08-23,paid,2656.62,265.67,2922.29,2922.29,0.00
5c884e3c-5443-4082-ab4c-1b65e3aaf713,c3e61d8e-e415-4326-931a-cffe4ec7ba0f,4ce0fcf6-9ac1-4ba2-8e2a-bb88cb6e325f,236ebe39-ddb9-4e9a-ad9f-f2b933a1578a,INV-000072,2023-08-18,2023-09-01,paid,1637.24,163.72,1800.96,1800.96,0.00
e28d6448-7518-4c60-bff2-87978517e1df,c3e61d8e-e415-4326-931a-cffe4ec7ba0f,9a4d040e-fd8f-4d1c-88aa-ea0657ea910b,6d2e65a1-0201-4aff-ae91-dcba4c595ee4,INV-000058,2023-08-11,2023-08-25,paid,5413.27,541.33,5954.60,5954.60,0.00
921b8ca8-ef6a-48c1-883a-7665d699f409,c3e61d8e-e415-4326-931a-cffe4ec7ba0f,3de169c0-475b-44d8-a77d-b20336599db1,9c2f3de5-c138-4496-9e15-eb9829ff1ca6,INV-000060,2023-08-11,2023-08-18,paid,630.53,63.06,693.59,693.59,0.00
99266d06-edfc-4426-aa13-568590ebf67b,c3e61d8e-e415-4326-931a-cffe4ec7ba0f,84f867ae-1022-4f80-b44b-518942cc9e40,04ccacee-40c5-407b-8482-1de5dbacb5b5,INV-000021,2023-07-17,2023-07-24,paid,1947.99,194.79,2142.78,2142.78,0.00
522b4265-073f-4207-b4d9-2e3726fc9f02,c3e61d8e-e415-4326-931a-cffe4ec7ba0f,2816264c-276b-4269-8416-7cf22c1d0af8,f929c52f-5ebc-424f-8dad-a01b3291eac0,INV-000045,2023-08-02,2023-08-16,partially_paid,1139.86,113.99,1253.85,385.61,868.24
6e249768-7697-4080-a397-91ed8766570b,c3e61d8e-e415-4326-931a-cffe4ec7ba0f,505b9ef2-279b-44d5-9456-e5141fedfec6,88aff670-f85e-42db-8f51-b86ec7152bee,INV-000062,2023-08-14,2023-08-28,paid,469.08,46.90,515.98,515.98,0.00
fbc8e583-eea7-4a31-aa3f-70573d193de4,c3e61d8e-e415-4326-931a-cffe4ec7ba0f,2208a583-3e0e-46be-a633-f5ee63e684d7,8b035e35-fd25-4a71-a49b-1b4cc1d9083b,INV-000041,2023-07-28,2023-08-27,paid,1712.64,171.27,1883.91,1883.91,0.00
06ee60ea-1552-4bdf-a937-5837b88adb40,c3e61d8e-e415-4326-931a-cffe4ec7ba0f,bcc76a56-67ca-4549-bcda-33020f238fc7,3ed63d03-0256-4ee7-9a74-061833b46c19,INV-000025,2023-07-19,2023-08-18,paid,1746.22,174.63,1920.85,1920.85,0.00
3512f0ee-c81b-4651-845d-28924946abe8,c3e61d8e-e415-4326-931a-cffe4ec7ba0f,9e0d65ed-cb40-45c3-b3e1-89ab33537dce,1cf53406-21b2-42e1-8a2e-8fd90e7f7f6a,INV-000079,2023-08-23,2023-08-30,paid,1566.49,156.65,1723.14,1723.14,0.00
422b7aa3-c661-488e-8a86-d2cce5649d90,c3e61d8e-e415-4326-931a-cffe4ec7ba0f,30ff27c5-ca76-45ae-9628-b1a72ba9f830,3a0eb7a5-6138-4e13-a80d-12f9894c73e7,INV-000047,2023-08-03,2023-09-02,paid,4287.64,428.76,4716.40,4716.40,0.00
86caf3c0-dbdc-4a8d-93fb-250a33a2b7fd,c3e61d8e-e415-4326-931a-cffe4ec7ba0f,21724384-0cf5-4ae7-bd4a-7f51c4b3fb50,a4a2a920-fe0e-48e5-a22c-e51b08aba5e1,INV-000061,2023-08-14,2023-09-13,paid,3295.99,329.60,3625.59,3625.59,0.00
fcd100b5-0367-472c-9750-e125f1cda3fb,c3e61d8e-e415-4326-931a-cffe4ec7ba0f,9b195647-be5f-4dca-a888-c92eca85e957,2c4596c4-0d09-4f7d-8279-0795848f0861,INV-000065,2023-08-15,2023-08-29,paid,1179.41,117.94,1297.35,1297.35,0.00
f87370a9-64cc-4500-9ffa-06cec9339cc1,c3e61d8e-e415-4326-931a-cffe4ec7ba0f,2208a583-3e0e-46be-a633-f5ee63e684d7,e76bd707-12f7-48c2-b7e0-907e4f2b360a,INV-000050,2023-08-03,2023-09-02,paid,2645.29,264.53,2909.82,2909.82,0.00
66194eb5-5f7f-4b1d-b5f7-c6292c331379,c3e61d8e-e415-4326-931a-cffe4ec7ba0f,047411cd-c184-4a2a-b5d9-2dea6ac79d73,9e661d05-d982-4c70-92e2-b4b796277763,INV-000070,2023-08-17,2023-08-24,paid,2072.18,207.23,2279.41,2279.41,0.00
a898605a-fdb6-4f1b-a6bb-67285a975f01,c3e61d8e-e415-4326-931a-cffe4ec7ba0f,18a3a0b3-83a9-40a3-9b04-269f953b9330,9c8b2ed7-485a-49b4-836c-ab702cf9e09a,INV-000011,2023-07-11,2023-08-10,paid,717.49,71.75,789.24,789.24,0.00
984c542b-7a31-4a22-98b9-4e4dd64077a1,c3e61d8e-e415-4326-931a-cffe4ec7ba0f,269a4c57-981d-472a-8875-65469b6a0d1f,0c8105a8-d909-40f8-9a0f-9f31f75d432c,INV-000054,2023-08-08,2023-09-07,paid,2057.28,205.73,2263.01,2263.01,0.00
e11998bf-0e69-4020-8493-6269be3fc3a8,c3e61d8e-e415-4326-931a-cffe4ec7ba0f,9b195647-be5f-4dca-a888-c92eca85e957,d74cb86a-eb83-4789-97c2-d18aaeea8ad3,INV-000089,2023-08-29,2023-09-12,paid,589.54,58.95,648.49,648.49,0.00
3ec17b94-31db-4cef-b012-49fd94be2a15,c3e61d8e-e415-4326-931a-cffe4ec7ba0f,dfc3e155-fd59-4b8a-a5de-10f5ac28accf,4e6ea770-0baa-484a-8581-d4eceaba64c7,INV-000064,2023-08-15,2023-08-22,paid,2480.63,248.06,2728.69,2728.69,0.00
96c6d05c-bd3e-4545-9acd-0d3b5f8f332f,c3e61d8e-e415-4326-931a-cffe4ec7ba0f,e580f5dd-920f-41b5-a746-e2ec685afd0f,15c53376-79b5-4f73-83b4-4c68de864826,INV-000032,2023-07-25,2023-08-24,paid,3126.61,312.66,3439.27,3439.27,0.00
34d2ddab-48a9-4712-9143-b10e1273169a,c3e61d8e-e415-4326-931a-cffe4ec7ba0f,902ff6c1-f824-41a8-8f62-0f74dc915615,a4efb4c6-3da0-4759-ab3b-b2384558182a,INV-000046,2023-08-02,2023-08-09,paid,996.83,99.68,1096.51,1096.51,0.00
7b0b1d5c-9371-4235-a453-f649d4e7d407,c3e61d8e-e415-4326-931a-cffe4ec7ba0f,1e200387-86be-4c4f-9cd7-36661e04e660,3ca27cc7-dedf-4144-83aa-f3dfbb3d6159,INV-000092,2023-08-30,2023-09-06,paid,3748.51,374.86,4123.37,4123.37,0.00
c85d2d29-dcf4-4134-961e-718acb7a9e92,c3e61d8e-e415-4326-931a-cffe4ec7ba0f,bcc76a56-67ca-4549-bcda-33020f238fc7,e264c491-918f-40b0-890b-eac963936965,INV-000044,2023-08-01,2023-08-31,paid,781.40,78.14,859.54,859.54,0.00
e68771e7-543e-477a-80e5-abab4f31e9fd,c3e61d8e-e415-4326-931a-cffe4ec7ba0f,667e3279-011e-47db-8e70-a02d6687e9eb,22adf09b-3f0a-421a-88d0-be5af211b29a,INV-000008,2023-07-06,2023-08-05,paid,331.68,33.17,364.85,364.85,0.00
ed9199aa-841f-420e-a314-cf095f2721ef,c3e61d8e-e415-4326-931a-cffe4ec7ba0f,75334d0a-3476-4011-a5c2-1066fb5d4ae4,973d752e-4f3e-49df-9f07-63b83e885c1f,INV-000030,2023-07-24,2023-08-23,paid,3158.56,315.86,3474.42,3474.42,0.00
4031e417-435e-43dc-a812-5df125a28748,c3e61d8e-e415-4326-931a-cffe4ec7ba0f,072c1eec-8ca2-46bd-adc8-0d8a7e3aa55c,f81cf192-5af3-4b36-816b-dc6ad8e5142f,INV-000091,2023-08-30,2023-09-13,paid,25.12,2.51,27.63,27.63,0.00
64a88db4-fcb2-4fb8-bd5e-c547ace1720d,c3e61d8e-e415-4326-931a-cffe4ec7ba0f,3a2af4d6-6183-4a9b-90ea-d32eabf6b64b,1200cbb8-5ddc-4c97-8ee1-a25f2f0e50f6,INV-000049,2023-08-03,2023-09-02,paid,1385.04,138.50,1523.54,1523.54,0.00
ed81259e-97be-4444-945f-4077add13a99,c3e61d8e-e415-4326-931a-cffe4ec7ba0f,796ffd27-ef20-4c73-a0ed-e5aa094edbc2,282fe72f-c169-4d31-a5fa-ad7ecfc928d2,INV-000077,2023-08-22,2023-09-05,paid,1602.01,160.21,1762.22,1762.22,0.00
09068f31-f665-484e-ac77-a4dc4ccb36c0,c3e61d8e-e415-4326-931a-cffe4ec7ba0f,3de169c0-475b-44d8-a77d-b20336599db1,52eb33c6-d4a9-4e48-bad9-d504abb708de,INV-000099,2023-09-06,2023-09-13,partially_paid,767.90,76.79,844.69,548.64,296.05
181bb427-c8f4-4d08-8d8c-cfece94cb718,c3e61d8e-e415-4326-931a-cffe4ec7ba0f,67196b05-6b1d-4332-9908-465aaaed6f6a,fbe067db-0983-4c94-9932-db0418e6efab,INV-000033,2023-07-25,2023-08-01,paid,69.41,6.94,76.35,76.35,0.00
043ac105-2f66-4ac2-a884-2b51e6fd26a9,c3e61d8e-e415-4326-931a-cffe4ec7ba0f,57377d82-8035-44e7-b2a6-6e45b437d1ca,37cb6a18-2540-4ac1-a322-5761c8b1a25c,INV-000056,2023-08-09,2023-08-16,paid,622.30,62.23,684.53,684.53,0.00
84776fd2-3567-4861-9493-e58d1414acaf,c3e61d8e-e415-4326-931a-cffe4ec7ba0f,dfc3e155-fd59-4b8a-a5de-10f5ac28accf,55e0cc07-aa04-4689-911e-6a864c89a651,INV-000093,2023-09-01,2023-09-08,paid,267.28,26.73,294.01,294.01,0.00
c97a4852-c21f-4aba-81d9-e2d88c686e24,c3e61d8e-e415-4326-931a-cffe4ec7ba0f,2208a583-3e0e-46be-a633-f5ee63e684d7,7fc7d5f5-1264-4073-a4f6-a643ce3dd61b,INV-000097,2023-09-05,2023-10-05,paid,1538.46,153.85,1692.31,1692.31,0.00
e0b514e1-8b1b-41c0-8ee8-04470dc6b52d,c3e61d8e-e415-4326-931a-cffe4ec7ba0f,505b9ef2-279b-44d5-9456-e5141fedfec6,649924b7-1e2c-42d8-aaa4-da93ab31699a,INV-000088,2023-08-28,2023-09-11,paid,1518.78,151.88,1670.66,1670.66,0.00
0a288caf-746b-4897-8948-85e74a071449,c3e61d8e-e415-4326-931a-cffe4ec7ba0f,21724384-0cf5-4ae7-bd4a-7f51c4b3fb50,03e8309e-424b-4d11-b57f-6a4e9068fc7b,INV-000052,2023-08-04,2023-09-03,paid,636.91,63.69,700.60,700.60,0.00
8df05124-0a35-4384-bab6-a654bfc897a4,c3e61d8e-e415-4326-931a-cffe4ec7ba0f,3b4a94ba-e57a-4350-b9b9-a5985ba7749a,deb3dbd1-add7-414d-b90c-d9d054064713,INV-000104,2023-09-08,2023-09-15,paid,164.85,16.49,181.34,181.34,0.00
aca41e30-cc26-4296-b7a9-8ddcc2ba1cf5,c3e61d8e-e415-4326-931a-cffe4ec7ba0f,047411cd-c184-4a2a-b5d9-2dea6ac79d73,5711a00e-0c86-4cdd-b407-c1591afacd85,INV-000105,2023-09-08,2023-09-15,paid,5418.70,541.88,5960.58,5960.58,0.00
b2003bc4-ff14-4f5d-8ae1-be1bb825258f,c3e61d8e-e415-4326-931a-cffe4ec7ba0f,57377d82-8035-44e7-b2a6-6e45b437d1ca,c93c25c1-962c-44ac-8ec1-d55e84f9d7b3,INV-000109,2023-09-11,2023-09-18,paid,598.19,59.82,658.01,658.01,0.00
d211d13b-333b-4ceb-920a-6844e39133e1,c3e61d8e-e415-4326-931a-cffe4ec7ba0f,5be4ae22-6400-44c3-bc41-6179d01326ee,508cf3d6-0aba-4bf5-88c3-b6a9b8c4b904,INV-000074,2023-08-21,2023-09-20,paid,1976.20,197.62,2173.82,2173.82,0.00
f5c36c78-71ea-45c1-bdc0-08b59cf4c1cc,c3e61d8e-e415-4326-931a-cffe4ec7ba0f,67196b05-6b1d-4332-9908-465aaaed6f6a,6840d36b-908c-4b9f-ba6d-01a53ca405b9,INV-000063,2023-08-14,2023-08-21,paid,267.28,26.73,294.01,294.01,0.00
f71f995d-f0d8-4e02-a305-b8e7b823426d,c3e61d8e-e415-4326-931a-cffe4ec7ba0f,dfc3e155-fd59-4b8a-a5de-10f5ac28accf,e7d6dbff-6211-4942-b312-cc6b1aa21317,INV-000101,2023-09-07,2023-09-14,paid,1514.17,151.42,1665.59,1665.59,0.00
b81d9ce6-1db3-4cc7-868d-b447c0ccc7a3,c3e61d8e-e415-4326-931a-cffe4ec7ba0f,84ce00aa-0ef7-496d-995a-614feed809c5,70fecab8-5195-4c07-9ae8-c870276cc63e,INV-000076,2023-08-22,2023-09-05,paid,810.61,81.06,891.67,891.67,0.00
c61aed64-f05a-47fd-a40b-aa5913bcf185,c3e61d8e-e415-4326-931a-cffe4ec7ba0f,5be4ae22-6400-44c3-bc41-6179d01326ee,181394a2-fd87-439e-ab7d-c534bc940a7e,INV-000083,2023-08-24,2023-09-23,paid,411.25,41.12,452.37,452.37,0.00
e0f053b7-e148-4a56-8911-f1b4cdae0609,c3e61d8e-e415-4326-931a-cffe4ec7ba0f,9e0d65ed-cb40-45c3-b3e1-89ab33537dce,6b2fcd2d-3bb1-4d93-92fa-45fe7adc9ed0,INV-000067,2023-08-17,2023-08-24,paid,2563.18,256.31,2819.49,2819.49,0.00
ec203284-d467-475f-afd0-fbbcb67587be,c3e61d8e-e415-4326-931a-cffe4ec7ba0f,aa7269fe-47d7-40f4-89f8-b4bc9127d7bd,ca00b9c2-b657-4b73-bb12-73fb08660152,INV-000057,2023-08-10,2023-09-09,partially_paid,2499.84,249.98,2749.82,1529.86,1219.96
f7a4d654-8246-471a-ac14-53453bd60726,c3e61d8e-e415-4326-931a-cffe4ec7ba0f,505b9ef2-279b-44d5-9456-e5141fedfec6,28e1673a-c57f-4000-bc4e-378bdaba1eda,INV-000090,2023-08-29,2023-09-12,paid,2033.80,203.37,2237.17,2237.17,0.00
eaf15214-d4bd-4b01-b646-00496a15829d,c3e61d8e-e415-4326-931a-cffe4ec7ba0f,2208a583-3e0e-46be-a633-f5ee63e684d7,00398bd1-f011-486c-9f51-467c8edcc956,INV-000037,2023-07-26,2023-08-25,paid,2917.14,291.72,3208.86,3208.86,0.00
f90dfdc1-86f7-4d36-960e-74091d0c8eb1,c3e61d8e-e415-4326-931a-cffe4ec7ba0f,990f257f-efe9-4741-b0a0-84bcf874ac1d,19a8b701-e686-4996-a320-cddd8597d690,INV-000059,2023-08-11,2023-08-25,paid,2967.99,296.80,3264.79,3264.79,0.00
316f75c3-ac23-4c5c-9914-8c32bbd0bac0,c3e61d8e-e415-4326-931a-cffe4ec7ba0f,2816264c-276b-4269-8416-7cf22c1d0af8,1c0e8b68-9591-4464-a7f3-c67077903d82,INV-000100,2023-09-07,2023-09-21,paid,2903.78,290.37,3194.15,3194.15,0.00
7663e7d8-4861-4a1b-aff9-adbc0f2a97fc,c3e61d8e-e415-4326-931a-cffe4ec7ba0f,9b195647-be5f-4dca-a888-c92eca85e957,4eebe823-4de1-4ae1-84dd-0e71acbf7d3f,INV-000094,2023-09-01,2023-09-15,paid,1905.97,190.60,2096.57,2096.57,0.00
e2c91c87-5922-476b-b97c-ccb69a06b12d,c3e61d8e-e415-4326-931a-cffe4ec7ba0f,c01fb635-968e-4d9f-8316-fa216ee80395,3ca4d2f0-fce8-4881-90ca-f4fcba79ec25,INV-000075,2023-08-21,2023-09-20,paid,2358.78,235.89,2594.67,2594.67,0.00
f4823e9f-c8cd-4fc6-a7f4-907450055018,c3e61d8e-e415-4326-931a-cffe4ec7ba0f,269a4c57-981d-472a-8875-65469b6a0d1f,cde004d7-3422-4f87-98e1-20c02976c140,INV-000068,2023-08-17,2023-09-16,paid,3586.00,358.60,3944.60,3944.60,0.00
501927b4-063c-4e2c-a8ca-0b2c5f392496,c3e61d8e-e415-4326-931a-cffe4ec7ba0f,c01fb635-968e-4d9f-8316-fa216ee80395,f2ac9a7b-cee5-4687-965b-2b1c58ca8732,INV-000114,2023-09-13,2023-10-13,paid,2229.03,222.91,2451.94,2451.94,0.00
ded61860-8ec9-49aa-bdc2-6c0050f4ad10,c3e61d8e-e415-4326-931a-cffe4ec7ba0f,f85c134a-dc97-4236-a7f0-b096d9b72cd6,a8509a43-8659-46de-9660-83f3b6f12888,INV-000078,2023-08-22,2023-09-21,paid,4306.19,430.63,4736.82,4736.82,0.00
e2e350eb-2179-4cc0-8577-f9b2f0f92bc5,c3e61d8e-e415-4326-931a-cffe4ec7ba0f,9e0d65ed-cb40-45c3-b3e1-89ab33537dce,b12554e0-8eaa-4b3b-a430-04483514b96a,INV-000095,2023-09-04,2023-09-11,paid,1259.74,125.98,1385.72,1385.72,0.00
1fb6d251-74a2-4f6d-8040-c5cdf278ba7f,c3e61d8e-e415-4326-931a-cffe4ec7ba0f,2208a583-3e0e-46be-a633-f5ee63e684d7,ad10c68c-56f3-45d3-9c84-9f0e982fdc16,INV-000086,2023-08-25,2023-09-24,paid,3958.88,395.90,4354.78,4354.78,0.00
2773a502-6954-4fb1-8484-d969084cb52c,c3e61d8e-e415-4326-931a-cffe4ec7ba0f,b5ac4d50-539f-41d6-84b8-fd1da0d0972a,0d57f8dd-64f3-40ac-8509-d863134477f4,INV-000121,2023-09-20,2023-10-20,paid,2568.80,256.87,2825.67,2825.67,0.00
ea14bb21-acd5-41d7-a10a-00624f10e4d5,c3e61d8e-e415-4326-931a-cffe4ec7ba0f,493a70c8-08ba-4d83-b0aa-eb42ac86b3ee,b4b1b32b-eb02-4121-8f3a-01c726033398,INV-000087,2023-08-28,2023-09-27,paid,311.16,31.12,342.28,342.28,0.00
f67c92bc-8961-4461-af54-4cbfd7e558f3,c3e61d8e-e415-4326-931a-cffe4ec7ba0f,57377d82-8035-44e7-b2a6-6e45b437d1ca,23edb5b8-fa4e-4e39-ad81-cb4d5f70a859,INV-000069,2023-08-17,2023-08-24,paid,478.70,47.87,526.57,526.57,0.00
2865bd8d-a46a-469d-80e4-d21f95e16aeb,c3e61d8e-e415-4326-931a-cffe4ec7ba0f,c8634f52-6815-493a-82a8-f3a0f008a8d4,e65c0cdf-eedd-4d25-8658-668a14f84a0f,INV-000120,2023-09-19,2023-09-26,paid,965.14,96.51,1061.65,1061.65,0.00
74944055-a10e-4a52-a7eb-992a76227298,c3e61d8e-e415-4326-931a-cffe4ec7ba0f,759f00cf-7465-4347-8e62-5ae4db1e99eb,8677c368-d7d4-45da-b9fa-5ca35c56b060,INV-000115,2023-09-15,2023-09-29,paid,2157.39,215.75,2373.14,2373.14,0.00
9e075295-51e8-4e70-bd81-90aa77115f03,c3e61d8e-e415-4326-931a-cffe4ec7ba0f,493a70c8-08ba-4d83-b0aa-eb42ac86b3ee,2e399515-577d-4b05-a79e-fa5db140b9e4,INV-000082,2023-08-24,2023-09-23,paid,2379.87,238.00,2617.87,2617.87,0.00
1c397dcc-b527-425c-9b2b-83f27d906285,c3e61d8e-e415-4326-931a-cffe4ec7ba0f,2816264c-276b-4269-8416-7cf22c1d0af8,6394f118-18af-4692-9496-c5f4302f76dc,INV-000118,2023-09-18,2023-10-02,paid,1684.28,168.42,1852.70,1852.70,0.00
0fa51a22-8e7c-42f1-90cb-ef55559e4a1b,c3e61d8e-e415-4326-931a-cffe4ec7ba0f,9e0d65ed-cb40-45c3-b3e1-89ab33537dce,a29c5c4a-0f28-43d4-b596-693f1fef0089,INV-000129,2023-09-26,2023-10-03,paid,2308.27,230.83,2539.10,2539.10,0.00
60b007e8-56ea-46d0-9a60-b3bafc917226,c3e61d8e-e415-4326-931a-cffe4ec7ba0f,bcc76a56-67ca-4549-bcda-33020f238fc7,5339f69a-6c32-4fae-8c76-227beeac0c0e,INV-000113,2023-09-12,2023-10-12,paid,2727.60,272.75,3000.35,3000.35,0.00
6564a5dd-d5c9-4ad3-855c-d57bc82087fd,c3e61d8e-e415-4326-931a-cffe4ec7ba0f,57377d82-8035-44e7-b2a6-6e45b437d1ca,e0ff1c5f-78d3-4dda-bd57-47b7c32f2258,INV-000133,2023-09-26,2023-10-03,paid,184.47,18.44,202.91,202.91,0.00
854da804-7c70-4ffd-9257-4f016206ed6c,c3e61d8e-e415-4326-931a-cffe4ec7ba0f,3a2af4d6-6183-4a9b-90ea-d32eabf6b64b,2fd58968-c277-4e83-9974-3a6ce7620869,INV-000085,2023-08-25,2023-09-24,paid,2158.82,215.88,2374.70,2374.70,0.00
0875c2ec-8aa3-42f2-b083-75fd38e1cda1,c3e61d8e-e415-4326-931a-cffe4ec7ba0f,966efb43-8582-4699-b061-bca0ad69a15b,3bfa99ce-d6c2-413d-a3ff-ef3269cebdef,INV-000123,2023-09-20,2023-09-27,paid,2700.00,270.01,2970.01,2970.01,0.00
2aad378d-9e24-472f-a78f-422a08b1b0f5,c3e61d8e-e415-4326-931a-cffe4ec7ba0f,f26be769-d99e-48d2-96bb-8ca7ee72848a,29598f27-ec07-40b8-b41b-16d7d06cf75c,INV-000119,2023-09-18,2023-10-02,paid,3269.73,326.97,3596.70,3596.70,0.00
e995c168-dcd9-4e57-baa3-e6028260f7cb,c3e61d8e-e415-4326-931a-cffe4ec7ba0f,0cd926ff-d57e-4f25-9a5f-0e93254a0ffd,1dec923f-56a3-4b39-b426-48ba14db147e,INV-000084,2023-08-24,2023-08-31,paid,2050.90,205.09,2255.99,2255.99,0.00
656f2b4b-dd53-4a7a-868f-6d9b516568c7,c3e61d8e-e415-4326-931a-cffe4ec7ba0f,667e3279-011e-47db-8e70-a02d6687e9eb,d32aec24-7ef0-4bfd-b9b7-4f59d26d4e47,INV-000122,2023-09-20,2023-10-20,paid,843.24,84.32,927.56,927.56,0.00
f25287ec-2a19-48f6-adc4-05f7faa77ad9,c3e61d8e-e415-4326-931a-cffe4ec7ba0f,aa7269fe-47d7-40f4-89f8-b4bc9127d7bd,da1df720-e3e2-4c07-b96f-817ced20e8b1,INV-000080,2023-08-23,2023-09-22,paid,521.37,52.13,573.50,573.50,0.00
11a00e2e-6891-4d98-a278-a3ec7d517dc0,c3e61d8e-e415-4326-931a-cffe4ec7ba0f,9b195647-be5f-4dca-a888-c92eca85e957,1bccf8ed-4fb2-47a7-933b-4ffa337d8a77,INV-000107,2023-09-11,2023-09-25,paid,1566.72,156.67,1723.39,1723.39,0.00
62396eca-a041-4c08-9367-f8ee66f92023,c3e61d8e-e415-4326-931a-cffe4ec7ba0f,75913b2b-6520-41a2-a4d4-2537b7a49d4b,399c3a91-7be8-4f62-9293-c021206047a1,INV-000126,2023-09-21,2023-10-05,paid,2014.59,201.47,2216.06,2216.06,0.00
84cbd92f-717d-4908-a21e-352bb77250ef,c3e61d8e-e415-4326-931a-cffe4ec7ba0f,c8634f52-6815-493a-82a8-f3a0f008a8d4,f26b3915-bff6-4b93-bd94-770846227847,INV-000146,2023-10-02,2023-10-09,paid,1744.88,174.49,1919.37,1919.37,0.00
eea41e51-1116-4c9d-afd5-7f8b7deef6f0,c3e61d8e-e415-4326-931a-cffe4ec7ba0f,02673621-7c05-4666-b53f-e6658a0ddd69,e6aacc71-e226-4b99-82f0-a5e988c96caf,INV-000051,2023-08-04,2023-09-03,paid,1964.05,196.40,2160.45,2160.45,0.00
0644723a-2e09-443b-bffd-903b1b0ea8ab,c3e61d8e-e415-4326-931a-cffe4ec7ba0f,0cd926ff-d57e-4f25-9a5f-0e93254a0ffd,64b85f73-fd5c-4bff-94d4-36b69fb23b89,INV-000145,2023-09-29,2023-10-06,paid,395.76,39.57,435.33,435.33,0.00
199ecf9e-ad00-4764-acd9-46d994ccfcfa,c3e61d8e-e415-4326-931a-cffe4ec7ba0f,41d190a9-9085-481b-98b1-41af737e87c5,fb9cd38f-6ef3-44b8-8c8d-44ea13cfbbdc,INV-000124,2023-09-20,2023-10-04,paid,2494.88,249.50,2744.38,2744.38,0.00
5cae65b8-32eb-4945-8e18-5f1c6f442e5b,c3e61d8e-e415-4326-931a-cffe4ec7ba0f,3de169c0-475b-44d8-a77d-b20336599db1,4b155e6f-ae2d-4d21-8a13-f09398325259,INV-000131,2023-09-26,2023-10-03,paid,1564.01,156.40,1720.41,1720.41,0.00
675e53d0-b2d1-489f-b3ef-9c2968be000b,c3e61d8e-e415-4326-931a-cffe4ec7ba0f,b5ac4d50-539f-41d6-84b8-fd1da0d0972a,98fb7fa1-fd41-425d-b091-e69af3eb9267,INV-000073,2023-08-21,2023-09-20,paid,2892.88,289.30,3182.18,3182.18,0.00
b52f086e-5c67-4c03-9bcf-b18af2966e0e,c3e61d8e-e415-4326-931a-cffe4ec7ba0f,134f338a-d32f-4b40-b93f-62574094c758,905f19fa-75be-4751-bcc0-8abe81c552d9,INV-000081,2023-08-24,2023-08-31,paid,3470.11,347.02,3817.13,3817.13,0.00
f63a5070-a30e-4b05-bde9-120ac1082255,c3e61d8e-e415-4326-931a-cffe4ec7ba0f,5be4ae22-6400-44c3-bc41-6179d01326ee,7809b16f-8ecc-44ad-8228-99f547841824,INV-000108,2023-09-11,2023-10-11,paid,3560.46,356.04,3916.50,3916.50,0.00
3ca705a2-3e1f-4cf6-8344-1f27e35ec7e8,c3e61d8e-e415-4326-931a-cffe4ec7ba0f,505b9ef2-279b-44d5-9456-e5141fedfec6,3bd3a2cc-e15c-4fd3-99aa-3c0628443247,INV-000138,2023-09-28,2023-10-12,paid,695.24,69.52,764.76,764.76,0.00
7b41cd57-c692-41bd-a2db-2c14b25b1576,c3e61d8e-e415-4326-931a-cffe4ec7ba0f,759f00cf-7465-4347-8e62-5ae4db1e99eb,3f83ed43-a38f-4600-98ba-22b4a23d9fb7,INV-000096,2023-09-04,2023-09-18,paid,1398.81,139.88,1538.69,1538.69,0.00
44231d11-7e32-48da-9b9a-1d6a2911ab27,c3e61d8e-e415-4326-931a-cffe4ec7ba0f,b5ac4d50-539f-41d6-84b8-fd1da0d0972a,f4b1523a-6692-4f7a-b5ef-0e39d37fc8e5,INV-000098,2023-09-06,2023-10-06,paid,471.35,47.13,518.48,518.48,0.00
ebf113f8-b459-474f-bffc-28d8cd7276b7,c3e61d8e-e415-4326-931a-cffe4ec7ba0f,990f257f-efe9-4741-b0a0-84bcf874ac1d,8f107599-0a7e-40dc-b2f4-a69c9186acdb,INV-000112,2023-09-12,2023-09-26,paid,2288.70,228.87,2517.57,2517.57,0.00
f29f3f39-e90e-4fdf-9b38-ec4781fafa72,c3e61d8e-e415-4326-931a-cffe4ec7ba0f,3de169c0-475b-44d8-a77d-b20336599db1,abbf176c-56e5-4283-adf1-3df1f9a71b8d,INV-000135,2023-09-27,2023-10-04,paid,1705.38,170.53,1875.91,1875.91,0.00
9c22ac2f-3adb-4059-9728-e4582b94e32d,c3e61d8e-e415-4326-931a-cffe4ec7ba0f,dfc3e155-fd59-4b8a-a5de-10f5ac28accf,e92d5f83-a291-4304-859a-56269be98d97,INV-000152,2023-10-06,2023-10-13,paid,150.72,15.07,165.79,165.79,0.00
d6f56a0b-68cd-4098-ab70-b042dbfd71f9,c3e61d8e-e415-4326-931a-cffe4ec7ba0f,4ce0fcf6-9ac1-4ba2-8e2a-bb88cb6e325f,0694c0cc-42c5-45f0-aa33-9a14fef01044,INV-000106,2023-09-08,2023-09-22,paid,530.03,53.00,583.03,583.03,0.00
7140d2ca-a20d-4d2e-b614-7492ff0c6bae,c3e61d8e-e415-4326-931a-cffe4ec7ba0f,990f257f-efe9-4741-b0a0-84bcf874ac1d,24e9f376-eb25-4ce9-b983-786a1ecc8408,INV-000139,2023-09-28,2023-10-12,paid,2466.18,246.63,2712.81,2712.81,0.00
a352b1c1-5bdc-4bb2-948f-09fa25c6af4d,c3e61d8e-e415-4326-931a-cffe4ec7ba0f,c8634f52-6815-493a-82a8-f3a0f008a8d4,508ac5e8-7882-4ce9-969d-3c3e95fef161,INV-000143,2023-09-29,2023-10-06,paid,794.74,79.48,874.22,874.22,0.00
e17aeb4a-0a25-4c95-ad85-e5332b961449,c3e61d8e-e415-4326-931a-cffe4ec7ba0f,796ffd27-ef20-4c73-a0ed-e5aa094edbc2,de03ac27-27c0-4aa1-952e-f72309707a2b,INV-000116,2023-09-15,2023-09-29,paid,1522.30,152.23,1674.53,1674.53,0.00
04ad5392-51fb-46c2-9bfe-ff0c9691cd2d,c3e61d8e-e415-4326-931a-cffe4ec7ba0f,796ffd27-ef20-4c73-a0ed-e5aa094edbc2,deeba65f-bba5-490e-a361-3da21e03e764,INV-000149,2023-10-05,2023-10-19,paid,2964.16,296.42,3260.58,3260.58,0.00
d8687f19-f08d-4bed-9645-9faa846eaa13,c3e61d8e-e415-4326-931a-cffe4ec7ba0f,bcc76a56-67ca-4549-bcda-33020f238fc7,95c40a16-4037-456a-8123-f7860bf61a12,INV-000132,2023-09-26,2023-10-26,paid,290.88,29.09,319.97,319.97,0.00
ada143e0-0e3d-45bd-b95b-e91fe2c85b9a,c3e61d8e-e415-4326-931a-cffe4ec7ba0f,3b4a94ba-e57a-4350-b9b9-a5985ba7749a,b87ade3c-73c7-476a-b613-80185a1b5a6f,INV-000144,2023-09-29,2023-10-06,paid,1546.83,154.68,1701.51,1701.51,0.00
698f2c35-e632-4ef5-a4ae-48e05685d2c1,c3e61d8e-e415-4326-931a-cffe4ec7ba0f,57377d82-8035-44e7-b2a6-6e45b437d1ca,61f32ea3-11a3-4503-9268-a7624b521c78,INV-000166,2023-10-17,2023-10-24,paid,3503.92,350.40,3854.32,3854.32,0.00
83a83bf2-7732-4dd1-8227-269f2b682f55,c3e61d8e-e415-4326-931a-cffe4ec7ba0f,134f338a-d32f-4b40-b93f-62574094c758,66d380f7-c322-4326-b8fb-067855dbc76e,INV-000128,2023-09-26,2023-10-03,paid,1049.47,104.95,1154.42,1154.42,0.00
8dabbd22-76a5-4388-b2f1-52e4f5a5be99,c3e61d8e-e415-4326-931a-cffe4ec7ba0f,505b9ef2-279b-44d5-9456-e5141fedfec6,e90b5486-afc8-4ee5-9dad-441b4a4bb8c5,INV-000160,2023-10-10,2023-10-24,paid,2770.24,277.02,3047.26,3047.26,0.00
c5cedd81-35f2-42f4-bca8-dbb04a6ebcc0,c3e61d8e-e415-4326-931a-cffe4ec7ba0f,7483f306-f0b6-439b-a4fe-25ea46ff276a,9319e86b-5c16-4dde-a283-15e16fac5dca,INV-000158,2023-10-09,2023-10-23,paid,920.39,92.04,1012.43,1012.43,0.00
575dcba0-8422-405c-9654-29971fdffa38,c3e61d8e-e415-4326-931a-cffe4ec7ba0f,67196b05-6b1d-4332-9908-465aaaed6f6a,a46089ba-77ca-4dcb-8209-15e00cfc44d7,INV-000136,2023-09-27,2023-10-04,paid,2466.82,246.68,2713.50,2713.50,0.00
86ce2f17-9019-4362-a40e-d6496c4c1a67,c3e61d8e-e415-4326-931a-cffe4ec7ba0f,84f867ae-1022-4f80-b44b-518942cc9e40,30d45870-caa5-4214-8ac3-66ef5b24f76a,INV-000148,2023-10-03,2023-10-10,paid,409.71,40.97,450.68,450.68,0.00
985035d7-de86-4af1-968f-4d99b250919e,c3e61d8e-e415-4326-931a-cffe4ec7ba0f,75334d0a-3476-4011-a5c2-1066fb5d4ae4,cee1cb69-3b92-4fef-9cc9-c766bc137620,INV-000103,2023-09-08,2023-10-08,paid,1832.92,183.30,2016.22,2016.22,0.00
accbe04d-920b-408d-829d-291067b4ce0b,c3e61d8e-e415-4326-931a-cffe4ec7ba0f,4ce0fcf6-9ac1-4ba2-8e2a-bb88cb6e325f,908fbfd5-3124-403c-9957-eade679e907b,INV-000168,2023-10-17,2023-10-31,paid,1750.98,175.11,1926.09,1926.09,0.00
06c9fbf4-1c45-4983-b44a-43c85ae043af,c3e61d8e-e415-4326-931a-cffe4ec7ba0f,759f00cf-7465-4347-8e62-5ae4db1e99eb,61c55493-b722-42b3-a5ef-83766770c617,INV-000157,2023-10-09,2023-10-23,paid,2225.71,222.57,2448.28,2448.28,0.00
17ead72b-6244-403e-ab25-d62ea0ce2543,c3e61d8e-e415-4326-931a-cffe4ec7ba0f,759f00cf-7465-4347-8e62-5ae4db1e99eb,d8d0c4b8-58f2-4691-840c-3237eff9ce6c,INV-000130,2023-09-26,2023-10-10,paid,1777.68,177.77,1955.45,1955.45,0.00
3dc11244-1582-4809-ab08-8e762c1c6769,c3e61d8e-e415-4326-931a-cffe4ec7ba0f,f26be769-d99e-48d2-96bb-8ca7ee72848a,8165dab6-cff9-440e-9574-f84b37b8c4e8,INV-000137,2023-09-27,2023-10-11,paid,2156.00,215.60,2371.60,2371.60,0.00
52f69f10-8e9d-4520-afd8-359dc15e46c8,c3e61d8e-e415-4326-931a-cffe4ec7ba0f,269a4c57-981d-472a-8875-65469b6a0d1f,f73ec734-e3a2-4f17-8856-44bd178f4837,INV-000147,2023-10-03,2023-11-02,partially_paid,3100.25,310.03,3410.28,1265.20,2145.08
c2ff585a-9c4b-4a03-8418-36bf1bcb5a32,c3e61d8e-e415-4326-931a-cffe4ec7ba0f,493a70c8-08ba-4d83-b0aa-eb42ac86b3ee,099c1d75-8837-4951-b44f-0bf8cb262850,INV-000125,2023-09-21,2023-10-21,paid,1630.52,163.05,1793.57,1793.57,0.00
3acb12c0-2635-4e08-9c74-2f8eef45144d,c3e61d8e-e415-4326-931a-cffe4ec7ba0f,0cd926ff-d57e-4f25-9a5f-0e93254a0ffd,17abd367-9d42-4021-8024-06f29abb7842,INV-000173,2023-10-19,2023-10-26,paid,814.23,81.44,895.67,895.67,0.00
75485971-9078-4a38-bde6-4d071cc893fc,c3e61d8e-e415-4326-931a-cffe4ec7ba0f,2df0c0bc-cc19-41ff-8b2a-da234b36113e,9afe8b05-bb98-4463-b665-7d7b818dea98,INV-000140,2023-09-28,2023-10-28,paid,5101.44,510.14,5611.58,5611.58,0.00
d69d9c08-0f4d-4f7e-ad5a-a67c090cf9d3,c3e61d8e-e415-4326-931a-cffe4ec7ba0f,67522178-f149-4163-a565-5df8bd4009af,f36fefbb-369a-44d9-9572-40cf762c101b,INV-000165,2023-10-17,2023-10-31,paid,2896.98,289.70,3186.68,3186.68,0.00
4bf62118-bfea-469a-ae1a-21a00825e792,c3e61d8e-e415-4326-931a-cffe4ec7ba0f,18a3a0b3-83a9-40a3-9b04-269f953b9330,04fe9cdb-8707-4a65-a83d-a947481c31a9,INV-000111,2023-09-12,2023-10-12,paid,5323.15,532.31,5855.46,5855.46,0.00
2f29ed3a-8c4c-4e8f-af3a-9240b2c29ab6,c3e61d8e-e415-4326-931a-cffe4ec7ba0f,67522178-f149-4163-a565-5df8bd4009af,98a5d9c4-bc57-4b27-8b19-510b9181a5e2,INV-000169,2023-10-18,2023-11-01,paid,945.75,94.57,1040.32,1040.32,0.00
65bfa0a1-b4de-49cf-a8ff-e18baef04374,c3e61d8e-e415-4326-931a-cffe4ec7ba0f,7483f306-f0b6-439b-a4fe-25ea46ff276a,7915dc22-9f7e-421e-b8d3-350c5597452c,INV-000170,2023-10-18,2023-11-01,paid,326.04,32.60,358.64,358.64,0.00
8cccf0e6-af8a-42d4-a936-d0f2e33b96ba,c3e61d8e-e415-4326-931a-cffe4ec7ba0f,1e200387-86be-4c4f-9cd7-36661e04e660,dd8905b0-66cb-4953-bdc5-f6196c6d6654,INV-000178,2023-10-20,2023-10-27,paid,1725.13,172.52,1897.65,1897.65,0.00
92c23736-a01e-4bdb-9ea3-8d3c8d7cdb7c,c3e61d8e-e415-4326-931a-cffe4ec7ba0f,902ff6c1-f824-41a8-8f62-0f74dc915615,332462de-ce5d-4569-9853-f854a06b51fd,INV-000180,2023-10-20,2023-10-27,paid,2345.04,234.50,2579.54,2579.54,0.00
c4465cd0-6bd7-43d5-b30c-a4143d3befb8,c3e61d8e-e415-4326-931a-cffe4ec7ba0f,134f338a-d32f-4b40-b93f-62574094c758,088b0497-83e3-410a-b39a-db00f04c235d,INV-000156,2023-10-09,2023-10-16,paid,900.99,90.10,991.09,991.09,0.00
050702af-98c1-43be-ad96-c5c185f686ef,c3e61d8e-e415-4326-931a-cffe4ec7ba0f,2df0c0bc-cc19-41ff-8b2a-da234b36113e,a98f6eb1-fab3-4852-bf36-5aa60759dfba,INV-000127,2023-09-25,2023-10-25,paid,840.80,84.08,924.88,924.88,0.00
0b3af42a-eb1c-4d56-914b-73c4821f05e0,c3e61d8e-e415-4326-931a-cffe4ec7ba0f,3a2af4d6-6183-4a9b-90ea-d32eabf6b64b,00b9dff2-eedb-4ae0-b52a-c05e9d9b4af4,INV-000117,2023-09-15,2023-10-15,paid,1832.46,183.25,2015.71,2015.71,0.00
d18fccd2-43a6-41a3-8a86-e1c9d8ab8578,c3e61d8e-e415-4326-931a-cffe4ec7ba0f,493a70c8-08ba-4d83-b0aa-eb42ac86b3ee,dd1e4a44-6333-47ee-9bdd-b9ab298fced7,INV-000110,2023-09-12,2023-10-12,paid,3657.75,365.79,4023.54,4023.54,0.00
ef98e832-96ff-4326-97ac-c8ed2741a7dc,c3e61d8e-e415-4326-931a-cffe4ec7ba0f,6fd6968c-c8e8-4aab-a786-3f1142204c45,ef4c0b33-6225-4313-b240-f188cf47044d,INV-000174,2023-10-19,2023-11-18,paid,274.75,27.48,302.23,302.23,0.00
35ae47d2-3a19-4fb8-9508-6bd21b4d92f6,c3e61d8e-e415-4326-931a-cffe4ec7ba0f,274a35f9-2b44-429b-bf29-a6fea06d7c6b,d85f3a10-d802-42f8-8453-c97abb6e4ce8,INV-000071,2023-08-18,2023-08-25,paid,459.61,45.96,505.57,505.57,0.00
940da432-b973-451b-9d02-0dc8f723a233,c3e61d8e-e415-4326-931a-cffe4ec7ba0f,9a4d040e-fd8f-4d1c-88aa-ea0657ea910b,2c4811d9-cb1a-44c3-b09a-0ab69ceba3c3,INV-000172,2023-10-19,2023-11-02,paid,1808.53,180.86,1989.39,1989.39,0.00
e529860f-898a-4c4c-8e1d-15a6506577bc,c3e61d8e-e415-4326-931a-cffe4ec7ba0f,269a4c57-981d-472a-8875-65469b6a0d1f,c437783f-941a-42e0-a121-e0c58da12452,INV-000188,2023-10-24,2023-11-23,paid,2810.31,281.03,3091.34,3091.34,0.00
f0374147-4463-46dc-8612-22b968588ee4,c3e61d8e-e415-4326-931a-cffe4ec7ba0f,bcc76a56-67ca-4549-bcda-33020f238fc7,3b4d57a0-7cdf-468c-9943-a44c20d9d721,INV-000102,2023-09-07,2023-10-07,paid,1600.34,160.04,1760.38,1760.38,0.00
2c12b0f0-1a47-4840-b02a-4dab32a96a20,c3e61d8e-e415-4326-931a-cffe4ec7ba0f,493a70c8-08ba-4d83-b0aa-eb42ac86b3ee,d40c96ae-a4e5-47ed-9557-44079eb497ba,INV-000194,2023-10-26,2023-11-25,paid,38.31,3.83,42.14,42.14,0.00
2cf6773e-0751-4130-a26f-f63ac12d1e10,c3e61d8e-e415-4326-931a-cffe4ec7ba0f,2df0c0bc-cc19-41ff-8b2a-da234b36113e,28fef293-f1f7-4309-95ce-29e587ffb78e,INV-000150,2023-10-05,2023-11-04,paid,2053.18,205.31,2258.49,2258.49,0.00
6b5d4288-3f9d-435f-a1a0-33684e657675,c3e61d8e-e415-4326-931a-cffe4ec7ba0f,aa7269fe-47d7-40f4-89f8-b4bc9127d7bd,fc518b68-84e7-403d-b6c3-c7b86dadadd6,INV-000159,2023-10-10,2023-11-09,paid,1928.59,192.87,2121.46,2121.46,0.00
a56f3d41-3c1c-4e17-917e-b5d6bba6f39a,c3e61d8e-e415-4326-931a-cffe4ec7ba0f,79ee62e8-ee1b-43dc-bb15-bbf8475dab51,2e280113-32d9-4acf-a6ef-68c3cac3458d,INV-000210,2023-11-01,2023-12-01,paid,1558.79,155.88,1714.67,1714.67,0.00
ff5ac417-82eb-40b2-9443-e5bc1750b9b3,c3e61d8e-e415-4326-931a-cffe4ec7ba0f,b355d0ca-9c91-4912-a73f-d7b5cd5ab9c0,7894edff-7a01-4198-b3fe-bebb4dd79254,INV-000162,2023-10-11,2023-10-25,paid,854.38,85.44,939.82,939.82,0.00
f81d56dc-ad20-4814-aeff-0656dc3e9042,c3e61d8e-e415-4326-931a-cffe4ec7ba0f,2816264c-276b-4269-8416-7cf22c1d0af8,87c2a4ac-df4f-4250-a72e-1725beaa935d,INV-000177,2023-10-20,2023-11-03,paid,34.45,3.45,37.90,37.90,0.00
57bf487d-7813-442e-a65e-e6a396f1f749,c3e61d8e-e415-4326-931a-cffe4ec7ba0f,67522178-f149-4163-a565-5df8bd4009af,7f1ff8cc-5a51-4e10-9979-67fcc39d9ab5,INV-000134,2023-09-27,2023-10-11,paid,1406.05,140.61,1546.66,1546.66,0.00
d243336d-0531-4678-b93c-cbe604144b5a,c3e61d8e-e415-4326-931a-cffe4ec7ba0f,0fd2e4ee-e589-4aa3-b966-010da166bc2a,f022138b-48de-46dd-81de-64d3cc1189ec,INV-000184,2023-10-23,2023-11-06,paid,1357.44,135.74,1493.18,1493.18,0.00
0ab6c505-e9e3-43bc-b0bf-b08d0d4ef672,c3e61d8e-e415-4326-931a-cffe4ec7ba0f,bcc76a56-67ca-4549-bcda-33020f238fc7,73a347ae-41f3-4b7f-aca4-48b499690695,INV-000175,2023-10-19,2023-11-18,partially_paid,46.14,4.61,50.75,21.41,29.34
5e0830b5-2d03-40c1-8cb8-ca67b11c9e37,c3e61d8e-e415-4326-931a-cffe4ec7ba0f,0cd926ff-d57e-4f25-9a5f-0e93254a0ffd,a23bf5a3-3d5d-44cf-a2ed-d695a610641f,INV-000193,2023-10-25,2023-11-01,paid,220.64,22.06,242.70,242.70,0.00
18841abf-2a3e-4aad-909d-1c30921c7211,c3e61d8e-e415-4326-931a-cffe4ec7ba0f,84f867ae-1022-4f80-b44b-518942cc9e40,075edde0-67d7-4c9f-b6c7-ec78b4e1307f,INV-000196,2023-10-26,2023-11-02,paid,3992.13,399.20,4391.33,4391.33,0.00
47686c0a-01fc-418f-8d2b-fe0c6d2a1076,c3e61d8e-e415-4326-931a-cffe4ec7ba0f,b355d0ca-9c91-4912-a73f-d7b5cd5ab9c0,8e885b73-48b1-41ce-9b9c-6703e64e207e,INV-000211,2023-11-01,2023-11-15,paid,2277.64,227.78,2505.42,2505.42,0.00
77d5a06f-02d2-425a-a8ca-bc20b9f8ded7,c3e61d8e-e415-4326-931a-cffe4ec7ba0f,9b195647-be5f-4dca-a888-c92eca85e957,34d32e90-3ca8-40bc-bba6-9dced70d722b,INV-000202,2023-10-30,2023-11-13,paid,667.31,66.73,734.04,734.04,0.00
b053eb01-120f-408f-a7ba-85138143824b,c3e61d8e-e415-4326-931a-cffe4ec7ba0f,67522178-f149-4163-a565-5df8bd4009af,6941114d-ef93-46c1-878e-20abda8cd4e6,INV-000142,2023-09-29,2023-10-13,paid,2919.44,291.95,3211.39,3211.39,0.00
c0b25007-3349-4f59-9611-74a27e8cd505,c3e61d8e-e415-4326-931a-cffe4ec7ba0f,b355d0ca-9c91-4912-a73f-d7b5cd5ab9c0,9e63ffc9-70fa-43eb-a607-eba6a027d8d4,INV-000185,2023-10-23,2023-11-06,paid,5690.79,569.08,6259.87,6259.87,0.00
39010c3a-259a-4553-a057-b0875630fc64,c3e61d8e-e415-4326-931a-cffe4ec7ba0f,bcc76a56-67ca-4549-bcda-33020f238fc7,7f3fd5e2-73a3-415f-8a8c-edb59bdb4bbe,INV-000236,2023-11-09,2023-12-09,paid,555.39,55.54,610.93,610.93,0.00
4040dff2-e853-464d-9802-581988ad0983,c3e61d8e-e415-4326-931a-cffe4ec7ba0f,759f00cf-7465-4347-8e62-5ae4db1e99eb,1dee38c4-1b84-4e7d-9b9b-fb896045657e,INV-000195,2023-10-26,2023-11-09,paid,734.47,73.45,807.92,807.92,0.00
5cf106e1-3804-4632-af9d-eee1f87ea884,c3e61d8e-e415-4326-931a-cffe4ec7ba0f,beae18dc-8a3e-4088-9502-6e0d2d27fa54,1235f912-18da-418f-872d-cf58a3959253,INV-000192,2023-10-25,2023-11-24,paid,2634.08,263.40,2897.48,2897.48,0.00
d1c47949-0e73-4d14-8004-1c8a3c13a7fd,c3e61d8e-e415-4326-931a-cffe4ec7ba0f,9f59260b-c82a-4a66-9302-44e60ffc065d,77de3f6a-a39a-4a28-b83f-48e96e02aa76,INV-000141,2023-09-28,2023-10-05,paid,2143.19,214.33,2357.52,2357.52,0.00
1d35fe2e-4ab5-483d-ab68-de7395b3d2b9,c3e61d8e-e415-4326-931a-cffe4ec7ba0f,902ff6c1-f824-41a8-8f62-0f74dc915615,41816166-c8f9-4c7b-a0c2-a2d61a21c15c,INV-000213,2023-11-02,2023-11-09,paid,4308.67,430.87,4739.54,4739.54,0.00
26bb5a11-ae91-42b3-9fc7-d57fb727e913,c3e61d8e-e415-4326-931a-cffe4ec7ba0f,18a3a0b3-83a9-40a3-9b04-269f953b9330,43b8c230-d07c-4973-b398-5ca2c579028b,INV-000215,2023-11-03,2023-12-03,paid,958.88,95.89,1054.77,1054.77,0.00
0466053f-8e97-4473-955b-de013102fd42,c3e61d8e-e415-4326-931a-cffe4ec7ba0f,c01fb635-968e-4d9f-8316-fa216ee80395,4b0830ca-5028-4981-80ec-77729c0ca8e8,INV-000161,2023-10-11,2023-11-10,paid,3532.13,353.22,3885.35,3885.35,0.00
2c8d8762-bf7f-4c82-a00c-2aa2f675b27d,c3e61d8e-e415-4326-931a-cffe4ec7ba0f,c8634f52-6815-493a-82a8-f3a0f008a8d4,8c847411-4581-4eb4-b009-617f6ce1837a,INV-000240,2023-11-13,2023-11-20,partially_paid,2166.90,216.69,2383.59,953.46,1430.13
3b30d59a-6ada-488f-979d-68f2732c5220,c3e61d8e-e415-4326-931a-cffe4ec7ba0f,9b195647-be5f-4dca-a888-c92eca85e957,ffc82c1a-67be-4a44-867f-6ad4fbec5dae,INV-000205,2023-10-31,2023-11-14,paid,659.60,65.96,725.56,725.56,0.00
769be8b0-bc24-4d14-ae45-00ba034a30d6,c3e61d8e-e415-4326-931a-cffe4ec7ba0f,134f338a-d32f-4b40-b93f-62574094c758,126f64c2-e6b3-44c2-8b19-f5a307dd573c,INV-000171,2023-10-19,2023-10-26,paid,3889.18,388.92,4278.10,4278.10,0.00
7a046f54-265d-44f5-9dfd-fc043810f4e4,c3e61d8e-e415-4326-931a-cffe4ec7ba0f,41d190a9-9085-481b-98b1-41af737e87c5,5f83a241-fd67-41a5-ad81-76ec7826951c,INV-000218,2023-11-03,2023-11-17,paid,849.14,84.91,934.05,934.05,0.00
8119535e-1865-4cbb-8742-2e6289d346d3,c3e61d8e-e415-4326-931a-cffe4ec7ba0f,b355d0ca-9c91-4912-a73f-d7b5cd5ab9c0,5f99f4c2-f080-44ee-9746-1fe5a13a2bfd,INV-000204,2023-10-30,2023-11-13,paid,50.24,5.02,55.26,55.26,0.00
d50eb1cd-e032-4fa0-ae4d-d1fef189db54,c3e61d8e-e415-4326-931a-cffe4ec7ba0f,9b195647-be5f-4dca-a888-c92eca85e957,24a3fe23-c6f8-4363-b898-7118c47dac4a,INV-000190,2023-10-24,2023-11-07,paid,3834.32,383.44,4217.76,4217.76,0.00
19484738-e3f7-47fe-b9e9-3bcd13e8112d,c3e61d8e-e415-4326-931a-cffe4ec7ba0f,79ee62e8-ee1b-43dc-bb15-bbf8475dab51,748fce59-8439-41c0-b736-f0c118e958ee,INV-000181,2023-10-20,2023-11-19,paid,2367.36,236.73,2604.09,2604.09,0.00
1ffa4e87-ab3e-4fb3-93e2-8cc7d62651f4,c3e61d8e-e415-4326-931a-cffe4ec7ba0f,954da84d-fa7a-488e-990a-b67c50829b15,68a5a1fb-5d60-4423-9d16-4cfb11a650b6,INV-000167,2023-10-17,2023-11-16,partially_paid,3127.53,312.76,3440.29,2470.64,969.65
620b3721-ddb2-4037-bda8-d10bde72e4c4,c3e61d8e-e415-4326-931a-cffe4ec7ba0f,b355d0ca-9c91-4912-a73f-d7b5cd5ab9c0,c40bc553-8a44-410c-85e2-bba8ec67f534,INV-000251,2023-11-14,2023-11-28,paid,1187.58,118.76,1306.34,1306.34,0.00
03d37191-d495-4b74-b05c-145a82c53868,c3e61d8e-e415-4326-931a-cffe4ec7ba0f,8cdec6d1-9eb7-43d7-8d92-dafbc8eac609,b7870b67-4ca2-43dc-8c05-46d9d4d5cc66,INV-000222,2023-11-06,2023-11-20,paid,3125.93,312.60,3438.53,3438.53,0.00
3d2b5c5f-50bd-42e4-97e2-38d87e6d5823,c3e61d8e-e415-4326-931a-cffe4ec7ba0f,84f867ae-1022-4f80-b44b-518942cc9e40,3849b6a3-7f4f-4d51-aa27-042d62787340,INV-000239,2023-11-10,2023-11-17,paid,5459.59,545.97,6005.56,6005.56,0.00
4a09f686-c286-451a-8260-2c156bff31c3,c3e61d8e-e415-4326-931a-cffe4ec7ba0f,c8634f52-6815-493a-82a8-f3a0f008a8d4,87dad800-e548-4adc-935a-9cbb4390a83d,INV-000189,2023-10-24,2023-10-31,paid,1699.90,170.00,1869.90,1869.90,0.00
4de66d63-6c54-417c-b711-c38e965d895e,c3e61d8e-e415-4326-931a-cffe4ec7ba0f,b355d0ca-9c91-4912-a73f-d7b5cd5ab9c0,d3e078d7-e3aa-495e-a97d-fbd789a27d81,INV-000176,2023-10-19,2023-11-02,paid,815.10,81.51,896.61,896.61,0.00
5a4646ba-1dec-4307-ab6f-be17071477a6,c3e61d8e-e415-4326-931a-cffe4ec7ba0f,c8634f52-6815-493a-82a8-f3a0f008a8d4,852c319f-1a3a-49c0-b25a-1f5b7dc2a62d,INV-000247,2023-11-14,2023-11-21,paid,2411.08,241.11,2652.19,2652.19,0.00
2452aa3d-ec58-4b20-af54-0e2d26587f51,c3e61d8e-e415-4326-931a-cffe4ec7ba0f,667e3279-011e-47db-8e70-a02d6687e9eb,944ab365-1ac5-4db9-abcd-fb4f2971f9c7,INV-000191,2023-10-24,2023-11-23,paid,2319.96,232.00,2551.96,2551.96,0.00
3e09f01e-bcaf-463f-b888-1d6e469f0ad1,c3e61d8e-e415-4326-931a-cffe4ec7ba0f,902ff6c1-f824-41a8-8f62-0f74dc915615,f35aeaf2-360f-4e58-9670-ca75b517c33d,INV-000242,2023-11-13,2023-11-20,paid,406.57,40.66,447.23,447.23,0.00
