id,order_id,product_id,description,quantity,unit_price,discount_percent,line_total,gst_amount
da2c3187-abd4-4625-ae10-968451b5d323,9c0e1c03-8303-4011-92e9-1ef93b327150,b9ae3e12-d4f1-4d77-8c96-1e7466d60cdf,Camping Tent 2-Person,10,171.87,0.00,1718.70,171.87
ab237b13-234e-4895-a580-eabc0fc2da61,59eacb39-fcd7-463e-927d-a620c96c948f,3a274fe9-e93d-4cfd-8eb2-f97751e43367,Dry Bag 20L,1,25.12,5.00,23.86,2.39
569c81ce-00c3-482d-af01-30b16b411294,59eacb39-fcd7-463e-927d-a620c96c948f,458ebebb-1262-4530-b0a9-ad1b679b6667,Sleeping Bag - Premium,1,173.13,0.00,173.13,17.31
6ceffa8b-22b7-4f93-8d1f-c52bd997790b,59eacb39-fcd7-463e-927d-a620c96c948f,5efadb73-4149-4fee-9142-11bc5c3aae7a,Compass - Professional,7,38.31,0.00,268.17,26.82
709257b1-f80e-4d2a-b03f-8ad194f267b4,59eacb39-fcd7-463e-927d-a620c96c948f,ba1f94d1-03c9-4dd4-a89f-f65c98a179c5,Camping Chair - Foldable,9,46.33,0.00,416.97,41.70
489ac722-6aab-479a-9388-3a24653eded3,99ab1dad-36df-46ca-bfad-73b26e0edd6f,ab67eed1-8719-4cb2-be77-c5e083a57a2f,Cooler Box 40L,5,92.05,0.00,460.25,46.03
429a2c34-1239-460e-827b-78a0f05b2145,99ab1dad-36df-46ca-bfad-73b26e0edd6f,ac3446f6-9e63-4076-89cd-f1c89675a42b,Trekking Poles - Pair,7,65.78,15.00,391.39,39.14
b4c87d04-58fa-4248-948b-efd753518dd2,99ab1dad-36df-46ca-bfad-73b26e0edd6f,ccda4206-2a1f-45bc-b24d-c1ed3c349fc6,Waterproof Jacket,2,99.32,0.00,198.64,19.86
8a345b69-e6db-4eb4-b535-e5c9472ca83a,99ab1dad-36df-46ca-bfad-73b26e0edd6f,e2c0cd62-99f2-468e-aa5e-9dbe44e619b2,Head Torch LED,3,29.88,0.00,89.64,8.96
2f07c9c5-28f3-4eac-b74c-855014383d46,99ab1dad-36df-46ca-bfad-73b26e0edd6f,3f330271-554e-45b0-a931-2e035437be0f,Camping Table,9,69.41,0.00,624.69,62.47
34398012-2b26-435c-a3b6-90469b26078e,99ab1dad-36df-46ca-bfad-73b26e0edd6f,14e64280-bd03-48c5-a021-4bb29426c007,Gas Stove - Portable,2,57.01,0.00,114.02,11.40
cc1cccb4-dec8-484f-86df-e7ea3df33ab4,99ab1dad-36df-46ca-bfad-73b26e0edd6f,72f14575-a2a4-4b1b-a259-b8926c672424,Fleece Pullover,10,54.95,10.00,494.55,49.46
783e1a5c-07f4-41f9-be51-340ee5a4f73c,99ab1dad-36df-46ca-bfad-73b26e0edd6f,02232172-9b28-4bc5-9a70-c230b5281f0b,Hiking Boots - Men's,7,153.69,0.00,1075.83,107.58
4ba752e0-b45f-44c2-9b82-b86c10bf138b,baa127d1-2f4c-463d-a303-49d3c023bf2b,ac3446f6-9e63-4076-89cd-f1c89675a42b,Trekking Poles - Pair,7,65.78,0.00,460.46,46.05
5f7c2d53-5a53-4bf7-90c9-98f5f2c92b45,1836aa1d-1872-49d8-8039-d648c5d22ea1,3f330271-554e-45b0-a931-2e035437be0f,Camping Table,10,69.41,0.00,694.10,69.41
98c51143-dc8b-4a28-89b1-399ee2237767,1836aa1d-1872-49d8-8039-d648c5d22ea1,ba1f94d1-03c9-4dd4-a89f-f65c98a179c5,Camping Chair - Foldable,4,46.33,0.00,185.32,18.53
0b5669ce-9242-4583-a4ac-fbfd66c552d9,1836aa1d-1872-49d8-8039-d648c5d22ea1,ccda4206-2a1f-45bc-b24d-c1ed3c349fc6,Waterproof Jacket,2,99.32,0.00,198.64,19.86
0e7f4b76-aed1-4ebe-8284-0b4c515d017b,1836aa1d-1872-49d8-8039-d648c5d22ea1,458ebebb-1262-4530-b0a9-ad1b679b6667,Sleeping Bag - Premium,5,173.13,0.00,865.65,86.57
f53e98de-e751-42cc-9a22-6ec387d7077c,1836aa1d-1872-49d8-8039-d648c5d22ea1,3541c0c2-9298-46bb-af9c-9c7e99c57a6b,Gas Canister 220g,2,8.63,0.00,17.26,1.73
cbb3d7b7-ec78-4b60-a5c4-b01546f8a518,1836aa1d-1872-49d8-8039-d648c5d22ea1,5efadb73-4149-4fee-9142-11bc5c3aae7a,Compass - Professional,2,38.31,0.00,76.62,7.66
ee73cd44-7d54-4bbc-b96a-ba206c491932,1836aa1d-1872-49d8-8039-d648c5d22ea1,ec4396bb-df34-4008-b3a1-8df59548d90b,Hammock,9,46.14,0.00,415.26,41.53
9b394592-befd-45a6-935f-3372b681c1a3,75c09918-952d-4b6c-b027-530152859e7b,72f14575-a2a4-4b1b-a259-b8926c672424,Fleece Pullover,3,54.95,0.00,164.85,16.49
c1828794-8c0e-445e-bedc-20830c7518c8,75c09918-952d-4b6c-b027-530152859e7b,8cbbcfea-3fb3-4b97-b7ec-34856562714c,Hiking Boots - Women's,1,166.42,0.00,166.42,16.64
2377249f-4873-4745-959e-a8f625b37997,75c09918-952d-4b6c-b027-530152859e7b,b05fe347-f0dc-48dc-8a47-eceb4e9ca472,Water Bottle 1L,1,20.22,0.00,20.22,2.02
81127f3e-542c-47c0-b924-3682287e2910,75c09918-952d-4b6c-b027-530152859e7b,ba1f94d1-03c9-4dd4-a89f-f65c98a179c5,Camping Chair - Foldable,2,46.33,15.00,78.76,7.88
50863486-33f2-47ad-b319-9e0d4894f15b,75c09918-952d-4b6c-b027-530152859e7b,48d49bf7-960a-4044-99ed-dc299470a464,Sleeping Bag - Standard,2,81.51,0.00,163.02,16.30
3ffe58ae-f7b1-4886-833a-8804cc95a055,75c09918-952d-4b6c-b027-530152859e7b,14e64280-bd03-48c5-a021-4bb29426c007,Gas Stove - Portable,6,57.01,10.00,307.85,30.79
328f90bf-4b3d-4c2d-b92b-edd004caaf8a,75c09918-952d-4b6c-b027-530152859e7b,3a274fe9-e93d-4cfd-8eb2-f97751e43367,Dry Bag 20L,10,25.12,0.00,251.20,25.12
3eeb6578-068e-4f7a-952a-d7a4fa62a212,e1f540c0-de04-44b2-b339-2920cb75bc9e,ba1f94d1-03c9-4dd4-a89f-f65c98a179c5,Camping Chair - Foldable,9,46.33,0.00,416.97,41.70
e111b296-3ada-4fcd-b666-b70489751d5e,e1f540c0-de04-44b2-b339-2920cb75bc9e,ab67eed1-8719-4cb2-be77-c5e083a57a2f,Cooler Box 40L,7,92.05,0.00,644.35,64.44
0477f132-3c50-4fcf-b0d0-3b671b1d484d,e1f540c0-de04-44b2-b339-2920cb75bc9e,458ebebb-1262-4530-b0a9-ad1b679b6667,Sleeping Bag - Premium,5,173.13,0.00,865.65,86.57
a2887d9c-6777-4ea1-b6f9-7206d715835e,e1f540c0-de04-44b2-b339-2920cb75bc9e,3beae68d-3060-4daa-8c3f-101e450ce2bd,First Aid Kit,10,33.41,0.00,334.10,33.41
8b604441-2c09-422b-94de-4a6bc25de20a,e1f540c0-de04-44b2-b339-2920cb75bc9e,cb181b90-6f4d-4ed9-9c25-6e9becdb2683,Insect Repellent,10,13.05,0.00,130.50,13.05
785853a4-04bc-48e0-9ade-07a45fb9afdd,22adf09b-3f0a-421a-88d0-be5af211b29a,0174809a-be6f-49c0-a566-868ed281c4af,Camping Tent 4-Person,1,314.42,0.00,314.42,31.44
664413de-0cc0-400d-9bdf-d4de3bcd878a,22adf09b-3f0a-421a-88d0-be5af211b29a,3541c0c2-9298-46bb-af9c-9c7e99c57a6b,Gas Canister 220g,2,8.63,0.00,17.26,1.73
3f993ddd-e3ec-40c9-aec0-bcd83ecc931a,ac8bd3fe-e2ba-47ae-8d88-a1f74b6ab008,838f226e-dd6f-486a-ac01-d579e40dbb14,Sunscreen SPF50+,9,15.04,0.00,135.36,13.54
c020021e-ad5d-4e92-b7bd-2d40fcfad86f,ac8bd3fe-e2ba-47ae-8d88-a1f74b6ab008,3a57db65-80d7-46bb-8a38-83ee8f366607,Camping Lantern,2,37.67,0.00,75.34,7.53
fafc7fd3-c1a2-49e2-a501-42d514ee2b64,ac8bd3fe-e2ba-47ae-8d88-a1f74b6ab008,48d49bf7-960a-4044-99ed-dc299470a464,Sleeping Bag - Standard,5,81.51,0.00,407.55,40.76
d41cddce-4dc4-425e-9949-bea1e7681433,ac8bd3fe-e2ba-47ae-8d88-a1f74b6ab008,ba1f94d1-03c9-4dd4-a89f-f65c98a179c5,Camping Chair - Foldable,7,46.33,0.00,324.31,32.43
94635192-d1d8-494f-980d-20d7f85a86cb,ac8bd3fe-e2ba-47ae-8d88-a1f74b6ab008,ccda4206-2a1f-45bc-b24d-c1ed3c349fc6,Waterproof Jacket,3,99.32,0.00,297.96,29.80
85ffcd7d-fa75-4396-9351-99b0195b9b94,ac8bd3fe-e2ba-47ae-8d88-a1f74b6ab008,8cbbcfea-3fb3-4b97-b7ec-34856562714c,Hiking Boots - Women's,2,166.42,0.00,332.84,33.28
9e139be5-125f-4bb6-9ff5-dd82b91f70c9,06c96913-4484-4352-8e85-f9694623eff7,b9ae3e12-d4f1-4d77-8c96-1e7466d60cdf,Camping Tent 2-Person,3,171.87,0.00,515.61,51.56
3ed13f1f-2b0e-4df5-86a9-2d2f3e0c1624,06c96913-4484-4352-8e85-f9694623eff7,8cbbcfea-3fb3-4b97-b7ec-34856562714c,Hiking Boots - Women's,1,166.42,0.00,166.42,16.64
c1a238d3-fc73-402c-b740-f067239a8277,06c96913-4484-4352-8e85-f9694623eff7,838f226e-dd6f-486a-ac01-d579e40dbb14,Sunscreen SPF50+,8,15.04,0.00,120.32,12.03
418887e9-8d1d-43b5-b44b-67881d996e63,06c96913-4484-4352-8e85-f9694623eff7,25a56c2a-d003-4be9-92eb-a017a976140a,Hiking Backpack 65L,10,149.62,0.00,1496.20,149.62
3d645ded-f6cf-4af4-9ce7-cfc6962262fb,06c96913-4484-4352-8e85-f9694623eff7,3541c0c2-9298-46bb-af9c-9c7e99c57a6b,Gas Canister 220g,8,8.63,0.00,69.04,6.90
946d0171-2688-48b7-8081-04a95f5ab075,06c96913-4484-4352-8e85-f9694623eff7,ab67eed1-8719-4cb2-be77-c5e083a57a2f,Cooler Box 40L,9,92.05,0.00,828.45,82.85
deb081a0-8808-4494-b8ba-036d859fe223,06c96913-4484-4352-8e85-f9694623eff7,3a274fe9-e93d-4cfd-8eb2-f97751e43367,Dry Bag 20L,10,25.12,0.00,251.20,25.12
d1e87e69-1d91-44d3-8d84-b028f88384a9,9c8b2ed7-485a-49b4-836c-ab702cf9e09a,8cbbcfea-3fb3-4b97-b7ec-34856562714c,Hiking Boots - Women's,2,166.42,0.00,332.84,33.28
dacf5994-0503-449d-b48f-2f5649dc82a9,9c8b2ed7-485a-49b4-836c-ab702cf9e09a,72f14575-a2a4-4b1b-a259-b8926c672424,Fleece Pullover,7,54.95,0.00,384.65,38.47
9336a901-24f5-4b7a-b5fc-336d838c4b91,12b17c0b-995b-4420-a2ac-2d3e7f61d058,3f330271-554e-45b0-a931-2e035437be0f,Camping Table,9,69.41,0.00,624.69,62.47
1fd4a9dd-8f20-4d6c-aaa5-ac24ef18da6e,12b17c0b-995b-4420-a2ac-2d3e7f61d058,ab67eed1-8719-4cb2-be77-c5e083a57a2f,Cooler Box 40L,9,92.05,0.00,828.45,82.85
6f2aa71a-5269-4212-8dd5-c204950331db,02eefd32-a825-4251-9c62-ea99728fb9c0,e2c0cd62-99f2-468e-aa5e-9dbe44e619b2,Head Torch LED,5,29.88,15.00,126.99,12.70
e6ad0eec-92d2-4e24-a989-a32e5d0caa6c,02eefd32-a825-4251-9c62-ea99728fb9c0,ac3446f6-9e63-4076-89cd-f1c89675a42b,Trekking Poles - Pair,1,65.78,0.00,65.78,6.58
99fb9e1f-8c74-4e58-b1c7-2a275fc110e4,02eefd32-a825-4251-9c62-ea99728fb9c0,02232172-9b28-4bc5-9a70-c230b5281f0b,Hiking Boots - Men's,6,153.69,0.00,922.14,92.21
543b5666-d487-451d-be97-a6930b4dbe3b,02eefd32-a825-4251-9c62-ea99728fb9c0,11eb3581-838f-45b7-bb2a-b9c485585632,Hiking Backpack 40L,5,111.84,0.00,559.20,55.92
30851496-1ec2-46ea-b3d2-7ee2f173b126,02eefd32-a825-4251-9c62-ea99728fb9c0,b05fe347-f0dc-48dc-8a47-eceb4e9ca472,Water Bottle 1L,1,20.22,10.00,18.20,1.82
14292420-bba6-4a24-a7a5-bdb6a907a66a,02eefd32-a825-4251-9c62-ea99728fb9c0,3541c0c2-9298-46bb-af9c-9c7e99c57a6b,Gas Canister 220g,7,8.63,0.00,60.41,6.04
12198864-8ef3-4c88-86ea-f69972b2070a,02eefd32-a825-4251-9c62-ea99728fb9c0,25a56c2a-d003-4be9-92eb-a017a976140a,Hiking Backpack 65L,3,149.62,0.00,448.86,44.89
1ddcd403-b7be-4c6b-80f8-880d2bc05b31,772eed9a-cc9f-473a-b26f-b8aa49ac35a5,48d49bf7-960a-4044-99ed-dc299470a464,Sleeping Bag - Standard,7,81.51,0.00,570.57,57.06
0b21201b-b8ad-4afa-8ad0-cb268c993363,a5bf612b-efa4-453f-ae4e-9b8705dc3861,5efadb73-4149-4fee-9142-11bc5c3aae7a,Compass - Professional,3,38.31,0.00,114.93,11.49
7bcb1d73-9240-430f-97cd-36812f0e845e,a5bf612b-efa4-453f-ae4e-9b8705dc3861,3beae68d-3060-4daa-8c3f-101e450ce2bd,First Aid Kit,1,33.41,0.00,33.41,3.34
d63fdb29-f33a-479d-bb38-e5c41ce1a75d,a5bf612b-efa4-453f-ae4e-9b8705dc3861,b9ae3e12-d4f1-4d77-8c96-1e7466d60cdf,Camping Tent 2-Person,2,171.87,0.00,343.74,34.37
7fb45099-b821-452f-aa88-45bb5d1254e1,b5bd4c03-a4cf-4073-be1b-ea2cb6f3bc5c,02232172-9b28-4bc5-9a70-c230b5281f0b,Hiking Boots - Men's,10,153.69,0.00,1536.90,153.69
ab3cbf12-76c7-46c3-a10d-e56c9463eef2,b5bd4c03-a4cf-4073-be1b-ea2cb6f3bc5c,48d49bf7-960a-4044-99ed-dc299470a464,Sleeping Bag - Standard,1,81.51,0.00,81.51,8.15
c6e01a44-516f-46a3-abfc-03a670e48ad1,f2936e4c-f16b-4363-839c-8e6966a49e8a,ec4396bb-df34-4008-b3a1-8df59548d90b,Hammock,8,46.14,0.00,369.12,36.91
a26ce81b-451d-4db8-9bff-93a8da764037,f2936e4c-f16b-4363-839c-8e6966a49e8a,02232172-9b28-4bc5-9a70-c230b5281f0b,Hiking Boots - Men's,10,153.69,10.00,1383.21,138.32
c1c298a9-7183-46ed-92cb-683130690699,f2936e4c-f16b-4363-839c-8e6966a49e8a,e2c0cd62-99f2-468e-aa5e-9dbe44e619b2,Head Torch LED,2,29.88,0.00,59.76,5.98
1a83256b-3da4-45b3-b321-07c7471caa51,70d852d2-1f27-4550-9d55-eafaea33c687,458ebebb-1262-4530-b0a9-ad1b679b6667,Sleeping Bag - Premium,10,173.13,0.00,1731.30,173.13
377e4dd5-8e47-4c96-a798-ce54f7261d37,70d852d2-1f27-4550-9d55-eafaea33c687,3a274fe9-e93d-4cfd-8eb2-f97751e43367,Dry Bag 20L,2,25.12,0.00,50.24,5.02
6e5644f1-7b07-466a-a663-30a10a57f01a,bb988fae-6783-41f3-9c4c-91a087a11017,e2c0cd62-99f2-468e-aa5e-9dbe44e619b2,Head Torch LED,2,29.88,15.00,50.80,5.08
132540d4-3196-4c3e-b6cc-94728af6aad0,bb988fae-6783-41f3-9c4c-91a087a11017,b9ae3e12-d4f1-4d77-8c96-1e7466d60cdf,Camping Tent 2-Person,9,171.87,0.00,1546.83,154.68
f051028f-741e-41a9-83cb-edeb2bd40fce,bb988fae-6783-41f3-9c4c-91a087a11017,0174809a-be6f-49c0-a566-868ed281c4af,Camping Tent 4-Person,7,314.42,0.00,2200.94,220.09
24274ce3-b793-4eb6-82a5-341d3c3c0122,bb988fae-6783-41f3-9c4c-91a087a11017,11eb3581-838f-45b7-bb2a-b9c485585632,Hiking Backpack 40L,4,111.84,0.00,447.36,44.74
81025d40-61b0-4d5c-9bfd-31593d4edf4f,bb988fae-6783-41f3-9c4c-91a087a11017,14e64280-bd03-48c5-a021-4bb29426c007,Gas Stove - Portable,3,57.01,20.00,136.82,13.68
d02542dc-64ac-41cb-99de-0e222da76893,36b8aa58-b70a-4d7a-8a16-bbb61156206f,25a56c2a-d003-4be9-92eb-a017a976140a,Hiking Backpack 65L,10,149.62,0.00,1496.20,149.62
ced79246-f8b3-4b92-bcc6-d1ed97e83441,36b8aa58-b70a-4d7a-8a16-bbb61156206f,b05fe347-f0dc-48dc-8a47-eceb4e9ca472,Water Bottle 1L,2,20.22,0.00,40.44,4.04
890d511b-81ea-4535-8d7e-2760ce1be409,36b8aa58-b70a-4d7a-8a16-bbb61156206f,ac3446f6-9e63-4076-89cd-f1c89675a42b,Trekking Poles - Pair,6,65.78,0.00,394.68,39.47
b8f198c7-5a01-47e1-bccc-f4fe52a2f965,36b8aa58-b70a-4d7a-8a16-bbb61156206f,3beae68d-3060-4daa-8c3f-101e450ce2bd,First Aid Kit,9,33.41,0.00,300.69,30.07
18d690e7-d7a4-404d-956f-80081eb3dffe,36b8aa58-b70a-4d7a-8a16-bbb61156206f,3a57db65-80d7-46bb-8a38-83ee8f366607,Camping Lantern,9,37.67,0.00,339.03,33.90
1ee82cbf-1080-45e3-a444-1f89dd3446aa,36b8aa58-b70a-4d7a-8a16-bbb61156206f,11eb3581-838f-45b7-bb2a-b9c485585632,Hiking Backpack 40L,6,111.84,0.00,671.04,67.10
bce71a81-bc51-4216-b04a-5a83c4b4250c,36b8aa58-b70a-4d7a-8a16-bbb61156206f,14e64280-bd03-48c5-a021-4bb29426c007,Gas Stove - Portable,9,57.01,0.00,513.09,51.31
47bb55f0-2a74-492b-8358-cc0466a682b9,36b8aa58-b70a-4d7a-8a16-bbb61156206f,458ebebb-1262-4530-b0a9-ad1b679b6667,Sleeping Bag - Premium,7,173.13,0.00,1211.91,121.19
2d75de03-ec0c-4999-b4fd-cd06f026451a,04ccacee-40c5-407b-8482-1de5dbacb5b5,3beae68d-3060-4daa-8c3f-101e450ce2bd,First Aid Kit,10,33.41,0.00,334.10,33.41
c5f28592-4660-4bf7-8d92-c790f6f5209c,04ccacee-40c5-407b-8482-1de5dbacb5b5,ec4396bb-df34-4008-b3a1-8df59548d90b,Hammock,6,46.14,0.00,276.84,27.68
c4deb882-b373-4561-8a0d-bb8d98d515eb,04ccacee-40c5-407b-8482-1de5dbacb5b5,ccda4206-2a1f-45bc-b24d-c1ed3c349fc6,Waterproof Jacket,1,99.32,0.00,99.32,9.93
7a80a849-c5d2-4d7c-b98d-d744d82ac71d,04ccacee-40c5-407b-8482-1de5dbacb5b5,11eb3581-838f-45b7-bb2a-b9c485585632,Hiking Backpack 40L,3,111.84,0.00,335.52,33.55
bb87e538-d4c6-4412-8e65-44ec747a58f5,04ccacee-40c5-407b-8482-1de5dbacb5b5,b9ae3e12-d4f1-4d77-8c96-1e7466d60cdf,Camping Tent 2-Person,2,171.87,0.00,343.74,34.37
08c1503e-a827-4666-9d49-9af8d467367f,04ccacee-40c5-407b-8482-1de5dbacb5b5,48d49bf7-960a-4044-99ed-dc299470a464,Sleeping Bag - Standard,6,81.51,0.00,489.06,48.91
0351c535-dbc6-488c-9a80-3dc0b16b9f5b,04ccacee-40c5-407b-8482-1de5dbacb5b5,3f330271-554e-45b0-a931-2e035437be0f,Camping Table,1,69.41,0.00,69.41,6.94
5fa9ca68-9ccd-4fbb-8be9-e3675d6737f0,05f8a002-0319-4dee-b305-0e728e3df4ed,e2c0cd62-99f2-468e-aa5e-9dbe44e619b2,Head Torch LED,9,29.88,0.00,268.92,26.89
91c0a31d-33a7-4fc4-bb76-cdc37a9508fd,05f8a002-0319-4dee-b305-0e728e3df4ed,11eb3581-838f-45b7-bb2a-b9c485585632,Hiking Backpack 40L,9,111.84,0.00,1006.56,100.66
da0c1a5b-7c37-418f-8884-aebd7231169b,05f8a002-0319-4dee-b305-0e728e3df4ed,b9ae3e12-d4f1-4d77-8c96-1e7466d60cdf,Camping Tent 2-Person,5,171.87,0.00,859.35,85.94
a8f2b88d-f70a-4ede-8e58-ae9208702eb8,b61cab86-641c-402c-8914-25a626998b1d,b9ae3e12-d4f1-4d77-8c96-1e7466d60cdf,Camping Tent 2-Person,8,171.87,20.00,1099.97,110.00
f7ccd1a3-9525-45a4-817d-6e29093d2955,b61cab86-641c-402c-8914-25a626998b1d,e2c0cd62-99f2-468e-aa5e-9dbe44e619b2,Head Torch LED,1,29.88,5.00,28.39,2.84
3528c3f7-b95f-4803-a8d3-a3da819e47da,b61cab86-641c-402c-8914-25a626998b1d,ec4396bb-df34-4008-b3a1-8df59548d90b,Hammock,2,46.14,0.00,92.28,9.23
602698c3-e697-4ab5-910d-0cd60dc7116e,b61cab86-641c-402c-8914-25a626998b1d,ccda4206-2a1f-45bc-b24d-c1ed3c349fc6,Waterproof Jacket,10,99.32,0.00,993.20,99.32
38b900a6-7e6e-462f-ae9f-caed9f11ad29,b61cab86-641c-402c-8914-25a626998b1d,5efadb73-4149-4fee-9142-11bc5c3aae7a,Compass - Professional,5,38.31,0.00,191.55,19.16
a3428d80-e23f-4d31-97b2-6ad7ee160631,cc5509ac-6be0-4536-8438-7b4b2328472e,838f226e-dd6f-486a-ac01-d579e40dbb14,Sunscreen SPF50+,10,15.04,0.00,150.40,15.04
74d314d7-e818-4fc0-bf3b-1e40da523eba,cc5509ac-6be0-4536-8438-7b4b2328472e,b05fe347-f0dc-48dc-8a47-eceb4e9ca472,Water Bottle 1L,10,20.22,0.00,202.20,20.22
bee43b07-8de4-4dbb-a8e4-67a5ee9564bf,cc5509ac-6be0-4536-8438-7b4b2328472e,cb181b90-6f4d-4ed9-9c25-6e9becdb2683,Insect Repellent,5,13.05,0.00,65.25,6.53
f4efb4f1-2343-42c3-89b7-a5ddef92da27,3ed63d03-0256-4ee7-9a74-061833b46c19,3a57db65-80d7-46bb-8a38-83ee8f366607,Camping Lantern,6,37.67,0.00,226.02,22.60
5b4b99c0-1078-4f11-b36f-33916f9b5777,3ed63d03-0256-4ee7-9a74-061833b46c19,14e64280-bd03-48c5-a021-4bb29426c007,Gas Stove - Portable,4,57.01,15.00,193.83,19.38
d886a504-5e70-45af-841d-d03c09ddf1b2,3ed63d03-0256-4ee7-9a74-061833b46c19,5efadb73-4149-4fee-9142-11bc5c3aae7a,Compass - Professional,6,38.31,0.00,229.86,22.99
e8fea5c5-940f-40f7-9605-0c89e0cf3bdd,3ed63d03-0256-4ee7-9a74-061833b46c19,3a274fe9-e93d-4cfd-8eb2-f97751e43367,Dry Bag 20L,4,25.12,0.00,100.48,10.05
f4240ed8-a60b-4e10-a1ea-8d0889ba9d3b,3ed63d03-0256-4ee7-9a74-061833b46c19,ac3446f6-9e63-4076-89cd-f1c89675a42b,Trekking Poles - Pair,5,65.78,0.00,328.90,32.89
02fab2fd-bc13-4225-bbe9-b26a47f240b0,3ed63d03-0256-4ee7-9a74-061833b46c19,ec4396bb-df34-4008-b3a1-8df59548d90b,Hammock,5,46.14,0.00,230.70,23.07
39435507-cc4e-4551-95a7-e4d519cb9411,3ed63d03-0256-4ee7-9a74-061833b46c19,72f14575-a2a4-4b1b-a259-b8926c672424,Fleece Pullover,7,54.95,0.00,384.65,38.47
c5ec8d2b-d480-47e7-a591-3ea002ee5c8b,3ed63d03-0256-4ee7-9a74-061833b46c19,3541c0c2-9298-46bb-af9c-9c7e99c57a6b,Gas Canister 220g,6,8.63,0.00,51.78,5.18
5aed08de-4f58-40b9-b97c-8d4926f59787,71961ba6-2716-4908-9f6b-12c3c69e8851,b9ae3e12-d4f1-4d77-8c96-1e7466d60cdf,Camping Tent 2-Person,9,171.87,0.00,1546.83,154.68
a26d8f14-6177-4f97-9afc-a65dc4ddf3ae,71961ba6-2716-4908-9f6b-12c3c69e8851,3a274fe9-e93d-4cfd-8eb2-f97751e43367,Dry Bag 20L,6,25.12,0.00,150.72,15.07
b2daf997-509e-4775-b618-6addb9667f01,71961ba6-2716-4908-9f6b-12c3c69e8851,458ebebb-1262-4530-b0a9-ad1b679b6667,Sleeping Bag - Premium,9,173.13,0.00,1558.17,155.82
d352ee3f-59aa-4fcc-ab2e-aab5bba9f7b5,71961ba6-2716-4908-9f6b-12c3c69e8851,ec4396bb-df34-4008-b3a1-8df59548d90b,Hammock,5,46.14,0.00,230.70,23.07
cc24ea17-b8ce-4431-9695-ec66786ee4e0,71961ba6-2716-4908-9f6b-12c3c69e8851,8cbbcfea-3fb3-4b97-b7ec-34856562714c,Hiking Boots - Women's,5,166.42,0.00,832.10,83.21
5b3ed876-6096-49d6-89fc-585f5a3ee6fb,71961ba6-2716-4908-9f6b-12c3c69e8851,838f226e-dd6f-486a-ac01-d579e40dbb14,Sunscreen SPF50+,10,15.04,15.00,127.84,12.78
c790df9d-4db7-47e5-84a7-466e58b1531f,71961ba6-2716-4908-9f6b-12c3c69e8851,3a57db65-80d7-46bb-8a38-83ee8f366607,Camping Lantern,2,37.67,0.00,75.34,7.53
ed8f3042-a342-41ab-8f3b-e4ab389451a5,527ccd39-0540-41e6-91c6-e4ca83b66ad4,3beae68d-3060-4daa-8c3f-101e450ce2bd,First Aid Kit,4,33.41,0.00,133.64,13.36
ea4b4785-8951-4f36-b6eb-03ab88d88396,527ccd39-0540-41e6-91c6-e4ca83b66ad4,11eb3581-838f-45b7-bb2a-b9c485585632,Hiking Backpack 40L,10,111.84,0.00,1118.40,111.84
1067428b-b283-4d2c-85d4-14f9b27cda7c,db59b8c5-44e5-4a13-8274-78d2fdfdc75e,3a274fe9-e93d-4cfd-8eb2-f97751e43367,Dry Bag 20L,4,25.12,0.00,100.48,10.05
0dd22fd8-17df-4c43-99c7-79592e5bb407,a744c202-a011-401a-97e5-49072c570627,72f14575-a2a4-4b1b-a259-b8926c672424,Fleece Pullover,8,54.95,0.00,439.60,43.96
9b8fdc39-272e-421e-b765-d6a50b78b666,973d752e-4f3e-49df-9f07-63b83e885c1f,25a56c2a-d003-4be9-92eb-a017a976140a,Hiking Backpack 65L,7,149.62,0.00,1047.34,104.73
639db1b9-6bfc-453d-9f4d-4b15589a143c,973d752e-4f3e-49df-9f07-63b83e885c1f,3a57db65-80d7-46bb-8a38-83ee8f366607,Camping Lantern,7,37.67,0.00,263.69,26.37
4f1be138-ea1b-412e-b7d9-ffbaef3d1da3,973d752e-4f3e-49df-9f07-63b83e885c1f,11eb3581-838f-45b7-bb2a-b9c485585632,Hiking Backpack 40L,6,111.84,0.00,671.04,67.10
c7e4961c-a2d1-4a0e-ac31-a166c1c8c178,973d752e-4f3e-49df-9f07-63b83e885c1f,3beae68d-3060-4daa-8c3f-101e450ce2bd,First Aid Kit,5,33.41,0.00,167.05,16.71
3ca64c7b-19c4-4341-9b36-18893e4f99f4,973d752e-4f3e-49df-9f07-63b83e885c1f,02232172-9b28-4bc5-9a70-c230b5281f0b,Hiking Boots - Men's,4,153.69,0.00,614.76,61.48
52d1b4e6-4f08-4636-a410-f3851ce0a8ab,973d752e-4f3e-49df-9f07-63b83e885c1f,ac3446f6-9e63-4076-89cd-f1c89675a42b,Trekking Poles - Pair,6,65.78,0.00,394.68,39.47
9ef288f9-4444-4aa0-a512-10183cd4d067,47d97b56-02e7-4465-a64d-25e70936fe42,48d49bf7-960a-4044-99ed-dc299470a464,Sleeping Bag - Standard,7,81.51,0.00,570.57,57.06
1e7d9c6a-e2a0-4025-b49d-c8d538f28f0e,47d97b56-02e7-4465-a64d-25e70936fe42,72f14575-a2a4-4b1b-a259-b8926c672424,Fleece Pullover,6,54.95,0.00,329.70,32.97
7fd32995-539c-43ac-9562-215d5d52479f,47d97b56-02e7-4465-a64d-25e70936fe42,8cbbcfea-3fb3-4b97-b7ec-34856562714c,Hiking Boots - Women's,6,166.42,0.00,998.52,99.85
029cac04-6bd8-414c-a0f9-6e8c6540978d,15c53376-79b5-4f73-83b4-4c68de864826,8cbbcfea-3fb3-4b97-b7ec-34856562714c,Hiking Boots - Women's,10,166.42,0.00,1664.20,166.42
d9f0eb22-8b47-4c7b-affd-25f15aebe558,15c53376-79b5-4f73-83b4-4c68de864826,11eb3581-838f-45b7-bb2a-b9c485585632,Hiking Backpack 40L,7,111.84,0.00,782.88,78.29
d90a5ab9-532f-4946-9939-279b49275183,15c53376-79b5-4f73-83b4-4c68de864826,25a56c2a-d003-4be9-92eb-a017a976140a,Hiking Backpack 65L,2,149.62,0.00,299.24,29.92
f1be335b-ee44-45b4-9182-2fc898b3de0b,15c53376-79b5-4f73-83b4-4c68de864826,3a57db65-80d7-46bb-8a38-83ee8f366607,Camping Lantern,3,37.67,0.00,113.01,11.30
f51dfa02-ed58-4d10-921e-11bcf285c0b3,15c53376-79b5-4f73-83b4-4c68de864826,3beae68d-3060-4daa-8c3f-101e450ce2bd,First Aid Kit,8,33.41,0.00,267.28,26.73
32db014b-97f4-4155-95d5-f7134c79c371,fbe067db-0983-4c94-9932-db0418e6efab,3f330271-554e-45b0-a931-2e035437be0f,Camping Table,1,69.41,0.00,69.41,6.94
601975d6-369f-4177-9d58-736050380f25,fab7eb7e-667d-457f-8ab8-285cb63dcaab,b9ae3e12-d4f1-4d77-8c96-1e7466d60cdf,Camping Tent 2-Person,2,171.87,20.00,274.99,27.50
51c67d11-0962-4018-be5a-8c7182273421,fab7eb7e-667d-457f-8ab8-285cb63dcaab,02232172-9b28-4bc5-9a70-c230b5281f0b,Hiking Boots - Men's,10,153.69,0.00,1536.90,153.69
c5c4f1ad-79aa-4b4d-92f4-80b9de1b715a,fab7eb7e-667d-457f-8ab8-285cb63dcaab,3beae68d-3060-4daa-8c3f-101e450ce2bd,First Aid Kit,9,33.41,0.00,300.69,30.07
4dc7bdfe-fd8f-4119-b763-afcfcf3bf9c5,fab7eb7e-667d-457f-8ab8-285cb63dcaab,3f330271-554e-45b0-a931-2e035437be0f,Camping Table,1,69.41,0.00,69.41,6.94
d64c6e1f-ce68-4735-b12d-b2a3b99d4fcc,fab7eb7e-667d-457f-8ab8-285cb63dcaab,8cbbcfea-3fb3-4b97-b7ec-34856562714c,Hiking Boots - Women's,1,166.42,0.00,166.42,16.64
58a6de43-bd3c-480e-ab87-8e690ac2f12e,0edb6324-d5c6-408f-982e-5049a8b5f19e,ab67eed1-8719-4cb2-be77-c5e083a57a2f,Cooler Box 40L,4,92.05,0.00,368.20,36.82
315f5694-090d-4fbe-b0ba-ac42296a8725,35e57e21-0f59-458d-ae46-ec6930edc0e3,5efadb73-4149-4fee-9142-11bc5c3aae7a,Compass - Professional,2,38.31,0.00,76.62,7.66
8a67cd62-d628-484d-b64d-c22eded56841,35e57e21-0f59-458d-ae46-ec6930edc0e3,3f330271-554e-45b0-a931-2e035437be0f,Camping Table,2,69.41,0.00,138.82,13.88
58385997-8193-4c2e-ad0d-1eb94ac4b46c,35e57e21-0f59-458d-ae46-ec6930edc0e3,cb181b90-6f4d-4ed9-9c25-6e9becdb2683,Insect Repellent,9,13.05,0.00,117.45,11.75
38722e18-4ccc-433e-ade1-4b2d9382264b,35e57e21-0f59-458d-ae46-ec6930edc0e3,11eb3581-838f-45b7-bb2a-b9c485585632,Hiking Backpack 40L,3,111.84,0.00,335.52,33.55
efc83cc6-1a19-4b0b-8065-5f1c3f36e0bd,35e57e21-0f59-458d-ae46-ec6930edc0e3,ccda4206-2a1f-45bc-b24d-c1ed3c349fc6,Waterproof Jacket,6,99.32,0.00,595.92,59.59
e7cc7555-59a1-4b98-aa73-e8101b66b805,35e57e21-0f59-458d-ae46-ec6930edc0e3,02232172-9b28-4bc5-9a70-c230b5281f0b,Hiking Boots - Men's,6,153.69,0.00,922.14,92.21
b0fbb9f1-3883-441c-9fd5-8b6e2dd70f01,35e57e21-0f59-458d-ae46-ec6930edc0e3,14e64280-bd03-48c5-a021-4bb29426c007,Gas Stove - Portable,2,57.01,0.00,114.02,11.40
66d5b523-c535-498d-847e-b431c2925cad,00398bd1-f011-486c-9f51-467c8edcc956,72f14575-a2a4-4b1b-a259-b8926c672424,Fleece Pullover,9,54.95,0.00,494.55,49.46
7ea83459-4135-4c29-a6ab-0dcbb0f47f1d,00398bd1-f011-486c-9f51-467c8edcc956,02232172-9b28-4bc5-9a70-c230b5281f0b,Hiking Boots - Men's,9,153.69,0.00,1383.21,138.32
dd7f9c22-a12d-4629-8e80-b1398a8b2576,00398bd1-f011-486c-9f51-467c8edcc956,3a274fe9-e93d-4cfd-8eb2-f97751e43367,Dry Bag 20L,10,25.12,0.00,251.20,25.12
8d3ca960-e771-46f4-8de4-3b4927aa84db,00398bd1-f011-486c-9f51-467c8edcc956,5efadb73-4149-4fee-9142-11bc5c3aae7a,Compass - Professional,5,38.31,0.00,191.55,19.16
cee568cb-b239-47b5-86dc-cb83fc2ef791,00398bd1-f011-486c-9f51-467c8edcc956,3a57db65-80d7-46bb-8a38-83ee8f366607,Camping Lantern,7,37.67,0.00,263.69,26.37
a929328b-d035-4d3b-93df-e4a38fe40d13,00398bd1-f011-486c-9f51-467c8edcc956,3541c0c2-9298-46bb-af9c-9c7e99c57a6b,Gas Canister 220g,1,8.63,0.00,8.63,0.86
00d7c77a-eefd-4a18-aa75-8bb510ada376,00398bd1-f011-486c-9f51-467c8edcc956,ba1f94d1-03c9-4dd4-a89f-f65c98a179c5,Camping Chair - Foldable,7,46.33,0.00,324.31,32.43
00a850fe-d364-445d-8be6-f43475cdfb5e,f51a43cf-6d74-4c1d-9ee8-9b86163f893a,8cbbcfea-3fb3-4b97-b7ec-34856562714c,Hiking Boots - Women's,9,166.42,0.00,1497.78,149.78
c7dc5c9e-f072-41eb-966c-2055e2e0a402,f51a43cf-6d74-4c1d-9ee8-9b86163f893a,b05fe347-f0dc-48dc-8a47-eceb4e9ca472,Water Bottle 1L,7,20.22,0.00,141.54,14.15
59a24637-9297-4873-a360-7b94e6dd3222,f51a43cf-6d74-4c1d-9ee8-9b86163f893a,48d49bf7-960a-4044-99ed-dc299470a464,Sleeping Bag - Standard,6,81.51,0.00,489.06,48.91
6e666f3f-fa64-4411-95f3-9d01a29cbf53,f51a43cf-6d74-4c1d-9ee8-9b86163f893a,458ebebb-1262-4530-b0a9-ad1b679b6667,Sleeping Bag - Premium,10,173.13,0.00,1731.30,173.13
ca355d68-6795-47cb-bd66-76a1c6e9c407,f51a43cf-6d74-4c1d-9ee8-9b86163f893a,3f330271-554e-45b0-a931-2e035437be0f,Camping Table,5,69.41,0.00,347.05,34.71
4f24e3c7-c9aa-4566-a4b2-c6e288ecd547,4888d0d9-214d-4ac9-9f8e-75ffd43ccdaa,838f226e-dd6f-486a-ac01-d579e40dbb14,Sunscreen SPF50+,4,15.04,0.00,60.16,6.02
81693dc6-c57d-45ca-9f42-fee59cffd260,4888d0d9-214d-4ac9-9f8e-75ffd43ccdaa,3541c0c2-9298-46bb-af9c-9c7e99c57a6b,Gas Canister 220g,9,8.63,0.00,77.67,7.77
1e1c3d65-f30c-4221-900e-d357d265202f,4888d0d9-214d-4ac9-9f8e-75ffd43ccdaa,72f14575-a2a4-4b1b-a259-b8926c672424,Fleece Pullover,1,54.95,0.00,54.95,5.50
1db53b1e-8f87-45c3-bc7b-598aa70b2555,481b0174-3102-4873-82e4-5f19d39665f7,11eb3581-838f-45b7-bb2a-b9c485585632,Hiking Backpack 40L,10,111.84,0.00,1118.40,111.84
b13fdc29-772e-44e2-8014-424bd3d972c6,8b035e35-fd25-4a71-a49b-1b4cc1d9083b,25a56c2a-d003-4be9-92eb-a017a976140a,Hiking Backpack 65L,5,149.62,0.00,748.10,74.81
b6673aa4-734a-4ab5-afc1-60bfae241612,8b035e35-fd25-4a71-a49b-1b4cc1d9083b,ba1f94d1-03c9-4dd4-a89f-f65c98a179c5,Camping Chair - Foldable,2,46.33,0.00,92.66,9.27
dc12b554-dfba-463d-aae3-a45513957461,8b035e35-fd25-4a71-a49b-1b4cc1d9083b,3beae68d-3060-4daa-8c3f-101e450ce2bd,First Aid Kit,10,33.41,0.00,334.10,33.41
8ad7fc54-975b-482b-abbe-e0063850844c,8b035e35-fd25-4a71-a49b-1b4cc1d9083b,3f330271-554e-45b0-a931-2e035437be0f,Camping Table,6,69.41,0.00,416.46,41.65
5fb387da-c935-4f7d-b149-30e4d363f687,8b035e35-fd25-4a71-a49b-1b4cc1d9083b,b05fe347-f0dc-48dc-8a47-eceb4e9ca472,Water Bottle 1L,6,20.22,0.00,121.32,12.13
e54ec6ef-2599-4e5b-9570-ee590a1dd333,970a6806-1af0-4050-bf0b-73620450aa17,ba1f94d1-03c9-4dd4-a89f-f65c98a179c5,Camping Chair - Foldable,2,46.33,0.00,92.66,9.27
ef8cade8-e710-4d45-bba3-e91fab0481f8,970a6806-1af0-4050-bf0b-73620450aa17,b9ae3e12-d4f1-4d77-8c96-1e7466d60cdf,Camping Tent 2-Person,2,171.87,0.00,343.74,34.37
64a21b91-2066-42ff-bc2c-e1a1a6bfc304,970a6806-1af0-4050-bf0b-73620450aa17,5efadb73-4149-4fee-9142-11bc5c3aae7a,Compass - Professional,3,38.31,0.00,114.93,11.49
151baa0d-ecc0-40ce-8380-afb415f0815a,970a6806-1af0-4050-bf0b-73620450aa17,ab67eed1-8719-4cb2-be77-c5e083a57a2f,Cooler Box 40L,7,92.05,0.00,644.35,64.44
6310d478-9432-4bbe-8a83-856806f83604,e6c8de01-c16d-407c-8037-fc3ae99f41a9,11eb3581-838f-45b7-bb2a-b9c485585632,Hiking Backpack 40L,4,111.84,0.00,447.36,44.74
74b36b47-bd2f-4d3f-94b3-06e5131841f4,e6c8de01-c16d-407c-8037-fc3ae99f41a9,ccda4206-2a1f-45bc-b24d-c1ed3c349fc6,Waterproof Jacket,10,99.32,0.00,993.20,99.32
a2639caf-1064-4571-a04d-adf22b80ae24,e264c491-918f-40b0-890b-eac963936965,5efadb73-4149-4fee-9142-11bc5c3aae7a,Compass - Professional,10,38.31,0.00,383.10,38.31
a41eabd1-3f05-456c-83c1-010d2beaa031,e264c491-918f-40b0-890b-eac963936965,ba1f94d1-03c9-4dd4-a89f-f65c98a179c5,Camping Chair - Foldable,6,46.33,0.00,277.98,27.80
09bfb88f-b43a-49fb-9389-2d91b9fe6107,e264c491-918f-40b0-890b-eac963936965,838f226e-dd6f-486a-ac01-d579e40dbb14,Sunscreen SPF50+,8,15.04,0.00,120.32,12.03
d50d7ec6-eeac-4fe5-af75-6ee1f9a6502f,f929c52f-5ebc-424f-8dad-a01b3291eac0,3beae68d-3060-4daa-8c3f-101e450ce2bd,First Aid Kit,7,33.41,0.00,233.87,23.39
cf4adfa6-7d71-41d2-ba40-82820595cc14,f929c52f-5ebc-424f-8dad-a01b3291eac0,14e64280-bd03-48c5-a021-4bb29426c007,Gas Stove - Portable,5,57.01,0.00,285.05,28.51
74e44f49-2f58-4756-9362-63e4f09e5dfd,f929c52f-5ebc-424f-8dad-a01b3291eac0,72f14575-a2a4-4b1b-a259-b8926c672424,Fleece Pullover,9,54.95,10.00,445.10,44.51
c5c94d8e-cf42-42f5-ae91-06f2addc767e,f929c52f-5ebc-424f-8dad-a01b3291eac0,3a274fe9-e93d-4cfd-8eb2-f97751e43367,Dry Bag 20L,7,25.12,0.00,175.84,17.58
0e4faf90-8d66-40fa-b89e-3387c3c7bd22,a4efb4c6-3da0-4759-ab3b-b2384558182a,ac3446f6-9e63-4076-89cd-f1c89675a42b,Trekking Poles - Pair,10,65.78,0.00,657.80,65.78
5ee66345-13d6-4820-8a9f-366062753326,a4efb4c6-3da0-4759-ab3b-b2384558182a,3a57db65-80d7-46bb-8a38-83ee8f366607,Camping Lantern,9,37.67,0.00,339.03,33.90
fb0be13c-5031-4b00-8207-9dc36074a0e6,3a0eb7a5-6138-4e13-a80d-12f9894c73e7,b05fe347-f0dc-48dc-8a47-eceb4e9ca472,Water Bottle 1L,2,20.22,0.00,40.44,4.04
a7ada2ff-4935-49ea-9edb-ace37d2e908c,3a0eb7a5-6138-4e13-a80d-12f9894c73e7,ec4396bb-df34-4008-b3a1-8df59548d90b,Hammock,5,46.14,0.00,230.70,23.07
9a74a064-114b-4c4f-888e-699f59fd28f4,3a0eb7a5-6138-4e13-a80d-12f9894c73e7,02232172-9b28-4bc5-9a70-c230b5281f0b,Hiking Boots - Men's,9,153.69,0.00,1383.21,138.32
a4279ef3-d552-44ca-81ec-44649b8e56d1,3a0eb7a5-6138-4e13-a80d-12f9894c73e7,5efadb73-4149-4fee-9142-11bc5c3aae7a,Compass - Professional,1,38.31,0.00,38.31,3.83
4ea07dc3-fe71-4da4-968d-d47cb11a1c90,3a0eb7a5-6138-4e13-a80d-12f9894c73e7,3a274fe9-e93d-4cfd-8eb2-f97751e43367,Dry Bag 20L,5,25.12,0.00,125.60,12.56
0ab6e689-ee34-4cbf-aa2d-6fa95459e50b,3a0eb7a5-6138-4e13-a80d-12f9894c73e7,11eb3581-838f-45b7-bb2a-b9c485585632,Hiking Backpack 40L,9,111.84,15.00,855.58,85.56
778bc2de-2899-4d85-b100-96dd5627a44a,3a0eb7a5-6138-4e13-a80d-12f9894c73e7,25a56c2a-d003-4be9-92eb-a017a976140a,Hiking Backpack 65L,3,149.62,0.00,448.86,44.89
023ea956-763d-4bfc-bb7f-c6d78015774b,3a0eb7a5-6138-4e13-a80d-12f9894c73e7,8cbbcfea-3fb3-4b97-b7ec-34856562714c,Hiking Boots - Women's,7,166.42,0.00,1164.94,116.49
4237756f-bb68-4cdf-9f03-9a3960da19bf,71c8ddf6-3b71-40be-a158-22e239b4c2d6,8cbbcfea-3fb3-4b97-b7ec-34856562714c,Hiking Boots - Women's,4,166.42,10.00,599.11,59.91
33de01f8-ca86-44fd-938f-973bd992d224,71c8ddf6-3b71-40be-a158-22e239b4c2d6,3541c0c2-9298-46bb-af9c-9c7e99c57a6b,Gas Canister 220g,6,8.63,0.00,51.78,5.18
c0e7bb4b-7cc4-48c8-bf51-04e70dca5985,71c8ddf6-3b71-40be-a158-22e239b4c2d6,3f330271-554e-45b0-a931-2e035437be0f,Camping Table,2,69.41,0.00,138.82,13.88
f8162cdb-1e2c-4938-b3d5-701b16dd2074,71c8ddf6-3b71-40be-a158-22e239b4c2d6,3beae68d-3060-4daa-8c3f-101e450ce2bd,First Aid Kit,8,33.41,0.00,267.28,26.73
c6c88a10-e08c-43db-8b85-1c3943074d42,71c8ddf6-3b71-40be-a158-22e239b4c2d6,3a274fe9-e93d-4cfd-8eb2-f97751e43367,Dry Bag 20L,4,25.12,0.00,100.48,10.05
9b233fde-709c-4d01-aabe-720737c9c687,71c8ddf6-3b71-40be-a158-22e239b4c2d6,3a57db65-80d7-46bb-8a38-83ee8f366607,Camping Lantern,5,37.67,0.00,188.35,18.84
d2b9b6c2-d28e-480e-838e-8f8ac31da83a,71c8ddf6-3b71-40be-a158-22e239b4c2d6,cb181b90-6f4d-4ed9-9c25-6e9becdb2683,Insect Repellent,3,13.05,0.00,39.15,3.92
91039f80-ffcf-47a9-a878-ae612ba1ef73,71c8ddf6-3b71-40be-a158-22e239b4c2d6,ac3446f6-9e63-4076-89cd-f1c89675a42b,Trekking Poles - Pair,8,65.78,0.00,526.24,52.62
fe7c72e9-75a1-414f-9d75-9d952c92d40e,1200cbb8-5ddc-4c97-8ee1-a25f2f0e50f6,458ebebb-1262-4530-b0a9-ad1b679b6667,Sleeping Bag - Premium,8,173.13,0.00,1385.04,138.50
0f616ab7-6011-4987-82d8-1770b56d2096,e76bd707-12f7-48c2-b7e0-907e4f2b360a,5efadb73-4149-4fee-9142-11bc5c3aae7a,Compass - Professional,6,38.31,0.00,229.86,22.99
23f9bc96-bb57-4987-880d-66f33a686e36,e76bd707-12f7-48c2-b7e0-907e4f2b360a,b9ae3e12-d4f1-4d77-8c96-1e7466d60cdf,Camping Tent 2-Person,2,171.87,0.00,343.74,34.37
3c8334ae-0690-49d7-83d5-d19afd547ecb,e76bd707-12f7-48c2-b7e0-907e4f2b360a,8cbbcfea-3fb3-4b97-b7ec-34856562714c,Hiking Boots - Women's,4,166.42,0.00,665.68,66.57
5f71409c-4ace-446e-9e33-ffa54f304d40,e76bd707-12f7-48c2-b7e0-907e4f2b360a,ccda4206-2a1f-45bc-b24d-c1ed3c349fc6,Waterproof Jacket,8,99.32,0.00,794.56,79.46
e3470261-7b8d-4cbc-8d49-f75476fb8576,e76bd707-12f7-48c2-b7e0-907e4f2b360a,14e64280-bd03-48c5-a021-4bb29426c007,Gas Stove - Portable,1,57.01,0.00,57.01,5.70
c8e8d9e5-0b6d-48a6-a26e-62c98eccd058,e76bd707-12f7-48c2-b7e0-907e4f2b360a,ec4396bb-df34-4008-b3a1-8df59548d90b,Hammock,8,46.14,0.00,369.12,36.91
72c2dd54-0280-4f1f-a9d9-cf1698e0462d,e76bd707-12f7-48c2-b7e0-907e4f2b360a,ba1f94d1-03c9-4dd4-a89f-f65c98a179c5,Camping Chair - Foldable,4,46.33,0.00,185.32,18.53
689f952d-f5c8-451f-9d5e-d52126a968c0,e6aacc71-e226-4b99-82f0-a5e988c96caf,e2c0cd62-99f2-468e-aa5e-9dbe44e619b2,Head Torch LED,9,29.88,0.00,268.92,26.89
96c0c45c-d542-4b00-bd0c-b219e010b7bf,e6aacc71-e226-4b99-82f0-a5e988c96caf,0174809a-be6f-49c0-a566-868ed281c4af,Camping Tent 4-Person,2,314.42,0.00,628.84,62.88
733743da-ea8c-48e6-a2fa-e63a94cdfc65,e6aacc71-e226-4b99-82f0-a5e988c96caf,25a56c2a-d003-4be9-92eb-a017a976140a,Hiking Backpack 65L,1,149.62,0.00,149.62,14.96
0862a0ca-f4af-48ba-9a00-4d661ac24cbb,e6aacc71-e226-4b99-82f0-a5e988c96caf,458ebebb-1262-4530-b0a9-ad1b679b6667,Sleeping Bag - Premium,3,173.13,0.00,519.39,51.94
39f96859-340a-4281-a382-f488294485f8,e6aacc71-e226-4b99-82f0-a5e988c96caf,ccda4206-2a1f-45bc-b24d-c1ed3c349fc6,Waterproof Jacket,4,99.32,0.00,397.28,39.73
a2c5faf6-7b84-4dc6-ad10-3c76a4689ffc,03e8309e-424b-4d11-b57f-6a4e9068fc7b,3a274fe9-e93d-4cfd-8eb2-f97751e43367,Dry Bag 20L,4,25.12,0.00,100.48,10.05
3e677fcd-74b3-4b0a-8bdb-3ab564330fbc,03e8309e-424b-4d11-b57f-6a4e9068fc7b,ccda4206-2a1f-45bc-b24d-c1ed3c349fc6,Waterproof Jacket,2,99.32,0.00,198.64,19.86
fa8e8334-2874-4776-bf04-787a3a46202e,03e8309e-424b-4d11-b57f-6a4e9068fc7b,ab67eed1-8719-4cb2-be77-c5e083a57a2f,Cooler Box 40L,2,92.05,0.00,184.10,18.41
04ddda5b-e391-4266-9781-7a58f10aabfc,03e8309e-424b-4d11-b57f-6a4e9068fc7b,02232172-9b28-4bc5-9a70-c230b5281f0b,Hiking Boots - Men's,1,153.69,0.00,153.69,15.37
6c26c0dd-5290-4fd4-b7c8-e7e98c4f7c14,0db4e4c9-2f26-49bf-b58c-b4e720ef22d9,458ebebb-1262-4530-b0a9-ad1b679b6667,Sleeping Bag - Premium,6,173.13,5.00,986.84,98.68
d17c242b-8cf1-4b91-b6be-6c73e8c50626,0db4e4c9-2f26-49bf-b58c-b4e720ef22d9,e2c0cd62-99f2-468e-aa5e-9dbe44e619b2,Head Torch LED,5,29.88,0.00,149.40,14.94
4a4c4821-e581-418d-bfa1-a674bc127b52,0db4e4c9-2f26-49bf-b58c-b4e720ef22d9,3a274fe9-e93d-4cfd-8eb2-f97751e43367,Dry Bag 20L,9,25.12,0.00,226.08,22.61
6a42cb41-e14d-4e60-917c-66378a409fa9,0db4e4c9-2f26-49bf-b58c-b4e720ef22d9,b9ae3e12-d4f1-4d77-8c96-1e7466d60cdf,Camping Tent 2-Person,7,171.87,0.00,1203.09,120.31
f2c84628-0747-4d0a-a7c9-f9ca07446245,0db4e4c9-2f26-49bf-b58c-b4e720ef22d9,3541c0c2-9298-46bb-af9c-9c7e99c57a6b,Gas Canister 220g,1,8.63,0.00,8.63,0.86
dcdd4cfc-9ec7-4bfd-955c-5eeb8fc80fe7,0db4e4c9-2f26-49bf-b58c-b4e720ef22d9,ba1f94d1-03c9-4dd4-a89f-f65c98a179c5,Camping Chair - Foldable,9,46.33,0.00,416.97,41.70
81fec0a4-3fdd-4737-9d56-60a3985d6658,0db4e4c9-2f26-49bf-b58c-b4e720ef22d9,0174809a-be6f-49c0-a566-868ed281c4af,Camping Tent 4-Person,6,314.42,0.00,1886.52,188.65
188f9154-d997-40b3-9d64-216edf27b493,0db4e4c9-2f26-49bf-b58c-b4e720ef22d9,838f226e-dd6f-486a-ac01-d579e40dbb14,Sunscreen SPF50+,8,15.04,0.00,120.32,12.03
bcc2d191-18a2-4f76-9076-fbaa84e7222a,0c8105a8-d909-40f8-9a0f-9f31f75d432c,ec4396bb-df34-4008-b3a1-8df59548d90b,Hammock,6,46.14,0.00,276.84,27.68
74c322b8-27a7-40d7-8c49-3a25b2ed1800,0c8105a8-d909-40f8-9a0f-9f31f75d432c,14e64280-bd03-48c5-a021-4bb29426c007,Gas Stove - Portable,5,57.01,0.00,285.05,28.51
652f309a-0100-460b-8545-0612ede70365,0c8105a8-d909-40f8-9a0f-9f31f75d432c,48d49bf7-960a-4044-99ed-dc299470a464,Sleeping Bag - Standard,2,81.51,20.00,130.42,13.04
eae2aa54-3163-4aa2-abb1-2b6645ea6603,0c8105a8-d909-40f8-9a0f-9f31f75d432c,5efadb73-4149-4fee-9142-11bc5c3aae7a,Compass - Professional,9,38.31,0.00,344.79,34.48
50714a4a-5f9d-4700-b863-b45c63cd98ff,0c8105a8-d909-40f8-9a0f-9f31f75d432c,3a57db65-80d7-46bb-8a38-83ee8f366607,Camping Lantern,8,37.67,20.00,241.09,24.11
36648efa-10af-4c43-8e21-d0d7280d8972,0c8105a8-d909-40f8-9a0f-9f31f75d432c,458ebebb-1262-4530-b0a9-ad1b679b6667,Sleeping Bag - Premium,5,173.13,10.00,779.09,77.91
903eab5a-29e7-4b80-bf43-6e69d61079fc,e207fcb2-3ca9-4b1b-bbed-3b2e76319bda,48d49bf7-960a-4044-99ed-dc299470a464,Sleeping Bag - Standard,1,81.51,0.00,81.51,8.15
95987423-c903-4406-8b1b-bc0ffdc4532c,e207fcb2-3ca9-4b1b-bbed-3b2e76319bda,ac3446f6-9e63-4076-89cd-f1c89675a42b,Trekking Poles - Pair,1,65.78,0.00,65.78,6.58
eaa6b570-feaa-4c2a-84ff-2a64be038ef6,37cb6a18-2540-4ac1-a322-5761c8b1a25c,cb181b90-6f4d-4ed9-9c25-6e9becdb2683,Insect Repellent,4,13.05,0.00,52.20,5.22
2169273d-e7ae-48e3-b0bb-27158dcfd4e8,37cb6a18-2540-4ac1-a322-5761c8b1a25c,14e64280-bd03-48c5-a021-4bb29426c007,Gas Stove - Portable,10,57.01,0.00,570.10,57.01
0eba8675-5a44-487c-8d40-6211d8469465,ca00b9c2-b657-4b73-bb12-73fb08660152,3541c0c2-9298-46bb-af9c-9c7e99c57a6b,Gas Canister 220g,8,8.63,0.00,69.04,6.90
e67629a6-54cf-4718-96ed-ee8cea3040f9,ca00b9c2-b657-4b73-bb12-73fb08660152,0174809a-be6f-49c0-a566-868ed281c4af,Camping Tent 4-Person,7,314.42,0.00,2200.94,220.09
01640a78-7d5f-4fda-be72-56a40183ebdf,ca00b9c2-b657-4b73-bb12-73fb08660152,5efadb73-4149-4fee-9142-11bc5c3aae7a,Compass - Professional,6,38.31,0.00,229.86,22.99
4dca84b7-f156-439c-a3e8-993e3a3cf60c,6d2e65a1-0201-4aff-ae91-dcba4c595ee4,ba1f94d1-03c9-4dd4-a89f-f65c98a179c5,Camping Chair - Foldable,6,46.33,0.00,277.98,27.80
e1f8da29-06bc-4add-903c-7a5708ca5411,6d2e65a1-0201-4aff-ae91-dcba4c595ee4,8cbbcfea-3fb3-4b97-b7ec-34856562714c,Hiking Boots - Women's,7,166.42,0.00,1164.94,116.49
648c7309-df0b-43e4-977c-793bb008da2d,6d2e65a1-0201-4aff-ae91-dcba4c595ee4,458ebebb-1262-4530-b0a9-ad1b679b6667,Sleeping Bag - Premium,6,173.13,0.00,1038.78,103.88
41172b26-35cb-4ce7-9fed-12337fbd1dec,6d2e65a1-0201-4aff-ae91-dcba4c595ee4,e2c0cd62-99f2-468e-aa5e-9dbe44e619b2,Head Torch LED,7,29.88,0.00,209.16,20.92
0e8487d3-f00b-45dc-8bbf-22949faf9fef,6d2e65a1-0201-4aff-ae91-dcba4c595ee4,b9ae3e12-d4f1-4d77-8c96-1e7466d60cdf,Camping Tent 2-Person,7,171.87,10.00,1082.78,108.28
bce0b22d-424f-4fea-be28-f591951b50d8,6d2e65a1-0201-4aff-ae91-dcba4c595ee4,3beae68d-3060-4daa-8c3f-101e450ce2bd,First Aid Kit,1,33.41,0.00,33.41,3.34
0e0f524e-8224-4c4e-9f43-a27a08b1a4e5,6d2e65a1-0201-4aff-ae91-dcba4c595ee4,3a57db65-80d7-46bb-8a38-83ee8f366607,Camping Lantern,10,37.67,0.00,376.70,37.67
e8d3d5b7-9c6a-4468-8c06-fc4ee2d3fcb2,6d2e65a1-0201-4aff-ae91-dcba4c595ee4,02232172-9b28-4bc5-9a70-c230b5281f0b,Hiking Boots - Men's,8,153.69,0.00,1229.52,122.95
bb97c636-5efd-4dee-81d2-6d6f85c6b945,19a8b701-e686-4996-a320-cddd8597d690,0174809a-be6f-49c0-a566-868ed281c4af,Camping Tent 4-Person,1,314.42,0.00,314.42,31.44
57aa5bd5-3296-42ac-b34a-54e44bc4eeb4,19a8b701-e686-4996-a320-cddd8597d690,838f226e-dd6f-486a-ac01-d579e40dbb14,Sunscreen SPF50+,5,15.04,0.00,75.20,7.52
4d0eb095-8774-4388-8586-58658208ec68,19a8b701-e686-4996-a320-cddd8597d690,14e64280-bd03-48c5-a021-4bb29426c007,Gas Stove - Portable,5,57.01,0.00,285.05,28.51
34ae853e-16e9-41a5-aae4-dd2ed980d802,19a8b701-e686-4996-a320-cddd8597d690,e2c0cd62-99f2-468e-aa5e-9dbe44e619b2,Head Torch LED,9,29.88,5.00,255.47,25.55
da331255-af39-4a48-8218-636e182498c6,19a8b701-e686-4996-a320-cddd8597d690,25a56c2a-d003-4be9-92eb-a017a976140a,Hiking Backpack 65L,2,149.62,0.00,299.24,29.92
b411a026-4331-4b49-b4cd-c3c6856776db,19a8b701-e686-4996-a320-cddd8597d690,458ebebb-1262-4530-b0a9-ad1b679b6667,Sleeping Bag - Premium,3,173.13,0.00,519.39,51.94
afcab382-3294-400c-9de7-1b16e1931eb9,19a8b701-e686-4996-a320-cddd8597d690,ccda4206-2a1f-45bc-b24d-c1ed3c349fc6,Waterproof Jacket,10,99.32,0.00,993.20,99.32
38711a56-39bf-4c9e-bc79-f498d4299cae,19a8b701-e686-4996-a320-cddd8597d690,3a57db65-80d7-46bb-8a38-83ee8f366607,Camping Lantern,6,37.67,0.00,226.02,22.60
d9318547-207d-400c-9c6c-365cb43152e9,9c2f3de5-c138-4496-9e15-eb9829ff1ca6,838f226e-dd6f-486a-ac01-d579e40dbb14,Sunscreen SPF50+,10,15.04,5.00,142.88,14.29
193bf315-cb56-4ca1-9d03-c6abc309b720,9c2f3de5-c138-4496-9e15-eb9829ff1ca6,e2c0cd62-99f2-468e-aa5e-9dbe44e619b2,Head Torch LED,6,29.88,0.00,179.28,17.93
5856c554-666f-47d1-aba1-7570706e80c2,9c2f3de5-c138-4496-9e15-eb9829ff1ca6,3541c0c2-9298-46bb-af9c-9c7e99c57a6b,Gas Canister 220g,9,8.63,0.00,77.67,7.77
b3745861-040a-4841-834a-348595583830,9c2f3de5-c138-4496-9e15-eb9829ff1ca6,ec4396bb-df34-4008-b3a1-8df59548d90b,Hammock,5,46.14,0.00,230.70,23.07
7a5fb866-dd7e-46e0-9835-79b4f7237058,a4a2a920-fe0e-48e5-a22c-e51b08aba5e1,3beae68d-3060-4daa-8c3f-101e450ce2bd,First Aid Kit,8,33.41,0.00,267.28,26.73
ac436a9b-f1db-4ed9-81e8-3438d721c699,a4a2a920-fe0e-48e5-a22c-e51b08aba5e1,48d49bf7-960a-4044-99ed-dc299470a464,Sleeping Bag - Standard,7,81.51,0.00,570.57,57.06
357700b4-39de-43b0-80c5-77378be0d750,a4a2a920-fe0e-48e5-a22c-e51b08aba5e1,b05fe347-f0dc-48dc-8a47-eceb4e9ca472,Water Bottle 1L,3,20.22,5.00,57.63,5.76
f5bdd142-75f8-4fbe-be57-645d4e0a337d,a4a2a920-fe0e-48e5-a22c-e51b08aba5e1,02232172-9b28-4bc5-9a70-c230b5281f0b,Hiking Boots - Men's,8,153.69,0.00,1229.52,122.95
8217bee2-8864-480b-a130-d26124bdd550,a4a2a920-fe0e-48e5-a22c-e51b08aba5e1,0174809a-be6f-49c0-a566-868ed281c4af,Camping Tent 4-Person,1,314.42,0.00,314.42,31.44
e720edee-90a6-4b9a-8c1f-3312ddabd77f,a4a2a920-fe0e-48e5-a22c-e51b08aba5e1,8cbbcfea-3fb3-4b97-b7ec-34856562714c,Hiking Boots - Women's,1,166.42,0.00,166.42,16.64
1a696711-a000-49b1-b6ce-d40939137130,a4a2a920-fe0e-48e5-a22c-e51b08aba5e1,ec4396bb-df34-4008-b3a1-8df59548d90b,Hammock,10,46.14,15.00,392.19,39.22
62294480-df78-4156-bd1e-b5cdb2ac1c8e,a4a2a920-fe0e-48e5-a22c-e51b08aba5e1,ccda4206-2a1f-45bc-b24d-c1ed3c349fc6,Waterproof Jacket,3,99.32,0.00,297.96,29.80
395a884b-c638-4d3b-a923-13cbe30c8b21,88aff670-f85e-42db-8f51-b86ec7152bee,ac3446f6-9e63-4076-89cd-f1c89675a42b,Trekking Poles - Pair,3,65.78,0.00,197.34,19.73
54d8ceff-ab5c-4b10-af80-5b38b8e99a91,88aff670-f85e-42db-8f51-b86ec7152bee,3f330271-554e-45b0-a931-2e035437be0f,Camping Table,3,69.41,10.00,187.41,18.74
14837b2a-06c4-4b78-bf87-39ec0cf8a1b3,88aff670-f85e-42db-8f51-b86ec7152bee,3541c0c2-9298-46bb-af9c-9c7e99c57a6b,Gas Canister 220g,9,8.63,20.00,62.14,6.21
1a05f453-5c60-44bf-8b1c-e8031f99f632,88aff670-f85e-42db-8f51-b86ec7152bee,cb181b90-6f4d-4ed9-9c25-6e9becdb2683,Insect Repellent,2,13.05,15.00,22.19,2.22
337d9fb2-bd9f-4380-9d9b-ae613cdd1d8c,6840d36b-908c-4b9f-ba6d-01a53ca405b9,3beae68d-3060-4daa-8c3f-101e450ce2bd,First Aid Kit,8,33.41,0.00,267.28,26.73
55465428-366c-4ebd-a69a-195c9ad20a83,4e6ea770-0baa-484a-8581-d4eceaba64c7,0174809a-be6f-49c0-a566-868ed281c4af,Camping Tent 4-Person,6,314.42,0.00,1886.52,188.65
004c1ba3-f50e-466f-9ea9-c1f46193ffa2,4e6ea770-0baa-484a-8581-d4eceaba64c7,3beae68d-3060-4daa-8c3f-101e450ce2bd,First Aid Kit,3,33.41,0.00,100.23,10.02
49c89bf4-414c-412f-aac2-b3b59079d1ff,4e6ea770-0baa-484a-8581-d4eceaba64c7,8cbbcfea-3fb3-4b97-b7ec-34856562714c,Hiking Boots - Women's,1,166.42,0.00,166.42,16.64
2b01c13a-a732-4bc8-ad57-cd90310ec272,4e6ea770-0baa-484a-8581-d4eceaba64c7,3a57db65-80d7-46bb-8a38-83ee8f366607,Camping Lantern,8,37.67,0.00,301.36,30.14
2f55a620-44fe-444c-82ed-756ee05f6fc7,4e6ea770-0baa-484a-8581-d4eceaba64c7,cb181b90-6f4d-4ed9-9c25-6e9becdb2683,Insect Repellent,2,13.05,0.00,26.10,2.61
e544ff11-2171-4cbe-a8ef-2a53277e7792,2c4596c4-0d09-4f7d-8279-0795848f0861,838f226e-dd6f-486a-ac01-d579e40dbb14,Sunscreen SPF50+,5,15.04,0.00,75.20,7.52
f6476c57-2bb7-42a5-ac6d-04648e4abd30,2c4596c4-0d09-4f7d-8279-0795848f0861,ec4396bb-df34-4008-b3a1-8df59548d90b,Hammock,8,46.14,0.00,369.12,36.91
5bd2d12a-c23c-4b07-a7de-4b4aaac6787f,2c4596c4-0d09-4f7d-8279-0795848f0861,e2c0cd62-99f2-468e-aa5e-9dbe44e619b2,Head Torch LED,5,29.88,0.00,149.40,14.94
f5285d33-cdca-46ab-bf12-97ab36c178da,2c4596c4-0d09-4f7d-8279-0795848f0861,3f330271-554e-45b0-a931-2e035437be0f,Camping Table,5,69.41,0.00,347.05,34.71
c025bf78-5565-4f63-bd6f-b6b5b74a4891,2c4596c4-0d09-4f7d-8279-0795848f0861,3a274fe9-e93d-4cfd-8eb2-f97751e43367,Dry Bag 20L,10,25.12,5.00,238.64,23.86
9f91d253-9e61-489f-9696-1a564987b4fb,1284a690-62ee-4bad-a6a2-cdf7f8a5a797,14e64280-bd03-48c5-a021-4bb29426c007,Gas Stove - Portable,3,57.01,0.00,171.03,17.10
29fffa17-43dd-46ae-9952-961f96e6cac8,1284a690-62ee-4bad-a6a2-cdf7f8a5a797,5efadb73-4149-4fee-9142-11bc5c3aae7a,Compass - Professional,6,38.31,0.00,229.86,22.99
9b5e4d31-5922-44d8-aac3-f2fbc42dea0c,1284a690-62ee-4bad-a6a2-cdf7f8a5a797,3a57db65-80d7-46bb-8a38-83ee8f366607,Camping Lantern,3,37.67,5.00,107.36,10.74
9f50a7f5-288d-48f6-9178-128d23fbd0f8,1284a690-62ee-4bad-a6a2-cdf7f8a5a797,ba1f94d1-03c9-4dd4-a89f-f65c98a179c5,Camping Chair - Foldable,8,46.33,0.00,370.64,37.06
91f3b0a5-0139-401a-9783-29918fdd1694,1284a690-62ee-4bad-a6a2-cdf7f8a5a797,ec4396bb-df34-4008-b3a1-8df59548d90b,Hammock,7,46.14,0.00,322.98,32.30
d0c0e405-da2f-44cc-b561-966dc1f15214,1284a690-62ee-4bad-a6a2-cdf7f8a5a797,3f330271-554e-45b0-a931-2e035437be0f,Camping Table,8,69.41,0.00,555.28,55.53
5626dabc-abd2-4ce9-8fce-4cc2c35ce6ce,1284a690-62ee-4bad-a6a2-cdf7f8a5a797,ac3446f6-9e63-4076-89cd-f1c89675a42b,Trekking Poles - Pair,5,65.78,0.00,328.90,32.89
60e59fbe-bf92-4b63-b04d-b4c7f6d40c62,1284a690-62ee-4bad-a6a2-cdf7f8a5a797,48d49bf7-960a-4044-99ed-dc299470a464,Sleeping Bag - Standard,7,81.51,0.00,570.57,57.06
bcb46a2a-ddcb-4022-b012-db1094821c00,6b2fcd2d-3bb1-4d93-92fa-45fe7adc9ed0,14e64280-bd03-48c5-a021-4bb29426c007,Gas Stove - Portable,8,57.01,0.00,456.08,45.61
3dbaf6f1-86b4-4a88-9052-bf39a83263a2,6b2fcd2d-3bb1-4d93-92fa-45fe7adc9ed0,838f226e-dd6f-486a-ac01-d579e40dbb14,Sunscreen SPF50+,2,15.04,0.00,30.08,3.01
609b1579-e522-4039-8c2b-5cf9b435a1cb,6b2fcd2d-3bb1-4d93-92fa-45fe7adc9ed0,e2c0cd62-99f2-468e-aa5e-9dbe44e619b2,Head Torch LED,4,29.88,0.00,119.52,11.95
0a6057fd-fd8a-4772-b06e-571afc4fc1cb,6b2fcd2d-3bb1-4d93-92fa-45fe7adc9ed0,11eb3581-838f-45b7-bb2a-b9c485585632,Hiking Backpack 40L,10,111.84,0.00,1118.40,111.84
17a2dcf7-854a-4bae-8812-7f7abe17afd0,6b2fcd2d-3bb1-4d93-92fa-45fe7adc9ed0,48d49bf7-960a-4044-99ed-dc299470a464,Sleeping Bag - Standard,5,81.51,20.00,326.04,32.60
5757b28b-3240-4762-b2e8-bd2432d0fff8,6b2fcd2d-3bb1-4d93-92fa-45fe7adc9ed0,0174809a-be6f-49c0-a566-868ed281c4af,Camping Tent 4-Person,1,314.42,0.00,314.42,31.44
aa8fc406-0a4f-4125-889c-ad7cac963c38,6b2fcd2d-3bb1-4d93-92fa-45fe7adc9ed0,ccda4206-2a1f-45bc-b24d-c1ed3c349fc6,Waterproof Jacket,2,99.32,0.00,198.64,19.86
6a4de837-0d36-4e76-8689-40fa963c20b9,cde004d7-3422-4f87-98e1-20c02976c140,ab67eed1-8719-4cb2-be77-c5e083a57a2f,Cooler Box 40L,1,92.05,0.00,92.05,9.21
2da3fd19-792f-4fd2-8a3a-d4fc108e1ae4,cde004d7-3422-4f87-98e1-20c02976c140,0174809a-be6f-49c0-a566-868ed281c4af,Camping Tent 4-Person,3,314.42,20.00,754.61,75.46
2ed0daef-d7e0-482d-b741-0e05c70ca892,cde004d7-3422-4f87-98e1-20c02976c140,cb181b90-6f4d-4ed9-9c25-6e9becdb2683,Insect Repellent,9,13.05,0.00,117.45,11.75
2a9a2846-9a64-4cfe-a9e1-1a0068a198ca,cde004d7-3422-4f87-98e1-20c02976c140,b9ae3e12-d4f1-4d77-8c96-1e7466d60cdf,Camping Tent 2-Person,6,171.87,20.00,824.98,82.50
a2b7c8ca-7bb0-45f7-a605-822baf8f1b51,cde004d7-3422-4f87-98e1-20c02976c140,48d49bf7-960a-4044-99ed-dc299470a464,Sleeping Bag - Standard,7,81.51,10.00,513.51,51.35
a5ddd26a-16f1-49c2-98ae-67adacec206b,cde004d7-3422-4f87-98e1-20c02976c140,838f226e-dd6f-486a-ac01-d579e40dbb14,Sunscreen SPF50+,1,15.04,0.00,15.04,1.50
7f19ced0-9c96-45dd-858e-df5bddd267a1,cde004d7-3422-4f87-98e1-20c02976c140,ba1f94d1-03c9-4dd4-a89f-f65c98a179c5,Camping Chair - Foldable,8,46.33,0.00,370.64,37.06
03970c68-5a48-4734-998c-25a2061ab628,cde004d7-3422-4f87-98e1-20c02976c140,25a56c2a-d003-4be9-92eb-a017a976140a,Hiking Backpack 65L,6,149.62,0.00,897.72,89.77
710254ee-016f-43f8-aee5-cb70ca5069d9,23edb5b8-fa4e-4e39-ad81-cb4d5f70a859,14e64280-bd03-48c5-a021-4bb29426c007,Gas Stove - Portable,2,57.01,0.00,114.02,11.40
72589481-4e26-4541-b132-423266c8cad1,23edb5b8-fa4e-4e39-ad81-cb4d5f70a859,3f330271-554e-45b0-a931-2e035437be0f,Camping Table,4,69.41,20.00,222.11,22.21
d692f6bd-c662-40ba-8144-4619bc2087f8,23edb5b8-fa4e-4e39-ad81-cb4d5f70a859,cb181b90-6f4d-4ed9-9c25-6e9becdb2683,Insect Repellent,9,13.05,0.00,117.45,11.75
c0f761a7-04c1-457f-abb2-fb6d1530d6b2,23edb5b8-fa4e-4e39-ad81-cb4d5f70a859,3a274fe9-e93d-4cfd-8eb2-f97751e43367,Dry Bag 20L,1,25.12,0.00,25.12,2.51
abc3b3b2-c5e9-4932-8f08-e7d8ac8697aa,9e661d05-d982-4c70-92e2-b4b796277763,0174809a-be6f-49c0-a566-868ed281c4af,Camping Tent 4-Person,4,314.42,0.00,1257.68,125.77
bc495fcf-f5dd-4efd-9dcd-d62237eab2f7,9e661d05-d982-4c70-92e2-b4b796277763,458ebebb-1262-4530-b0a9-ad1b679b6667,Sleeping Bag - Premium,2,173.13,0.00,346.26,34.63
d9bf3b74-7742-4571-b0f9-350e8db5bd35,9e661d05-d982-4c70-92e2-b4b796277763,3beae68d-3060-4daa-8c3f-101e450ce2bd,First Aid Kit,8,33.41,0.00,267.28,26.73
24476f06-a8f0-4e98-8c8a-53eb794b5b37,9e661d05-d982-4c70-92e2-b4b796277763,3a274fe9-e93d-4cfd-8eb2-f97751e43367,Dry Bag 20L,10,25.12,20.00,200.96,20.10
cf3f59e3-60cc-444c-8c68-508e4dc66901,d85f3a10-d802-42f8-8453-c97abb6e4ce8,3f330271-554e-45b0-a931-2e035437be0f,Camping Table,4,69.41,0.00,277.64,27.76
186a3e0b-772c-4668-ac2d-03e8864b6572,d85f3a10-d802-42f8-8453-c97abb6e4ce8,5efadb73-4149-4fee-9142-11bc5c3aae7a,Compass - Professional,5,38.31,5.00,181.97,18.20
11f7811f-bf45-4b81-9157-27bcf45356a0,236ebe39-ddb9-4e9a-ad9f-f2b933a1578a,458ebebb-1262-4530-b0a9-ad1b679b6667,Sleeping Bag - Premium,4,173.13,5.00,657.89,65.79
28499253-eb79-468f-ae04-8140eee65929,236ebe39-ddb9-4e9a-ad9f-f2b933a1578a,14e64280-bd03-48c5-a021-4bb29426c007,Gas Stove - Portable,1,57.01,0.00,57.01,5.70
11067dab-8ed4-4fcb-8ea9-13ef60a192c1,236ebe39-ddb9-4e9a-ad9f-f2b933a1578a,838f226e-dd6f-486a-ac01-d579e40dbb14,Sunscreen SPF50+,6,15.04,0.00,90.24,9.02
7790ff91-f250-4789-8d42-be237cc49722,236ebe39-ddb9-4e9a-ad9f-f2b933a1578a,8cbbcfea-3fb3-4b97-b7ec-34856562714c,Hiking Boots - Women's,5,166.42,0.00,832.10,83.21
ef48d28b-96ca-46b2-b02e-85e2e944ee45,98fb7fa1-fd41-425d-b091-e69af3eb9267,3541c0c2-9298-46bb-af9c-9c7e99c57a6b,Gas Canister 220g,5,8.63,0.00,43.15,4.32
480b4f21-4b00-4e4c-bc58-ffd474ff4bbf,98fb7fa1-fd41-425d-b091-e69af3eb9267,458ebebb-1262-4530-b0a9-ad1b679b6667,Sleeping Bag - Premium,3,173.13,0.00,519.39,51.94
ee66aa43-80dc-427b-90c8-b5596cebe213,98fb7fa1-fd41-425d-b091-e69af3eb9267,e2c0cd62-99f2-468e-aa5e-9dbe44e619b2,Head Torch LED,5,29.88,0.00,149.40,14.94
701a8092-fbb3-4617-9645-19d402eebf63,98fb7fa1-fd41-425d-b091-e69af3eb9267,3a57db65-80d7-46bb-8a38-83ee8f366607,Camping Lantern,10,37.67,0.00,376.70,37.67
8badaad4-4e31-422d-8109-e09516a21d17,98fb7fa1-fd41-425d-b091-e69af3eb9267,5efadb73-4149-4fee-9142-11bc5c3aae7a,Compass - Professional,10,38.31,0.00,383.10,38.31
769a3e98-7913-411f-a014-12c7c352599c,98fb7fa1-fd41-425d-b091-e69af3eb9267,8cbbcfea-3fb3-4b97-b7ec-34856562714c,Hiking Boots - Women's,7,166.42,10.00,1048.45,104.85
725c684f-cb1b-465e-9325-e10a172f8dba,98fb7fa1-fd41-425d-b091-e69af3eb9267,3beae68d-3060-4daa-8c3f-101e450ce2bd,First Aid Kit,7,33.41,0.00,233.87,23.39
c8f2cf5d-7b5c-4860-92c3-e5ae14e5a5dc,98fb7fa1-fd41-425d-b091-e69af3eb9267,3f330271-554e-45b0-a931-2e035437be0f,Camping Table,2,69.41,0.00,138.82,13.88
19cc8778-0f1e-4edf-8f2e-d73ae69995e8,508cf3d6-0aba-4bf5-88c3-b6a9b8c4b904,02232172-9b28-4bc5-9a70-c230b5281f0b,Hiking Boots - Men's,5,153.69,0.00,768.45,76.85
c1df01f6-883b-4388-ad47-8c6eea092a2a,508cf3d6-0aba-4bf5-88c3-b6a9b8c4b904,3a57db65-80d7-46bb-8a38-83ee8f366607,Camping Lantern,6,37.67,0.00,226.02,22.60
1f60d0e6-ea09-40bd-a377-e269dd640f6c,508cf3d6-0aba-4bf5-88c3-b6a9b8c4b904,b05fe347-f0dc-48dc-8a47-eceb4e9ca472,Water Bottle 1L,8,20.22,0.00,161.76,16.18
67fffc28-c060-46bd-9851-8bf63f42ef83,508cf3d6-0aba-4bf5-88c3-b6a9b8c4b904,72f14575-a2a4-4b1b-a259-b8926c672424,Fleece Pullover,5,54.95,0.00,274.75,27.48
3a412d06-2a79-48d1-b8cc-b14672f7d214,508cf3d6-0aba-4bf5-88c3-b6a9b8c4b904,11eb3581-838f-45b7-bb2a-b9c485585632,Hiking Backpack 40L,1,111.84,0.00,111.84,11.18
04cbf5bc-4e8a-4152-a815-aa1d8e240136,508cf3d6-0aba-4bf5-88c3-b6a9b8c4b904,b9ae3e12-d4f1-4d77-8c96-1e7466d60cdf,Camping Tent 2-Person,2,171.87,0.00,343.74,34.37
7d3ce626-85e8-4d45-8a0a-7e25c6695bba,508cf3d6-0aba-4bf5-88c3-b6a9b8c4b904,e2c0cd62-99f2-468e-aa5e-9dbe44e619b2,Head Torch LED,3,29.88,0.00,89.64,8.96
58c21283-8946-48a8-aba0-7a213bed8d1b,3ca4d2f0-fce8-4881-90ca-f4fcba79ec25,3f330271-554e-45b0-a931-2e035437be0f,Camping Table,6,69.41,0.00,416.46,41.65
a4cc6d74-9f72-4a57-a96e-c50a1157e4f9,3ca4d2f0-fce8-4881-90ca-f4fcba79ec25,48d49bf7-960a-4044-99ed-dc299470a464,Sleeping Bag - Standard,10,81.51,10.00,733.59,73.36
26ce2102-8851-42f6-853f-115e3f20f592,3ca4d2f0-fce8-4881-90ca-f4fcba79ec25,25a56c2a-d003-4be9-92eb-a017a976140a,Hiking Backpack 65L,3,149.62,0.00,448.86,44.89
52d01787-885b-4273-8d86-aa85895f37b8,3ca4d2f0-fce8-4881-90ca-f4fcba79ec25,e2c0cd62-99f2-468e-aa5e-9dbe44e619b2,Head Torch LED,10,29.88,0.00,298.80,29.88
0c705643-b153-4fbc-9edc-4f99cbfb58ba,3ca4d2f0-fce8-4881-90ca-f4fcba79ec25,02232172-9b28-4bc5-9a70-c230b5281f0b,Hiking Boots - Men's,3,153.69,0.00,461.07,46.11
8c56db62-a267-43b4-9592-a6969d16c862,70fecab8-5195-4c07-9ae8-c870276cc63e,ac3446f6-9e63-4076-89cd-f1c89675a42b,Trekking Poles - Pair,4,65.78,0.00,263.12,26.31
89b8d295-a612-40db-8783-84258a1fd161,70fecab8-5195-4c07-9ae8-c870276cc63e,3541c0c2-9298-46bb-af9c-9c7e99c57a6b,Gas Canister 220g,1,8.63,0.00,8.63,0.86
9fd1684b-c419-406c-ac92-cc5996d077f6,70fecab8-5195-4c07-9ae8-c870276cc63e,e2c0cd62-99f2-468e-aa5e-9dbe44e619b2,Head Torch LED,7,29.88,0.00,209.16,20.92
633dbb34-224f-4e40-9f66-65f1c6e14bac,70fecab8-5195-4c07-9ae8-c870276cc63e,72f14575-a2a4-4b1b-a259-b8926c672424,Fleece Pullover,6,54.95,0.00,329.70,32.97
10eb817c-1a8e-4a41-8eb8-13a1deee427c,282fe72f-c169-4d31-a5fa-ad7ecfc928d2,3beae68d-3060-4daa-8c3f-101e450ce2bd,First Aid Kit,5,33.41,0.00,167.05,16.71
35eff1e3-d1db-4d26-abfa-e1b9195d3008,282fe72f-c169-4d31-a5fa-ad7ecfc928d2,b05fe347-f0dc-48dc-8a47-eceb4e9ca472,Water Bottle 1L,3,20.22,0.00,60.66,6.07
f35723ad-8514-44ba-bbe5-4b6d34563ded,282fe72f-c169-4d31-a5fa-ad7ecfc928d2,458ebebb-1262-4530-b0a9-ad1b679b6667,Sleeping Bag - Premium,6,173.13,0.00,1038.78,103.88
d57793e6-576f-4ccf-9c18-54f76fa10660,282fe72f-c169-4d31-a5fa-ad7ecfc928d2,11eb3581-838f-45b7-bb2a-b9c485585632,Hiking Backpack 40L,3,111.84,0.00,335.52,33.55
32ec9731-da5b-4bd4-8ccc-2fa5f7cdc0cf,a8509a43-8659-46de-9660-83f3b6f12888,ccda4206-2a1f-45bc-b24d-c1ed3c349fc6,Waterproof Jacket,2,99.32,0.00,198.64,19.86
cea0eedc-8f89-40cf-999b-daf3436369e4,a8509a43-8659-46de-9660-83f3b6f12888,b05fe347-f0dc-48dc-8a47-eceb4e9ca472,Water Bottle 1L,8,20.22,0.00,161.76,16.18
a40c61f7-a554-4431-bc55-343648c5c187,a8509a43-8659-46de-9660-83f3b6f12888,3a274fe9-e93d-4cfd-8eb2-f97751e43367,Dry Bag 20L,7,25.12,20.00,140.67,14.07
27b6ce4b-935c-4f30-acab-251d2102fcbc,a8509a43-8659-46de-9660-83f3b6f12888,14e64280-bd03-48c5-a021-4bb29426c007,Gas Stove - Portable,9,57.01,20.00,410.47,41.05
1bc4b58a-7739-49fe-a799-7fa20a9a71b9,a8509a43-8659-46de-9660-83f3b6f12888,8cbbcfea-3fb3-4b97-b7ec-34856562714c,Hiking Boots - Women's,9,166.42,0.00,1497.78,149.78
5904f8a0-3a76-455f-8666-9408c73ae4f8,a8509a43-8659-46de-9660-83f3b6f12888,b9ae3e12-d4f1-4d77-8c96-1e7466d60cdf,Camping Tent 2-Person,6,171.87,0.00,1031.22,103.12
412ed4b7-1cc6-4604-8e7a-dbf644becfae,a8509a43-8659-46de-9660-83f3b6f12888,458ebebb-1262-4530-b0a9-ad1b679b6667,Sleeping Bag - Premium,5,173.13,0.00,865.65,86.57
4ae95cee-1873-45dc-b2a9-7fb2598287ea,1cf53406-21b2-42e1-8a2e-8fd90e7f7f6a,02232172-9b28-4bc5-9a70-c230b5281f0b,Hiking Boots - Men's,6,153.69,0.00,922.14,92.21
7580ba7e-687c-4c9d-aa10-3716fdaecd48,1cf53406-21b2-42e1-8a2e-8fd90e7f7f6a,ab67eed1-8719-4cb2-be77-c5e083a57a2f,Cooler Box 40L,7,92.05,0.00,644.35,64.44
59cb9c1a-6ea4-4c24-a7f1-7f79294fd0d3,da1df720-e3e2-4c07-b96f-817ced20e8b1,48d49bf7-960a-4044-99ed-dc299470a464,Sleeping Bag - Standard,3,81.51,0.00,244.53,24.45
98c43940-f2c5-439b-b424-bd78f200ca86,da1df720-e3e2-4c07-b96f-817ced20e8b1,ec4396bb-df34-4008-b3a1-8df59548d90b,Hammock,6,46.14,0.00,276.84,27.68
2910d0af-8ec7-4836-aee8-d3423cd95ce5,905f19fa-75be-4751-bcc0-8abe81c552d9,3a57db65-80d7-46bb-8a38-83ee8f366607,Camping Lantern,8,37.67,0.00,301.36,30.14
2e4cafb5-5417-4157-bc63-bf4ddb2fc7d7,905f19fa-75be-4751-bcc0-8abe81c552d9,e2c0cd62-99f2-468e-aa5e-9dbe44e619b2,Head Torch LED,6,29.88,0.00,179.28,17.93
e1ff4530-c87e-4366-ac4c-f04e94d27b74,905f19fa-75be-4751-bcc0-8abe81c552d9,0174809a-be6f-49c0-a566-868ed281c4af,Camping Tent 4-Person,10,314.42,20.00,2515.36,251.54
62e74dd3-a056-4cf1-9bd2-ae66932fc0c1,905f19fa-75be-4751-bcc0-8abe81c552d9,b05fe347-f0dc-48dc-8a47-eceb4e9ca472,Water Bottle 1L,2,20.22,0.00,40.44,4.04
b632f1bf-7383-4d06-8fa2-d3845da33cfd,905f19fa-75be-4751-bcc0-8abe81c552d9,ccda4206-2a1f-45bc-b24d-c1ed3c349fc6,Waterproof Jacket,4,99.32,0.00,397.28,39.73
83721c90-4dc1-41c2-817e-b085a22d3041,905f19fa-75be-4751-bcc0-8abe81c552d9,5efadb73-4149-4fee-9142-11bc5c3aae7a,Compass - Professional,1,38.31,5.00,36.39,3.64
0e5c2d31-4ce8-4f9c-a28c-f8e8ced296eb,2e399515-577d-4b05-a79e-fa5db140b9e4,48d49bf7-960a-4044-99ed-dc299470a464,Sleeping Bag - Standard,7,81.51,0.00,570.57,57.06
f928217c-1c00-49e2-8305-65612bb7921e,2e399515-577d-4b05-a79e-fa5db140b9e4,ec4396bb-df34-4008-b3a1-8df59548d90b,Hammock,1,46.14,0.00,46.14,4.61
1c7e95cb-2d1a-4e52-9204-93f595a3f1f0,2e399515-577d-4b05-a79e-fa5db140b9e4,3541c0c2-9298-46bb-af9c-9c7e99c57a6b,Gas Canister 220g,5,8.63,0.00,43.15,4.32
b69b918f-a36e-4f66-b870-1ee627863e84,2e399515-577d-4b05-a79e-fa5db140b9e4,b9ae3e12-d4f1-4d77-8c96-1e7466d60cdf,Camping Tent 2-Person,5,171.87,0.00,859.35,85.94
7560aa56-b219-4248-9557-897bd82f19d0,2e399515-577d-4b05-a79e-fa5db140b9e4,02232172-9b28-4bc5-9a70-c230b5281f0b,Hiking Boots - Men's,7,153.69,20.00,860.66,86.07
81ccf20d-c384-43cd-bbbb-d3a789f7a881,181394a2-fd87-439e-ab7d-c534bc940a7e,11eb3581-838f-45b7-bb2a-b9c485585632,Hiking Backpack 40L,4,111.84,10.00,402.62,40.26
41c637e6-e193-4cbf-8f5d-1834faea2973,181394a2-fd87-439e-ab7d-c534bc940a7e,3541c0c2-9298-46bb-af9c-9c7e99c57a6b,Gas Canister 220g,1,8.63,0.00,8.63,0.86
3cfcf869-c605-49df-b20a-2a75efe3ccb6,1dec923f-56a3-4b39-b426-48ba14db147e,ba1f94d1-03c9-4dd4-a89f-f65c98a179c5,Camping Chair - Foldable,5,46.33,0.00,231.65,23.17
47c9646f-1b44-40a2-aeaf-303eefe9b4a0,1dec923f-56a3-4b39-b426-48ba14db147e,48d49bf7-960a-4044-99ed-dc299470a464,Sleeping Bag - Standard,4,81.51,0.00,326.04,32.60
d7836fb6-e5df-4bc1-8ca2-ab9b99c87a00,1dec923f-56a3-4b39-b426-48ba14db147e,02232172-9b28-4bc5-9a70-c230b5281f0b,Hiking Boots - Men's,8,153.69,0.00,1229.52,122.95
c8a03f7f-5337-4d9e-bc5d-5c7798c76b20,1dec923f-56a3-4b39-b426-48ba14db147e,3a57db65-80d7-46bb-8a38-83ee8f366607,Camping Lantern,7,37.67,0.00,263.69,26.37
1d9bcb33-7ed8-4a6b-9ab8-905b1bf7d72c,2fd58968-c277-4e83-9974-3a6ce7620869,ec4396bb-df34-4008-b3a1-8df59548d90b,Hammock,3,46.14,0.00,138.42,13.84
dc3dc63e-1962-4caf-b3a0-426b845ebdb4,2fd58968-c277-4e83-9974-3a6ce7620869,11eb3581-838f-45b7-bb2a-b9c485585632,Hiking Backpack 40L,7,111.84,0.00,782.88,78.29
169c6906-9d24-4ac2-beb1-2d75f334a024,2fd58968-c277-4e83-9974-3a6ce7620869,48d49bf7-960a-4044-99ed-dc299470a464,Sleeping Bag - Standard,3,81.51,0.00,244.53,24.45
a6d932bc-cec0-466b-bf98-0e9b8307d666,2fd58968-c277-4e83-9974-3a6ce7620869,3beae68d-3060-4daa-8c3f-101e450ce2bd,First Aid Kit,4,33.41,0.00,133.64,13.36
10067ced-4822-4119-bb11-0618fdc590e7,2fd58968-c277-4e83-9974-3a6ce7620869,b9ae3e12-d4f1-4d77-8c96-1e7466d60cdf,Camping Tent 2-Person,5,171.87,0.00,859.35,85.94
bc2b335d-c138-4432-8122-65c2d37e5133,ad10c68c-56f3-45d3-9c84-9f0e982fdc16,3beae68d-3060-4daa-8c3f-101e450ce2bd,First Aid Kit,8,33.41,0.00,267.28,26.73
35fdb6fb-c61c-485b-aa2f-04f745af9b0f,ad10c68c-56f3-45d3-9c84-9f0e982fdc16,ac3446f6-9e63-4076-89cd-f1c89675a42b,Trekking Poles - Pair,2,65.78,0.00,131.56,13.16
c245dd6d-5725-4a4a-9426-2b071212e250,ad10c68c-56f3-45d3-9c84-9f0e982fdc16,48d49bf7-960a-4044-99ed-dc299470a464,Sleeping Bag - Standard,9,81.51,0.00,733.59,73.36
33abf4e5-639a-4c37-b8f7-4375cb596f56,ad10c68c-56f3-45d3-9c84-9f0e982fdc16,458ebebb-1262-4530-b0a9-ad1b679b6667,Sleeping Bag - Premium,10,173.13,0.00,1731.30,173.13
954cb1d5-15a9-4c1b-9bbf-08777698b300,ad10c68c-56f3-45d3-9c84-9f0e982fdc16,25a56c2a-d003-4be9-92eb-a017a976140a,Hiking Backpack 65L,5,149.62,0.00,748.10,74.81
8b52019a-4c41-4718-8e70-66394d41a338,ad10c68c-56f3-45d3-9c84-9f0e982fdc16,3f330271-554e-45b0-a931-2e035437be0f,Camping Table,5,69.41,0.00,347.05,34.71
6d7fefa6-48cc-4411-8a9a-01543c839cd3,b4b1b32b-eb02-4121-8f3a-01c726033398,b05fe347-f0dc-48dc-8a47-eceb4e9ca472,Water Bottle 1L,8,20.22,0.00,161.76,16.18
c3128e43-5d28-4f49-88a6-7d6c0f37450f,b4b1b32b-eb02-4121-8f3a-01c726033398,e2c0cd62-99f2-468e-aa5e-9dbe44e619b2,Head Torch LED,5,29.88,0.00,149.40,14.94
818973cf-0b8f-433a-9b2f-42006a8ad3f1,649924b7-1e2c-42d8-aaa4-da93ab31699a,ba1f94d1-03c9-4dd4-a89f-f65c98a179c5,Camping Chair - Foldable,10,46.33,0.00,463.30,46.33
ae24c722-4afb-4ffd-a81d-644e2893bd27,649924b7-1e2c-42d8-aaa4-da93ab31699a,25a56c2a-d003-4be9-92eb-a017a976140a,Hiking Backpack 65L,5,149.62,0.00,748.10,74.81
e9e5339f-897a-4e43-a36e-22741805751b,649924b7-1e2c-42d8-aaa4-da93ab31699a,02232172-9b28-4bc5-9a70-c230b5281f0b,Hiking Boots - Men's,2,153.69,0.00,307.38,30.74
15cb16b6-8b4a-47e9-996f-c8c28093da6f,d74cb86a-eb83-4789-97c2-d18aaeea8ad3,838f226e-dd6f-486a-ac01-d579e40dbb14,Sunscreen SPF50+,3,15.04,0.00,45.12,4.51
576edcbd-f0c2-4bf6-8269-e797b8c7e007,d74cb86a-eb83-4789-97c2-d18aaeea8ad3,3f330271-554e-45b0-a931-2e035437be0f,Camping Table,4,69.41,0.00,277.64,27.76
12dbfd14-d5a4-45d7-8030-a404e9cd596c,d74cb86a-eb83-4789-97c2-d18aaeea8ad3,72f14575-a2a4-4b1b-a259-b8926c672424,Fleece Pullover,2,54.95,0.00,109.90,10.99
7bc0e352-80e3-411d-bf16-ce11cb55ef07,d74cb86a-eb83-4789-97c2-d18aaeea8ad3,ec4396bb-df34-4008-b3a1-8df59548d90b,Hammock,4,46.14,15.00,156.88,15.69
97fa31e5-1e5c-4e5c-a969-bdefc486baee,28e1673a-c57f-4000-bc4e-378bdaba1eda,ccda4206-2a1f-45bc-b24d-c1ed3c349fc6,Waterproof Jacket,1,99.32,0.00,99.32,9.93
274e65b5-d988-4afb-aba1-a7bcb5884ce0,28e1673a-c57f-4000-bc4e-378bdaba1eda,3f330271-554e-45b0-a931-2e035437be0f,Camping Table,4,69.41,0.00,277.64,27.76
b96d9506-d3de-4572-9d52-850b36befda0,28e1673a-c57f-4000-bc4e-378bdaba1eda,25a56c2a-d003-4be9-92eb-a017a976140a,Hiking Backpack 65L,4,149.62,0.00,598.48,59.85
50272def-4d26-40eb-98cf-b6cc0d669f6a,28e1673a-c57f-4000-bc4e-378bdaba1eda,e2c0cd62-99f2-468e-aa5e-9dbe44e619b2,Head Torch LED,7,29.88,10.00,188.24,18.82
956e10f6-f4e6-4814-a21d-9f744ee82eec,28e1673a-c57f-4000-bc4e-378bdaba1eda,14e64280-bd03-48c5-a021-4bb29426c007,Gas Stove - Portable,2,57.01,0.00,114.02,11.40
5f7d4e2c-5277-4447-b331-112f36d8718a,28e1673a-c57f-4000-bc4e-378bdaba1eda,5efadb73-4149-4fee-9142-11bc5c3aae7a,Compass - Professional,6,38.31,0.00,229.86,22.99
d5b35e44-8e5a-4e46-9835-be8d5f62edd4,28e1673a-c57f-4000-bc4e-378bdaba1eda,ac3446f6-9e63-4076-89cd-f1c89675a42b,Trekking Poles - Pair,8,65.78,0.00,526.24,52.62
2c5e72fe-6382-4e7a-9371-44dc3ab58638,f81cf192-5af3-4b36-816b-dc6ad8e5142f,3a274fe9-e93d-4cfd-8eb2-f97751e43367,Dry Bag 20L,1,25.12,0.00,25.12,2.51
d8bd00de-ec5b-49a7-8335-ad061ca7b48c,3ca27cc7-dedf-4144-83aa-f3dfbb3d6159,ccda4206-2a1f-45bc-b24d-c1ed3c349fc6,Waterproof Jacket,2,99.32,0.00,198.64,19.86
9d4c28a4-7c63-40dd-ba23-e7ef222d353d,3ca27cc7-dedf-4144-83aa-f3dfbb3d6159,ab67eed1-8719-4cb2-be77-c5e083a57a2f,Cooler Box 40L,2,92.05,15.00,156.49,15.65
5d957417-d739-4bf1-9430-f560e1b23552,3ca27cc7-dedf-4144-83aa-f3dfbb3d6159,0174809a-be6f-49c0-a566-868ed281c4af,Camping Tent 4-Person,4,314.42,0.00,1257.68,125.77
970dd9ee-fb59-45f2-ac7c-d4278fa81a91,3ca27cc7-dedf-4144-83aa-f3dfbb3d6159,b9ae3e12-d4f1-4d77-8c96-1e7466d60cdf,Camping Tent 2-Person,5,171.87,0.00,859.35,85.94
471aa5ab-46d2-47ba-ac63-5ae350d7cc9a,3ca27cc7-dedf-4144-83aa-f3dfbb3d6159,ba1f94d1-03c9-4dd4-a89f-f65c98a179c5,Camping Chair - Foldable,5,46.33,0.00,231.65,23.17
a2312205-efcf-4a7b-95a2-31f7a9f7f275,3ca27cc7-dedf-4144-83aa-f3dfbb3d6159,11eb3581-838f-45b7-bb2a-b9c485585632,Hiking Backpack 40L,6,111.84,0.00,671.04,67.10
9dde7e90-413d-493f-994f-9e01a11a4259,3ca27cc7-dedf-4144-83aa-f3dfbb3d6159,72f14575-a2a4-4b1b-a259-b8926c672424,Fleece Pullover,8,54.95,15.00,373.66,37.37
67a90d4f-ba20-418b-b259-f844aa7cfa81,55e0cc07-aa04-4689-911e-6a864c89a651,3beae68d-3060-4daa-8c3f-101e450ce2bd,First Aid Kit,8,33.41,0.00,267.28,26.73
2031d974-1d74-4398-bb11-f1a855cfddfc,4eebe823-4de1-4ae1-84dd-0e71acbf7d3f,458ebebb-1262-4530-b0a9-ad1b679b6667,Sleeping Bag - Premium,2,173.13,0.00,346.26,34.63
a6e45374-c810-48c5-acdb-19ee948311c0,4eebe823-4de1-4ae1-84dd-0e71acbf7d3f,8cbbcfea-3fb3-4b97-b7ec-34856562714c,Hiking Boots - Women's,4,166.42,0.00,665.68,66.57
3c1cb861-9baf-4b5a-ae78-a83d539d0f49,4eebe823-4de1-4ae1-84dd-0e71acbf7d3f,ccda4206-2a1f-45bc-b24d-c1ed3c349fc6,Waterproof Jacket,7,99.32,0.00,695.24,69.52
23400fae-9758-431e-ab34-5a4918a7975d,4eebe823-4de1-4ae1-84dd-0e71acbf7d3f,3beae68d-3060-4daa-8c3f-101e450ce2bd,First Aid Kit,7,33.41,15.00,198.79,19.88
0d8e7760-2681-4136-926e-4122e2023862,b12554e0-8eaa-4b3b-a430-04483514b96a,ab67eed1-8719-4cb2-be77-c5e083a57a2f,Cooler Box 40L,4,92.05,0.00,368.20,36.82
96fa4e8d-ed25-4d39-b426-3fb3201082d5,b12554e0-8eaa-4b3b-a430-04483514b96a,458ebebb-1262-4530-b0a9-ad1b679b6667,Sleeping Bag - Premium,5,173.13,0.00,865.65,86.57
6d3f27c2-5de3-4fe8-9a18-6913e2a41513,b12554e0-8eaa-4b3b-a430-04483514b96a,3541c0c2-9298-46bb-af9c-9c7e99c57a6b,Gas Canister 220g,3,8.63,0.00,25.89,2.59
d3d76818-775d-4175-b862-3697d5182556,3f83ed43-a38f-4600-98ba-22b4a23d9fb7,02232172-9b28-4bc5-9a70-c230b5281f0b,Hiking Boots - Men's,7,153.69,0.00,1075.83,107.58
fb9bf055-879c-415b-aaaf-600b06a3e255,3f83ed43-a38f-4600-98ba-22b4a23d9fb7,ec4396bb-df34-4008-b3a1-8df59548d90b,Hammock,7,46.14,0.00,322.98,32.30
a84b1fea-737d-47c5-8b2d-3189dd86bc39,7fc7d5f5-1264-4073-a4f6-a643ce3dd61b,3a57db65-80d7-46bb-8a38-83ee8f366607,Camping Lantern,9,37.67,0.00,339.03,33.90
fddfa1b6-1202-422e-9ead-1d91e332c4fd,7fc7d5f5-1264-4073-a4f6-a643ce3dd61b,72f14575-a2a4-4b1b-a259-b8926c672424,Fleece Pullover,1,54.95,0.00,54.95,5.50
1c6adc03-0dd2-4ecf-ab42-c1ff4b8ec915,7fc7d5f5-1264-4073-a4f6-a643ce3dd61b,3f330271-554e-45b0-a931-2e035437be0f,Camping Table,5,69.41,0.00,347.05,34.71
5e220d06-dbbd-419e-b996-c65e8e35fe4a,7fc7d5f5-1264-4073-a4f6-a643ce3dd61b,cb181b90-6f4d-4ed9-9c25-6e9becdb2683,Insect Repellent,6,13.05,0.00,78.30,7.83
a7a6d637-bba4-4871-b3c5-082ee4984fea,7fc7d5f5-1264-4073-a4f6-a643ce3dd61b,14e64280-bd03-48c5-a021-4bb29426c007,Gas Stove - Portable,2,57.01,0.00,114.02,11.40
1b731390-9620-4388-9c25-f3af8ec596e8,7fc7d5f5-1264-4073-a4f6-a643ce3dd61b,b05fe347-f0dc-48dc-8a47-eceb4e9ca472,Water Bottle 1L,4,20.22,0.00,80.88,8.09
d1c8fc31-dbfc-4ba9-a35e-8e41ced6b4ee,7fc7d5f5-1264-4073-a4f6-a643ce3dd61b,e2c0cd62-99f2-468e-aa5e-9dbe44e619b2,Head Torch LED,8,29.88,0.00,239.04,23.90
d923f853-b971-4e50-b895-d87d414fd296,7fc7d5f5-1264-4073-a4f6-a643ce3dd61b,11eb3581-838f-45b7-bb2a-b9c485585632,Hiking Backpack 40L,3,111.84,15.00,285.19,28.52
3bfe9d9b-8135-4c8c-ae49-f5555da90ef0,f4b1523a-6692-4f7a-b5ef-0e39d37fc8e5,3f330271-554e-45b0-a931-2e035437be0f,Camping Table,3,69.41,0.00,208.23,20.82
8dd6bc29-3217-461e-ad8b-d502bf4f6765,f4b1523a-6692-4f7a-b5ef-0e39d37fc8e5,ac3446f6-9e63-4076-89cd-f1c89675a42b,Trekking Poles - Pair,4,65.78,0.00,263.12,26.31
bb4fc11a-bf51-45dc-bc42-3aa814f88d99,52eb33c6-d4a9-4e48-bad9-d504abb708de,ec4396bb-df34-4008-b3a1-8df59548d90b,Hammock,7,46.14,5.00,306.83,30.68
39ecaeff-0e16-4870-9a10-574a0930a59b,52eb33c6-d4a9-4e48-bad9-d504abb708de,02232172-9b28-4bc5-9a70-c230b5281f0b,Hiking Boots - Men's,3,153.69,0.00,461.07,46.11
b91575c4-9929-42f9-b192-0a340b74d274,1c0e8b68-9591-4464-a7f3-c67077903d82,cb181b90-6f4d-4ed9-9c25-6e9becdb2683,Insect Repellent,4,13.05,0.00,52.20,5.22
c9ab02d3-5e32-4c4c-bba4-ff719967b11f,1c0e8b68-9591-4464-a7f3-c67077903d82,ab67eed1-8719-4cb2-be77-c5e083a57a2f,Cooler Box 40L,8,92.05,0.00,736.40,73.64
66974ba3-f22f-48e6-bfa2-e9b549908465,1c0e8b68-9591-4464-a7f3-c67077903d82,ec4396bb-df34-4008-b3a1-8df59548d90b,Hammock,6,46.14,0.00,276.84,27.68
9bfeb747-9052-4e8b-9245-097a96f1600b,1c0e8b68-9591-4464-a7f3-c67077903d82,8cbbcfea-3fb3-4b97-b7ec-34856562714c,Hiking Boots - Women's,6,166.42,0.00,998.52,99.85
ada0e6ae-29cb-4d0b-8221-1e620e7113b9,1c0e8b68-9591-4464-a7f3-c67077903d82,3f330271-554e-45b0-a931-2e035437be0f,Camping Table,3,69.41,5.00,197.82,19.78
af68772d-8eca-455d-90e6-cd2f7809297e,1c0e8b68-9591-4464-a7f3-c67077903d82,5efadb73-4149-4fee-9142-11bc5c3aae7a,Compass - Professional,10,38.31,20.00,306.48,30.65
c179e740-d0c5-480c-ad60-6c6d26675141,1c0e8b68-9591-4464-a7f3-c67077903d82,11eb3581-838f-45b7-bb2a-b9c485585632,Hiking Backpack 40L,3,111.84,0.00,335.52,33.55
5d3bf849-8a33-47cb-a8e0-1ed929b6e9b7,e7d6dbff-6211-4942-b312-cc6b1aa21317,02232172-9b28-4bc5-9a70-c230b5281f0b,Hiking Boots - Men's,1,153.69,0.00,153.69,15.37
cf2f2345-dae1-4c27-ad21-8b6476998a0b,e7d6dbff-6211-4942-b312-cc6b1aa21317,11eb3581-838f-45b7-bb2a-b9c485585632,Hiking Backpack 40L,10,111.84,0.00,1118.40,111.84
65d2a1b7-a60c-449d-bc6c-252503a37cd1,e7d6dbff-6211-4942-b312-cc6b1aa21317,ec4396bb-df34-4008-b3a1-8df59548d90b,Hammock,2,46.14,0.00,92.28,9.23
667f8d85-6122-4935-a46e-cb531c83fe56,e7d6dbff-6211-4942-b312-cc6b1aa21317,838f226e-dd6f-486a-ac01-d579e40dbb14,Sunscreen SPF50+,4,15.04,0.00,60.16,6.02
98976159-88ba-4a23-ae96-112f5e26523d,e7d6dbff-6211-4942-b312-cc6b1aa21317,e2c0cd62-99f2-468e-aa5e-9dbe44e619b2,Head Torch LED,3,29.88,0.00,89.64,8.96
badda9dd-8964-4ed5-8447-cb37173b2b5b,3b4d57a0-7cdf-468c-9943-a44c20d9d721,e2c0cd62-99f2-468e-aa5e-9dbe44e619b2,Head Torch LED,6,29.88,0.00,179.28,17.93
9a67f826-7a1f-46bb-bfec-2943e6075795,3b4d57a0-7cdf-468c-9943-a44c20d9d721,ccda4206-2a1f-45bc-b24d-c1ed3c349fc6,Waterproof Jacket,3,99.32,0.00,297.96,29.80
df13fec2-2400-4895-83ac-3e2e48f79aaf,3b4d57a0-7cdf-468c-9943-a44c20d9d721,3a274fe9-e93d-4cfd-8eb2-f97751e43367,Dry Bag 20L,8,25.12,0.00,200.96,20.10
2e28c929-1371-4c59-baac-319a270a0474,3b4d57a0-7cdf-468c-9943-a44c20d9d721,02232172-9b28-4bc5-9a70-c230b5281f0b,Hiking Boots - Men's,6,153.69,0.00,922.14,92.21
b03609ad-55e5-4600-a517-1fe22a3b0802,cee1cb69-3b92-4fef-9cc9-c766bc137620,72f14575-a2a4-4b1b-a259-b8926c672424,Fleece Pullover,5,54.95,0.00,274.75,27.48
a61a1705-77a8-4117-ab16-10bf3c1f0fe2,cee1cb69-3b92-4fef-9cc9-c766bc137620,458ebebb-1262-4530-b0a9-ad1b679b6667,Sleeping Bag - Premium,9,173.13,0.00,1558.17,155.82
7bf6d396-bef9-41ba-9984-bbcaac0a7874,deb3dbd1-add7-414d-b90c-d9d054064713,72f14575-a2a4-4b1b-a259-b8926c672424,Fleece Pullover,3,54.95,0.00,164.85,16.49
d699d053-ac61-4f6f-9a83-42ea7b5a24dc,5711a00e-0c86-4cdd-b407-c1591afacd85,b9ae3e12-d4f1-4d77-8c96-1e7466d60cdf,Camping Tent 2-Person,8,171.87,0.00,1374.96,137.50
846e9b74-f36d-441f-a235-7fd31d57e037,5711a00e-0c86-4cdd-b407-c1591afacd85,25a56c2a-d003-4be9-92eb-a017a976140a,Hiking Backpack 65L,9,149.62,0.00,1346.58,134.66
2491371b-512c-4d6a-8030-cf15674b36c7,5711a00e-0c86-4cdd-b407-c1591afacd85,e2c0cd62-99f2-468e-aa5e-9dbe44e619b2,Head Torch LED,8,29.88,20.00,191.23,19.12
d1d7f895-9a12-4f6d-b0af-f90f33baeb33,5711a00e-0c86-4cdd-b407-c1591afacd85,8cbbcfea-3fb3-4b97-b7ec-34856562714c,Hiking Boots - Women's,8,166.42,0.00,1331.36,133.14
dca95bca-bfd5-4501-8fdc-7c2e8b051ba2,5711a00e-0c86-4cdd-b407-c1591afacd85,14e64280-bd03-48c5-a021-4bb29426c007,Gas Stove - Portable,7,57.01,0.00,399.07,39.91
520a791b-db88-49fa-a4b2-1db86114599e,5711a00e-0c86-4cdd-b407-c1591afacd85,b05fe347-f0dc-48dc-8a47-eceb4e9ca472,Water Bottle 1L,9,20.22,5.00,172.88,17.29
f9b2f73e-1b97-44a4-8b4d-ad07fb70c418,5711a00e-0c86-4cdd-b407-c1591afacd85,72f14575-a2a4-4b1b-a259-b8926c672424,Fleece Pullover,8,54.95,0.00,439.60,43.96
04dc9792-abdf-4afc-b4a4-3eb6ee59a843,5711a00e-0c86-4cdd-b407-c1591afacd85,48d49bf7-960a-4044-99ed-dc299470a464,Sleeping Bag - Standard,2,81.51,0.00,163.02,16.30
7aa0a9ae-21b3-4808-ab0e-92651e866d14,0694c0cc-42c5-45f0-aa33-9a14fef01044,ab67eed1-8719-4cb2-be77-c5e083a57a2f,Cooler Box 40L,5,92.05,15.00,391.21,39.12
9875060c-bf4c-4c64-9497-f90a6528fafc,0694c0cc-42c5-45f0-aa33-9a14fef01044,3f330271-554e-45b0-a931-2e035437be0f,Camping Table,2,69.41,0.00,138.82,13.88
36ed6698-242c-4a36-8561-b8147220ab91,1bccf8ed-4fb2-47a7-933b-4ffa337d8a77,ccda4206-2a1f-45bc-b24d-c1ed3c349fc6,Waterproof Jacket,10,99.32,10.00,893.88,89.39
a8b66b4a-fba2-44a4-b673-8922aa03b961,1bccf8ed-4fb2-47a7-933b-4ffa337d8a77,ac3446f6-9e63-4076-89cd-f1c89675a42b,Trekking Poles - Pair,10,65.78,0.00,657.80,65.78
3d252f67-848d-4800-adcb-8c9d01c5ce3c,1bccf8ed-4fb2-47a7-933b-4ffa337d8a77,838f226e-dd6f-486a-ac01-d579e40dbb14,Sunscreen SPF50+,1,15.04,0.00,15.04,1.50
ceb3d678-3a36-4a59-8e83-12a48614e7a8,7809b16f-8ecc-44ad-8228-99f547841824,3f330271-554e-45b0-a931-2e035437be0f,Camping Table,10,69.41,0.00,694.10,69.41
6edbaeb5-8154-48fd-a54b-680f2e4a31dd,7809b16f-8ecc-44ad-8228-99f547841824,3beae68d-3060-4daa-8c3f-101e450ce2bd,First Aid Kit,5,33.41,0.00,167.05,16.71
cb8c1694-9351-4e8a-b308-f9c5cee9292c,7809b16f-8ecc-44ad-8228-99f547841824,ec4396bb-df34-4008-b3a1-8df59548d90b,Hammock,6,46.14,0.00,276.84,27.68
50ede143-943b-4234-8c2e-b31b047a9a37,7809b16f-8ecc-44ad-8228-99f547841824,3a274fe9-e93d-4cfd-8eb2-f97751e43367,Dry Bag 20L,1,25.12,0.00,25.12,2.51
abc2e350-d336-4d20-9494-a539e724fd88,7809b16f-8ecc-44ad-8228-99f547841824,11eb3581-838f-45b7-bb2a-b9c485585632,Hiking Backpack 40L,8,111.84,0.00,894.72,89.47
ea5dc9d3-9ae6-45e9-90d9-87a9889d3f40,7809b16f-8ecc-44ad-8228-99f547841824,25a56c2a-d003-4be9-92eb-a017a976140a,Hiking Backpack 65L,7,149.62,0.00,1047.34,104.73
a3e4f57f-2b63-4547-af6d-808785262dde,7809b16f-8ecc-44ad-8228-99f547841824,5efadb73-4149-4fee-9142-11bc5c3aae7a,Compass - Professional,10,38.31,0.00,383.10,38.31
0a2a0ba4-1d4f-42e9-b61b-b3f7cf4f2fd1,7809b16f-8ecc-44ad-8228-99f547841824,838f226e-dd6f-486a-ac01-d579e40dbb14,Sunscreen SPF50+,6,15.04,20.00,72.19,7.22
0a6c0f6a-dad2-4a34-9ef7-d7f10ae3048c,c93c25c1-962c-44ac-8ec1-d55e84f9d7b3,48d49bf7-960a-4044-99ed-dc299470a464,Sleeping Bag - Standard,7,81.51,0.00,570.57,57.06
7f69dd69-e9bb-48e0-a7fa-48eb0032b3b7,c93c25c1-962c-44ac-8ec1-d55e84f9d7b3,3541c0c2-9298-46bb-af9c-9c7e99c57a6b,Gas Canister 220g,4,8.63,20.00,27.62,2.76
fc27c20e-1518-419e-b550-7aa6a7c2da47,dd1e4a44-6333-47ee-9bdd-b9ab298fced7,0174809a-be6f-49c0-a566-868ed281c4af,Camping Tent 4-Person,8,314.42,0.00,2515.36,251.54
2d5afa68-720a-4767-9042-deea7e3607dc,dd1e4a44-6333-47ee-9bdd-b9ab298fced7,cb181b90-6f4d-4ed9-9c25-6e9becdb2683,Insect Repellent,1,13.05,0.00,13.05,1.31
b83596e1-7ed7-49f7-91e2-057f3ccc052c,dd1e4a44-6333-47ee-9bdd-b9ab298fced7,48d49bf7-960a-4044-99ed-dc299470a464,Sleeping Bag - Standard,6,81.51,0.00,489.06,48.91
ea2b915d-47c5-4e65-a21a-465e989d57f3,dd1e4a44-6333-47ee-9bdd-b9ab298fced7,3a274fe9-e93d-4cfd-8eb2-f97751e43367,Dry Bag 20L,9,25.12,0.00,226.08,22.61
fe2a76a9-32c5-487c-9ac0-ff5ac6fdcc5c,dd1e4a44-6333-47ee-9bdd-b9ab298fced7,ec4396bb-df34-4008-b3a1-8df59548d90b,Hammock,7,46.14,0.00,322.98,32.30
d8d0d26b-c671-4a42-8247-90ef1352f263,dd1e4a44-6333-47ee-9bdd-b9ab298fced7,14e64280-bd03-48c5-a021-4bb29426c007,Gas Stove - Portable,2,57.01,20.00,91.22,9.12
1f20fc98-604c-4402-abd3-16912a11656c,04fe9cdb-8707-4a65-a83d-a947481c31a9,458ebebb-1262-4530-b0a9-ad1b679b6667,Sleeping Bag - Premium,2,173.13,0.00,346.26,34.63
7c7edb55-b962-4623-bde8-16cbf3a7143f,04fe9cdb-8707-4a65-a83d-a947481c31a9,ab67eed1-8719-4cb2-be77-c5e083a57a2f,Cooler Box 40L,6,92.05,0.00,552.30,55.23
ce8594d1-a85a-43fb-a841-78250753436b,04fe9cdb-8707-4a65-a83d-a947481c31a9,48d49bf7-960a-4044-99ed-dc299470a464,Sleeping Bag - Standard,2,81.51,0.00,163.02,16.30
a6a2f576-4ad1-4566-940e-4e280e00a3d7,04fe9cdb-8707-4a65-a83d-a947481c31a9,b9ae3e12-d4f1-4d77-8c96-1e7466d60cdf,Camping Tent 2-Person,3,171.87,0.00,515.61,51.56
c632a2d5-6166-4e1c-8125-80a2db6403a5,04fe9cdb-8707-4a65-a83d-a947481c31a9,0174809a-be6f-49c0-a566-868ed281c4af,Camping Tent 4-Person,10,314.42,0.00,3144.20,314.42
b1c20229-8745-4af4-b550-a9154be66261,04fe9cdb-8707-4a65-a83d-a947481c31a9,e2c0cd62-99f2-468e-aa5e-9dbe44e619b2,Head Torch LED,9,29.88,0.00,268.92,26.89
827450f4-ec73-4d6e-95d0-1febca264dff,04fe9cdb-8707-4a65-a83d-a947481c31a9,8cbbcfea-3fb3-4b97-b7ec-34856562714c,Hiking Boots - Women's,2,166.42,0.00,332.84,33.28
3ebd2503-79e4-49c4-b701-b3b3c4436cde,8f107599-0a7e-40dc-b2f4-a69c9186acdb,ec4396bb-df34-4008-b3a1-8df59548d90b,Hammock,9,46.14,0.00,415.26,41.53
ff5bcc39-f31f-462e-830e-e646696915b7,8f107599-0a7e-40dc-b2f4-a69c9186acdb,458ebebb-1262-4530-b0a9-ad1b679b6667,Sleeping Bag - Premium,10,173.13,0.00,1731.30,173.13
6cd74a9f-dca8-4b32-9ee7-17577d505c58,8f107599-0a7e-40dc-b2f4-a69c9186acdb,25a56c2a-d003-4be9-92eb-a017a976140a,Hiking Backpack 65L,1,149.62,5.00,142.14,14.21
02f603fc-4b37-4523-8a52-581339b2b3c3,5339f69a-6c32-4fae-8c76-227beeac0c0e,02232172-9b28-4bc5-9a70-c230b5281f0b,Hiking Boots - Men's,6,153.69,0.00,922.14,92.21
5f35cf0a-79bf-4cf5-bdb5-c2032111be92,5339f69a-6c32-4fae-8c76-227beeac0c0e,ccda4206-2a1f-45bc-b24d-c1ed3c349fc6,Waterproof Jacket,5,99.32,0.00,496.60,49.66
e52a0a06-2140-405c-945b-643076e95aae,5339f69a-6c32-4fae-8c76-227beeac0c0e,b9ae3e12-d4f1-4d77-8c96-1e7466d60cdf,Camping Tent 2-Person,6,171.87,0.00,1031.22,103.12
4a3566c0-5d5d-4aa9-b0f3-ac000abb4a9c,5339f69a-6c32-4fae-8c76-227beeac0c0e,3f330271-554e-45b0-a931-2e035437be0f,Camping Table,4,69.41,0.00,277.64,27.76
05631e3c-8faf-4bdb-b669-2d98b091e997,f2ac9a7b-cee5-4687-965b-2b1c58ca8732,ba1f94d1-03c9-4dd4-a89f-f65c98a179c5,Camping Chair - Foldable,1,46.33,0.00,46.33,4.63
51148c5c-ec10-48f4-adc4-a0ef48da485b,f2ac9a7b-cee5-4687-965b-2b1c58ca8732,ccda4206-2a1f-45bc-b24d-c1ed3c349fc6,Waterproof Jacket,4,99.32,0.00,397.28,39.73
5bdf030c-4256-411e-a1cc-f9feae69a679,f2ac9a7b-cee5-4687-965b-2b1c58ca8732,14e64280-bd03-48c5-a021-4bb29426c007,Gas Stove - Portable,6,57.01,5.00,324.96,32.50
ed2784e5-40af-4622-aa20-ecb40f1de9ec,f2ac9a7b-cee5-4687-965b-2b1c58ca8732,ac3446f6-9e63-4076-89cd-f1c89675a42b,Trekking Poles - Pair,3,65.78,0.00,197.34,19.73
49449288-eb6a-48ec-b78b-c13194f17b6c,f2ac9a7b-cee5-4687-965b-2b1c58ca8732,02232172-9b28-4bc5-9a70-c230b5281f0b,Hiking Boots - Men's,3,153.69,0.00,461.07,46.11
79c90f35-56c9-4241-ae64-4591a23b33ed,f2ac9a7b-cee5-4687-965b-2b1c58ca8732,3541c0c2-9298-46bb-af9c-9c7e99c57a6b,Gas Canister 220g,10,8.63,0.00,86.30,8.63
1f44cac3-185d-44f4-b098-cb4f5198cbbf,f2ac9a7b-cee5-4687-965b-2b1c58ca8732,72f14575-a2a4-4b1b-a259-b8926c672424,Fleece Pullover,8,54.95,0.00,439.60,43.96
